raw_row_number,attendance_id,column,error_type,expected_action
1,ATT008300,presenting_complaint,inconsistent_text_format,"fix (trim spaces, standardise case)"
3,ATT003520,disposition,inconsistent_text_format,"fix (trim spaces, standardise case)"
4,ATT007712,disposition,inconsistent_text_format,"fix (trim spaces, standardise case)"
6,ATT001967,presenting_complaint,inconsistent_text_format,"fix (trim spaces, standardise case)"
10,ATT004725,gp_practice_code,malformed_gp_code,set to NULL and flag
12,ATT012216,departure_time,departure_before_arrival,reject
14,ATT010120,presenting_complaint,inconsistent_text_format,"fix (trim spaces, standardise case)"
16,ATT019369,disposition,inconsistent_text_format,"fix (trim spaces, standardise case)"
16,ATT019369,gp_practice_code,missing_gp_code,set to NULL and flag
17,ATT001273,"arrival_time, departure_time",mixed_date_format,fix (parse into one timestamp format)
23,ATT006020,"arrival_time, departure_time",mixed_date_format,fix (parse into one timestamp format)
24,ATT005993,"arrival_time, departure_time",mixed_date_format,fix (parse into one timestamp format)
34,ATT017817,gp_practice_code,gp_code_lowercase,fix (upper-case)
39,ATT008929,presenting_complaint,inconsistent_text_format,"fix (trim spaces, standardise case)"
41,ATT019864,presenting_complaint,inconsistent_text_format,"fix (trim spaces, standardise case)"
42,ATT011710,"arrival_time, departure_time",mixed_date_format,fix (parse into one timestamp format)
43,ATT011942,disposition,inconsistent_text_format,"fix (trim spaces, standardise case)"
45,ATT007976,disposition,inconsistent_text_format,"fix (trim spaces, standardise case)"
48,ATT009211,"arrival_time, departure_time",mixed_date_format,fix (parse into one timestamp format)
51,ATT000209,presenting_complaint,inconsistent_text_format,"fix (trim spaces, standardise case)"
51,ATT000209,"arrival_time, departure_time",mixed_date_format,fix (parse into one timestamp format)
53,ATT018688,departure_time,departure_before_arrival,reject
54,ATT008353,presenting_complaint,inconsistent_text_format,"fix (trim spaces, standardise case)"
54,ATT008353,"arrival_time, departure_time",mixed_date_format,fix (parse into one timestamp format)
55,ATT009774,gp_practice_code,malformed_gp_code,set to NULL and flag
56,ATT013746,departure_time,missing_departure_time,reject
56,ATT013746,"arrival_time, departure_time",mixed_date_format,fix (parse into one timestamp format)
58,ATT006686,arrival_time,missing_arrival_time,reject
66,ATT015567,presenting_complaint,missing_presenting_complaint,fill with 'Unknown'
66,ATT015567,"arrival_time, departure_time",mixed_date_format,fix (parse into one timestamp format)
67,ATT006915,disposition,inconsistent_text_format,"fix (trim spaces, standardise case)"
68,ATT002113,"arrival_time, departure_time",mixed_date_format,fix (parse into one timestamp format)
70,ATT013556,disposition,inconsistent_text_format,"fix (trim spaces, standardise case)"
70,ATT013556,gp_practice_code,missing_gp_code,set to NULL and flag
71,ATT019266,gp_practice_code,missing_gp_code,set to NULL and flag
71,ATT019266,"arrival_time, departure_time",mixed_date_format,fix (parse into one timestamp format)
73,ATT015570,disposition,inconsistent_text_format,"fix (trim spaces, standardise case)"
79,ATT005648,"arrival_time, departure_time",mixed_date_format,fix (parse into one timestamp format)
82,ATT009154,"arrival_time, departure_time",mixed_date_format,fix (parse into one timestamp format)
85,ATT019270,"arrival_time, departure_time",mixed_date_format,fix (parse into one timestamp format)
87,ATT002880,presenting_complaint,inconsistent_text_format,"fix (trim spaces, standardise case)"
90,ATT010357,disposition,inconsistent_text_format,"fix (trim spaces, standardise case)"
90,ATT010357,"arrival_time, departure_time",mixed_date_format,fix (parse into one timestamp format)
93,ATT007835,"arrival_time, departure_time",mixed_date_format,fix (parse into one timestamp format)
100,ATT002894,"arrival_time, departure_time",mixed_date_format,fix (parse into one timestamp format)
101,ATT006825,disposition,inconsistent_text_format,"fix (trim spaces, standardise case)"
103,ATT012478,presenting_complaint,inconsistent_text_format,"fix (trim spaces, standardise case)"
103,ATT012478,gp_practice_code,malformed_gp_code,set to NULL and flag
104,ATT015048,presenting_complaint,missing_presenting_complaint,fill with 'Unknown'
104,ATT015048,"arrival_time, departure_time",mixed_date_format,fix (parse into one timestamp format)
106,ATT000961,presenting_complaint,inconsistent_text_format,"fix (trim spaces, standardise case)"
110,ATT019681,presenting_complaint,missing_presenting_complaint,fill with 'Unknown'
118,ATT017498,presenting_complaint,inconsistent_text_format,"fix (trim spaces, standardise case)"
118,ATT017498,disposition,inconsistent_text_format,"fix (trim spaces, standardise case)"
120,ATT015905,gp_practice_code,missing_gp_code,set to NULL and flag
126,ATT015802,presenting_complaint,inconsistent_text_format,"fix (trim spaces, standardise case)"
126,ATT015802,"arrival_time, departure_time",mixed_date_format,fix (parse into one timestamp format)
127,ATT019816,departure_time,departure_before_arrival,reject
128,ATT019053,presenting_complaint,inconsistent_text_format,"fix (trim spaces, standardise case)"
136,ATT009943,departure_time,departure_before_arrival,reject
141,ATT014849,"arrival_time, departure_time",mixed_date_format,fix (parse into one timestamp format)
150,ATT006422,presenting_complaint,inconsistent_text_format,"fix (trim spaces, standardise case)"
153,ATT005837,presenting_complaint,inconsistent_text_format,"fix (trim spaces, standardise case)"
153,ATT005837,"arrival_time, departure_time",mixed_date_format,fix (parse into one timestamp format)
154,ATT018294,gp_practice_code,malformed_gp_code,set to NULL and flag
157,ATT007176,"arrival_time, departure_time",mixed_date_format,fix (parse into one timestamp format)
162,ATT017600,presenting_complaint,inconsistent_text_format,"fix (trim spaces, standardise case)"
164,ATT013915,"arrival_time, departure_time",mixed_date_format,fix (parse into one timestamp format)
164,ATT013915,triage_category,triage_decimal_format,fix (3.0 -> 3)
165,ATT004230,presenting_complaint,inconsistent_text_format,"fix (trim spaces, standardise case)"
166,ATT001806,"arrival_time, departure_time",mixed_date_format,fix (parse into one timestamp format)
170,ATT014064,disposition,inconsistent_text_format,"fix (trim spaces, standardise case)"
171,ATT014601,presenting_complaint,inconsistent_text_format,"fix (trim spaces, standardise case)"
178,ATT000929,disposition,inconsistent_text_format,"fix (trim spaces, standardise case)"
180,ATT013024,triage_category,invalid_triage_code,reject
181,ATT002178,disposition,inconsistent_text_format,"fix (trim spaces, standardise case)"
183,ATT018655,"arrival_time, departure_time",mixed_date_format,fix (parse into one timestamp format)
185,ATT011737,"arrival_time, departure_time",mixed_date_format,fix (parse into one timestamp format)
187,ATT009768,"arrival_time, departure_time",mixed_date_format,fix (parse into one timestamp format)
188,ATT017803,disposition,inconsistent_text_format,"fix (trim spaces, standardise case)"
190,ATT017179,"arrival_time, departure_time",mixed_date_format,fix (parse into one timestamp format)
193,ATT014185,disposition,inconsistent_text_format,"fix (trim spaces, standardise case)"
194,ATT008766,presenting_complaint,missing_presenting_complaint,fill with 'Unknown'
197,ATT011711,"arrival_time, departure_time",mixed_date_format,fix (parse into one timestamp format)
198,ATT002248,presenting_complaint,inconsistent_text_format,"fix (trim spaces, standardise case)"
199,ATT010497,"arrival_time, departure_time",mixed_date_format,fix (parse into one timestamp format)
201,ATT007999,presenting_complaint,missing_presenting_complaint,fill with 'Unknown'
203,ATT010105,"arrival_time, departure_time",mixed_date_format,fix (parse into one timestamp format)
204,ATT009394,"arrival_time, departure_time",mixed_date_format,fix (parse into one timestamp format)
207,ATT011038,"arrival_time, departure_time",mixed_date_format,fix (parse into one timestamp format)
211,ATT006240,disposition,missing_disposition,fill with 'Unknown'
212,ATT016874,presenting_complaint,inconsistent_text_format,"fix (trim spaces, standardise case)"
212,ATT016874,departure_time,missing_departure_time,reject
214,ATT017094,presenting_complaint,inconsistent_text_format,"fix (trim spaces, standardise case)"
217,ATT004352,"arrival_time, departure_time",mixed_date_format,fix (parse into one timestamp format)
218,ATT006869,arrival_time,missing_arrival_time,reject
222,ATT003231,disposition,inconsistent_text_format,"fix (trim spaces, standardise case)"
223,ATT004573,triage_category,invalid_triage_code,reject
227,ATT013015,disposition,inconsistent_text_format,"fix (trim spaces, standardise case)"
227,ATT013015,pseudo_patient_id,missing_patient_id,reject
229,ATT010335,presenting_complaint,missing_presenting_complaint,fill with 'Unknown'
230,ATT015684,departure_time,departure_before_arrival,reject
230,ATT015684,"arrival_time, departure_time",mixed_date_format,fix (parse into one timestamp format)
232,ATT000035,"arrival_time, departure_time",mixed_date_format,fix (parse into one timestamp format)
233,ATT007667,"arrival_time, departure_time",mixed_date_format,fix (parse into one timestamp format)
234,ATT013665,pseudo_patient_id,missing_patient_id,reject
235,ATT018011,"arrival_time, departure_time",mixed_date_format,fix (parse into one timestamp format)
238,ATT003170,"arrival_time, departure_time",mixed_date_format,fix (parse into one timestamp format)
239,ATT016313,presenting_complaint,inconsistent_text_format,"fix (trim spaces, standardise case)"
241,ATT006144,triage_category,invalid_triage_code,reject
243,ATT003335,disposition,inconsistent_text_format,"fix (trim spaces, standardise case)"
249,ATT004578,departure_time,missing_departure_time,reject
251,ATT016954,presenting_complaint,missing_presenting_complaint,fill with 'Unknown'
252,ATT010408,"arrival_time, departure_time",mixed_date_format,fix (parse into one timestamp format)
253,ATT013409,disposition,inconsistent_text_format,"fix (trim spaces, standardise case)"
256,ATT013497,presenting_complaint,inconsistent_text_format,"fix (trim spaces, standardise case)"
258,ATT005889,gp_practice_code,malformed_gp_code,set to NULL and flag
262,ATT007186,disposition,inconsistent_text_format,"fix (trim spaces, standardise case)"
263,ATT019405,pseudo_patient_id,missing_patient_id,reject
267,ATT000219,presenting_complaint,inconsistent_text_format,"fix (trim spaces, standardise case)"
268,ATT018062,presenting_complaint,missing_presenting_complaint,fill with 'Unknown'
269,ATT016722,gp_practice_code,gp_code_lowercase,fix (upper-case)
271,ATT004752,presenting_complaint,inconsistent_text_format,"fix (trim spaces, standardise case)"
272,ATT017029,presenting_complaint,missing_presenting_complaint,fill with 'Unknown'
276,ATT017322,"arrival_time, departure_time",mixed_date_format,fix (parse into one timestamp format)
277,ATT007177,presenting_complaint,missing_presenting_complaint,fill with 'Unknown'
281,ATT019194,presenting_complaint,inconsistent_text_format,"fix (trim spaces, standardise case)"
286,ATT016747,gp_practice_code,malformed_gp_code,set to NULL and flag
289,ATT015919,disposition,inconsistent_text_format,"fix (trim spaces, standardise case)"
291,ATT005223,gp_practice_code,malformed_gp_code,set to NULL and flag
299,ATT010116,gp_practice_code,missing_gp_code,set to NULL and flag
301,ATT014628,presenting_complaint,missing_presenting_complaint,fill with 'Unknown'
302,ATT009210,gp_practice_code,missing_gp_code,set to NULL and flag
306,ATT000439,presenting_complaint,inconsistent_text_format,"fix (trim spaces, standardise case)"
307,ATT010870,departure_time,extreme_length_of_stay,reject
307,ATT010870,presenting_complaint,inconsistent_text_format,"fix (trim spaces, standardise case)"
308,ATT002623,gp_practice_code,gp_code_lowercase,fix (upper-case)
310,ATT001203,"arrival_time, departure_time",mixed_date_format,fix (parse into one timestamp format)
313,ATT016886,departure_time,missing_departure_time,reject
313,ATT016886,"arrival_time, departure_time",mixed_date_format,fix (parse into one timestamp format)
314,ATT006384,disposition,inconsistent_text_format,"fix (trim spaces, standardise case)"
315,ATT009365,presenting_complaint,inconsistent_text_format,"fix (trim spaces, standardise case)"
316,ATT014014,"arrival_time, departure_time",mixed_date_format,fix (parse into one timestamp format)
319,ATT010791,disposition,inconsistent_text_format,"fix (trim spaces, standardise case)"
320,ATT005305,disposition,inconsistent_text_format,"fix (trim spaces, standardise case)"
320,ATT005305,gp_practice_code,missing_gp_code,set to NULL and flag
324,ATT011995,"arrival_time, departure_time",mixed_date_format,fix (parse into one timestamp format)
326,ATT018363,"arrival_time, departure_time",mixed_date_format,fix (parse into one timestamp format)
327,ATT012069,disposition,missing_disposition,fill with 'Unknown'
328,ATT006495,disposition,inconsistent_text_format,"fix (trim spaces, standardise case)"
333,ATT006062,presenting_complaint,missing_presenting_complaint,fill with 'Unknown'
335,ATT015799,departure_time,extreme_length_of_stay,reject
336,ATT008483,"arrival_time, departure_time",mixed_date_format,fix (parse into one timestamp format)
339,ATT007982,"arrival_time, departure_time",mixed_date_format,fix (parse into one timestamp format)
342,ATT011033,departure_time,missing_departure_time,reject
343,ATT016981,pseudo_patient_id,missing_patient_id,reject
343,ATT016981,"arrival_time, departure_time",mixed_date_format,fix (parse into one timestamp format)
344,ATT010889,"arrival_time, departure_time",mixed_date_format,fix (parse into one timestamp format)
345,ATT007450,disposition,inconsistent_text_format,"fix (trim spaces, standardise case)"
351,ATT002704,disposition,inconsistent_text_format,"fix (trim spaces, standardise case)"
351,ATT002704,"arrival_time, departure_time",mixed_date_format,fix (parse into one timestamp format)
354,ATT016132,presenting_complaint,inconsistent_text_format,"fix (trim spaces, standardise case)"
356,ATT000829,presenting_complaint,inconsistent_text_format,"fix (trim spaces, standardise case)"
356,ATT000829,disposition,inconsistent_text_format,"fix (trim spaces, standardise case)"
357,ATT010102,presenting_complaint,inconsistent_text_format,"fix (trim spaces, standardise case)"
358,ATT010390,"arrival_time, departure_time",mixed_date_format,fix (parse into one timestamp format)
360,ATT019653,disposition,inconsistent_text_format,"fix (trim spaces, standardise case)"
362,ATT007597,presenting_complaint,inconsistent_text_format,"fix (trim spaces, standardise case)"
368,ATT004848,presenting_complaint,inconsistent_text_format,"fix (trim spaces, standardise case)"
371,ATT005459,"arrival_time, departure_time",mixed_date_format,fix (parse into one timestamp format)
374,ATT019806,gp_practice_code,missing_gp_code,set to NULL and flag
376,ATT002208,"arrival_time, departure_time",mixed_date_format,fix (parse into one timestamp format)
380,ATT004936,"arrival_time, departure_time",mixed_date_format,fix (parse into one timestamp format)
385,ATT015334,presenting_complaint,inconsistent_text_format,"fix (trim spaces, standardise case)"
386,ATT013446,presenting_complaint,missing_presenting_complaint,fill with 'Unknown'
388,ATT004388,disposition,inconsistent_text_format,"fix (trim spaces, standardise case)"
395,ATT013149,presenting_complaint,inconsistent_text_format,"fix (trim spaces, standardise case)"
396,ATT000475,arrival_time,missing_arrival_time,reject
396,ATT000475,"arrival_time, departure_time",mixed_date_format,fix (parse into one timestamp format)
400,ATT004630,presenting_complaint,inconsistent_text_format,"fix (trim spaces, standardise case)"
402,ATT002421,presenting_complaint,inconsistent_text_format,"fix (trim spaces, standardise case)"
403,ATT013034,presenting_complaint,inconsistent_text_format,"fix (trim spaces, standardise case)"
404,ATT013087,"arrival_time, departure_time",mixed_date_format,fix (parse into one timestamp format)
407,ATT019265,disposition,inconsistent_text_format,"fix (trim spaces, standardise case)"
412,ATT014953,presenting_complaint,inconsistent_text_format,"fix (trim spaces, standardise case)"
425,ATT014000,"arrival_time, departure_time",mixed_date_format,fix (parse into one timestamp format)
426,ATT019704,gp_practice_code,gp_code_lowercase,fix (upper-case)
427,ATT016291,gp_practice_code,missing_gp_code,set to NULL and flag
428,ATT015679,"arrival_time, departure_time",mixed_date_format,fix (parse into one timestamp format)
431,ATT016962,triage_category,triage_decimal_format,fix (3.0 -> 3)
434,ATT013752,presenting_complaint,inconsistent_text_format,"fix (trim spaces, standardise case)"
436,ATT016842,disposition,inconsistent_text_format,"fix (trim spaces, standardise case)"
437,ATT010224,presenting_complaint,inconsistent_text_format,"fix (trim spaces, standardise case)"
440,ATT006070,presenting_complaint,inconsistent_text_format,"fix (trim spaces, standardise case)"
440,ATT006070,disposition,inconsistent_text_format,"fix (trim spaces, standardise case)"
443,ATT012825,"arrival_time, departure_time",mixed_date_format,fix (parse into one timestamp format)
444,ATT017835,presenting_complaint,missing_presenting_complaint,fill with 'Unknown'
445,ATT001535,"arrival_time, departure_time",mixed_date_format,fix (parse into one timestamp format)
448,ATT018371,presenting_complaint,inconsistent_text_format,"fix (trim spaces, standardise case)"
449,ATT017502,presenting_complaint,inconsistent_text_format,"fix (trim spaces, standardise case)"
451,ATT001403,presenting_complaint,inconsistent_text_format,"fix (trim spaces, standardise case)"
452,ATT008824,presenting_complaint,inconsistent_text_format,"fix (trim spaces, standardise case)"
459,ATT014419,disposition,inconsistent_text_format,"fix (trim spaces, standardise case)"
461,ATT016039,presenting_complaint,inconsistent_text_format,"fix (trim spaces, standardise case)"
462,ATT011154,gp_practice_code,malformed_gp_code,set to NULL and flag
463,ATT012549,presenting_complaint,missing_presenting_complaint,fill with 'Unknown'
463,ATT012549,"arrival_time, departure_time",mixed_date_format,fix (parse into one timestamp format)
464,ATT005024,disposition,missing_disposition,fill with 'Unknown'
465,ATT011608,"arrival_time, departure_time",mixed_date_format,fix (parse into one timestamp format)
467,ATT001298,"arrival_time, departure_time",mixed_date_format,fix (parse into one timestamp format)
468,ATT010980,presenting_complaint,missing_presenting_complaint,fill with 'Unknown'
468,ATT010980,"arrival_time, departure_time",mixed_date_format,fix (parse into one timestamp format)
471,ATT010647,disposition,inconsistent_text_format,"fix (trim spaces, standardise case)"
472,ATT008234,presenting_complaint,inconsistent_text_format,"fix (trim spaces, standardise case)"
473,ATT018180,presenting_complaint,missing_presenting_complaint,fill with 'Unknown'
474,ATT018373,"arrival_time, departure_time",mixed_date_format,fix (parse into one timestamp format)
475,ATT016756,presenting_complaint,inconsistent_text_format,"fix (trim spaces, standardise case)"
475,ATT016756,"arrival_time, departure_time",mixed_date_format,fix (parse into one timestamp format)
478,ATT015873,presenting_complaint,missing_presenting_complaint,fill with 'Unknown'
479,ATT007338,"arrival_time, departure_time",mixed_date_format,fix (parse into one timestamp format)
480,ATT004557,disposition,inconsistent_text_format,"fix (trim spaces, standardise case)"
480,ATT004557,gp_practice_code,missing_gp_code,set to NULL and flag
480,ATT004557,"arrival_time, departure_time",mixed_date_format,fix (parse into one timestamp format)
481,ATT005790,"arrival_time, departure_time",mixed_date_format,fix (parse into one timestamp format)
484,ATT006452,triage_category,invalid_triage_code,reject
485,ATT004473,presenting_complaint,inconsistent_text_format,"fix (trim spaces, standardise case)"
485,ATT004473,disposition,inconsistent_text_format,"fix (trim spaces, standardise case)"
485,ATT004473,"arrival_time, departure_time",mixed_date_format,fix (parse into one timestamp format)
487,ATT007914,presenting_complaint,inconsistent_text_format,"fix (trim spaces, standardise case)"
487,ATT007914,"arrival_time, departure_time",mixed_date_format,fix (parse into one timestamp format)
488,ATT006910,presenting_complaint,inconsistent_text_format,"fix (trim spaces, standardise case)"
490,ATT014873,disposition,inconsistent_text_format,"fix (trim spaces, standardise case)"
490,ATT014873,triage_category,invalid_triage_code,reject
490,ATT014873,"arrival_time, departure_time",mixed_date_format,fix (parse into one timestamp format)
492,ATT012048,"arrival_time, departure_time",mixed_date_format,fix (parse into one timestamp format)
494,ATT012351,disposition,inconsistent_text_format,"fix (trim spaces, standardise case)"
500,ATT006704,presenting_complaint,inconsistent_text_format,"fix (trim spaces, standardise case)"
501,ATT001494,gp_practice_code,missing_gp_code,set to NULL and flag
503,ATT002190,"arrival_time, departure_time",mixed_date_format,fix (parse into one timestamp format)
506,ATT004981,presenting_complaint,inconsistent_text_format,"fix (trim spaces, standardise case)"
509,ATT013103,"arrival_time, departure_time",mixed_date_format,fix (parse into one timestamp format)
513,ATT016514,presenting_complaint,inconsistent_text_format,"fix (trim spaces, standardise case)"
517,ATT005273,disposition,missing_disposition,fill with 'Unknown'
517,ATT005273,"arrival_time, departure_time",mixed_date_format,fix (parse into one timestamp format)
518,ATT011276,presenting_complaint,inconsistent_text_format,"fix (trim spaces, standardise case)"
520,ATT002091,"arrival_time, departure_time",mixed_date_format,fix (parse into one timestamp format)
522,ATT010070,presenting_complaint,inconsistent_text_format,"fix (trim spaces, standardise case)"
523,ATT015605,"arrival_time, departure_time",mixed_date_format,fix (parse into one timestamp format)
525,ATT005228,disposition,inconsistent_text_format,"fix (trim spaces, standardise case)"
529,ATT006024,disposition,inconsistent_text_format,"fix (trim spaces, standardise case)"
529,ATT006024,gp_practice_code,missing_gp_code,set to NULL and flag
530,ATT015158,triage_category,invalid_triage_code,reject
531,ATT002154,gp_practice_code,missing_gp_code,set to NULL and flag
531,ATT002154,"arrival_time, departure_time",mixed_date_format,fix (parse into one timestamp format)
534,ATT013913,presenting_complaint,missing_presenting_complaint,fill with 'Unknown'
536,ATT018405,disposition,inconsistent_text_format,"fix (trim spaces, standardise case)"
544,ATT009163,presenting_complaint,inconsistent_text_format,"fix (trim spaces, standardise case)"
545,ATT012075,"arrival_time, departure_time",mixed_date_format,fix (parse into one timestamp format)
552,ATT005602,"arrival_time, departure_time",mixed_date_format,fix (parse into one timestamp format)
554,ATT013237,disposition,inconsistent_text_format,"fix (trim spaces, standardise case)"
554,ATT013237,pseudo_patient_id,missing_patient_id,reject
554,ATT013237,"arrival_time, departure_time",mixed_date_format,fix (parse into one timestamp format)
555,ATT009594,arrival_time,future_dated_attendance,reject
556,ATT009913,"arrival_time, departure_time",mixed_date_format,fix (parse into one timestamp format)
557,ATT001444,disposition,inconsistent_text_format,"fix (trim spaces, standardise case)"
557,ATT001444,"arrival_time, departure_time",mixed_date_format,fix (parse into one timestamp format)
558,ATT016671,disposition,inconsistent_text_format,"fix (trim spaces, standardise case)"
560,ATT003459,triage_category,triage_decimal_format,fix (3.0 -> 3)
563,ATT004679,disposition,inconsistent_text_format,"fix (trim spaces, standardise case)"
563,ATT004679,"arrival_time, departure_time",mixed_date_format,fix (parse into one timestamp format)
566,ATT002406,presenting_complaint,inconsistent_text_format,"fix (trim spaces, standardise case)"
567,ATT011052,"arrival_time, departure_time",mixed_date_format,fix (parse into one timestamp format)
571,ATT009023,departure_time,departure_before_arrival,reject
571,ATT009023,disposition,inconsistent_text_format,"fix (trim spaces, standardise case)"
572,ATT004526,presenting_complaint,inconsistent_text_format,"fix (trim spaces, standardise case)"
572,ATT004526,disposition,inconsistent_text_format,"fix (trim spaces, standardise case)"
573,ATT005501,arrival_time,missing_arrival_time,reject
577,ATT011974,disposition,missing_disposition,fill with 'Unknown'
578,ATT006516,"arrival_time, departure_time",mixed_date_format,fix (parse into one timestamp format)
580,ATT012851,disposition,inconsistent_text_format,"fix (trim spaces, standardise case)"
581,ATT007802,"arrival_time, departure_time",mixed_date_format,fix (parse into one timestamp format)
582,ATT013379,"arrival_time, departure_time",mixed_date_format,fix (parse into one timestamp format)
588,ATT000448,"arrival_time, departure_time",mixed_date_format,fix (parse into one timestamp format)
589,ATT002335,"arrival_time, departure_time",mixed_date_format,fix (parse into one timestamp format)
590,ATT018789,departure_time,missing_departure_time,reject
590,ATT018789,"arrival_time, departure_time",mixed_date_format,fix (parse into one timestamp format)
591,ATT017763,"arrival_time, departure_time",mixed_date_format,fix (parse into one timestamp format)
592,ATT003101,"arrival_time, departure_time",mixed_date_format,fix (parse into one timestamp format)
597,ATT008104,presenting_complaint,missing_presenting_complaint,fill with 'Unknown'
601,ATT011882,disposition,inconsistent_text_format,"fix (trim spaces, standardise case)"
603,ATT004901,presenting_complaint,inconsistent_text_format,"fix (trim spaces, standardise case)"
604,ATT010591,disposition,inconsistent_text_format,"fix (trim spaces, standardise case)"
605,ATT009568,presenting_complaint,inconsistent_text_format,"fix (trim spaces, standardise case)"
608,ATT006229,presenting_complaint,inconsistent_text_format,"fix (trim spaces, standardise case)"
610,ATT009007,"arrival_time, departure_time",mixed_date_format,fix (parse into one timestamp format)
611,ATT015910,presenting_complaint,inconsistent_text_format,"fix (trim spaces, standardise case)"
613,ATT003572,"arrival_time, departure_time",mixed_date_format,fix (parse into one timestamp format)
615,ATT003699,presenting_complaint,inconsistent_text_format,"fix (trim spaces, standardise case)"
615,ATT003699,"arrival_time, departure_time",mixed_date_format,fix (parse into one timestamp format)
620,ATT003980,departure_time,missing_departure_time,reject
620,ATT003980,"arrival_time, departure_time",mixed_date_format,fix (parse into one timestamp format)
621,ATT017632,triage_category,invalid_triage_code,reject
623,ATT003116,presenting_complaint,missing_presenting_complaint,fill with 'Unknown'
625,ATT017862,"arrival_time, departure_time",mixed_date_format,fix (parse into one timestamp format)
627,ATT007498,disposition,inconsistent_text_format,"fix (trim spaces, standardise case)"
632,ATT011327,disposition,inconsistent_text_format,"fix (trim spaces, standardise case)"
632,ATT011327,"arrival_time, departure_time",mixed_date_format,fix (parse into one timestamp format)
639,ATT001007,disposition,inconsistent_text_format,"fix (trim spaces, standardise case)"
639,ATT001007,"arrival_time, departure_time",mixed_date_format,fix (parse into one timestamp format)
640,ATT002394,disposition,missing_disposition,fill with 'Unknown'
644,ATT008553,presenting_complaint,inconsistent_text_format,"fix (trim spaces, standardise case)"
650,ATT008366,"arrival_time, departure_time",mixed_date_format,fix (parse into one timestamp format)
651,ATT010084,gp_practice_code,missing_gp_code,set to NULL and flag
653,ATT018902,departure_time,missing_departure_time,reject
661,ATT010008,disposition,inconsistent_text_format,"fix (trim spaces, standardise case)"
661,ATT010008,"arrival_time, departure_time",mixed_date_format,fix (parse into one timestamp format)
663,ATT013060,presenting_complaint,inconsistent_text_format,"fix (trim spaces, standardise case)"
665,ATT010820,gp_practice_code,missing_gp_code,set to NULL and flag
665,ATT010820,triage_category,triage_decimal_format,fix (3.0 -> 3)
666,ATT008613,presenting_complaint,inconsistent_text_format,"fix (trim spaces, standardise case)"
668,ATT014510,gp_practice_code,missing_gp_code,set to NULL and flag
669,ATT012539,gp_practice_code,missing_gp_code,set to NULL and flag
670,ATT005378,presenting_complaint,inconsistent_text_format,"fix (trim spaces, standardise case)"
671,ATT003526,disposition,inconsistent_text_format,"fix (trim spaces, standardise case)"
671,ATT003526,triage_category,invalid_triage_code,reject
672,ATT015545,presenting_complaint,inconsistent_text_format,"fix (trim spaces, standardise case)"
674,ATT003697,"arrival_time, departure_time",mixed_date_format,fix (parse into one timestamp format)
675,ATT015805,gp_practice_code,missing_gp_code,set to NULL and flag
676,ATT006485,arrival_time,missing_arrival_time,reject
678,ATT014577,presenting_complaint,missing_presenting_complaint,fill with 'Unknown'
681,ATT014201,presenting_complaint,inconsistent_text_format,"fix (trim spaces, standardise case)"
681,ATT014201,disposition,inconsistent_text_format,"fix (trim spaces, standardise case)"
683,ATT005679,disposition,inconsistent_text_format,"fix (trim spaces, standardise case)"
692,ATT014613,disposition,inconsistent_text_format,"fix (trim spaces, standardise case)"
693,ATT014402,triage_category,invalid_triage_code,reject
695,ATT006199,"arrival_time, departure_time",mixed_date_format,fix (parse into one timestamp format)
697,ATT000813,disposition,inconsistent_text_format,"fix (trim spaces, standardise case)"
705,ATT008529,gp_practice_code,malformed_gp_code,set to NULL and flag
705,ATT008529,"arrival_time, departure_time",mixed_date_format,fix (parse into one timestamp format)
707,ATT016832,disposition,inconsistent_text_format,"fix (trim spaces, standardise case)"
707,ATT016832,gp_practice_code,missing_gp_code,set to NULL and flag
709,ATT014432,presenting_complaint,inconsistent_text_format,"fix (trim spaces, standardise case)"
709,ATT014432,"arrival_time, departure_time",mixed_date_format,fix (parse into one timestamp format)
710,ATT000972,presenting_complaint,missing_presenting_complaint,fill with 'Unknown'
710,ATT000972,"arrival_time, departure_time",mixed_date_format,fix (parse into one timestamp format)
712,ATT016426,disposition,inconsistent_text_format,"fix (trim spaces, standardise case)"
712,ATT016426,"arrival_time, departure_time",mixed_date_format,fix (parse into one timestamp format)
715,ATT006106,gp_practice_code,missing_gp_code,set to NULL and flag
717,ATT007882,departure_time,departure_before_arrival,reject
719,ATT007072,presenting_complaint,inconsistent_text_format,"fix (trim spaces, standardise case)"
720,ATT007740,"arrival_time, departure_time",mixed_date_format,fix (parse into one timestamp format)
721,ATT006952,"arrival_time, departure_time",mixed_date_format,fix (parse into one timestamp format)
722,ATT009490,presenting_complaint,inconsistent_text_format,"fix (trim spaces, standardise case)"
723,ATT012861,disposition,inconsistent_text_format,"fix (trim spaces, standardise case)"
725,ATT002347,presenting_complaint,inconsistent_text_format,"fix (trim spaces, standardise case)"
727,ATT014798,"arrival_time, departure_time",mixed_date_format,fix (parse into one timestamp format)
728,ATT005187,presenting_complaint,inconsistent_text_format,"fix (trim spaces, standardise case)"
730,ATT014160,presenting_complaint,inconsistent_text_format,"fix (trim spaces, standardise case)"
733,ATT019964,departure_time,extreme_length_of_stay,reject
739,ATT015128,presenting_complaint,inconsistent_text_format,"fix (trim spaces, standardise case)"
740,ATT010334,presenting_complaint,inconsistent_text_format,"fix (trim spaces, standardise case)"
746,ATT001291,"arrival_time, departure_time",mixed_date_format,fix (parse into one timestamp format)
747,ATT007790,gp_practice_code,gp_code_lowercase,fix (upper-case)
750,ATT011481,presenting_complaint,inconsistent_text_format,"fix (trim spaces, standardise case)"
765,ATT013621,presenting_complaint,inconsistent_text_format,"fix (trim spaces, standardise case)"
765,ATT013621,disposition,inconsistent_text_format,"fix (trim spaces, standardise case)"
770,ATT017534,disposition,inconsistent_text_format,"fix (trim spaces, standardise case)"
773,ATT010778,presenting_complaint,missing_presenting_complaint,fill with 'Unknown'
774,ATT015053,disposition,missing_disposition,fill with 'Unknown'
777,ATT003740,"arrival_time, departure_time",mixed_date_format,fix (parse into one timestamp format)
783,ATT003508,presenting_complaint,inconsistent_text_format,"fix (trim spaces, standardise case)"
783,ATT003508,disposition,inconsistent_text_format,"fix (trim spaces, standardise case)"
785,ATT005810,presenting_complaint,inconsistent_text_format,"fix (trim spaces, standardise case)"
786,ATT005631,disposition,inconsistent_text_format,"fix (trim spaces, standardise case)"
786,ATT005631,"arrival_time, departure_time",mixed_date_format,fix (parse into one timestamp format)
793,ATT006713,"arrival_time, departure_time",mixed_date_format,fix (parse into one timestamp format)
795,ATT019708,gp_practice_code,missing_gp_code,set to NULL and flag
797,ATT018350,presenting_complaint,missing_presenting_complaint,fill with 'Unknown'
797,ATT018350,"arrival_time, departure_time",mixed_date_format,fix (parse into one timestamp format)
800,ATT002445,presenting_complaint,inconsistent_text_format,"fix (trim spaces, standardise case)"
801,ATT017628,disposition,inconsistent_text_format,"fix (trim spaces, standardise case)"
801,ATT017628,triage_category,invalid_triage_code,reject
805,ATT019617,"arrival_time, departure_time",mixed_date_format,fix (parse into one timestamp format)
806,ATT008452,triage_category,invalid_triage_code,reject
807,ATT018338,presenting_complaint,inconsistent_text_format,"fix (trim spaces, standardise case)"
810,ATT000128,"arrival_time, departure_time",mixed_date_format,fix (parse into one timestamp format)
812,ATT007795,"arrival_time, departure_time",mixed_date_format,fix (parse into one timestamp format)
815,ATT001816,"arrival_time, departure_time",mixed_date_format,fix (parse into one timestamp format)
816,ATT013699,gp_practice_code,missing_gp_code,set to NULL and flag
819,ATT019024,"arrival_time, departure_time",mixed_date_format,fix (parse into one timestamp format)
825,ATT017864,disposition,missing_disposition,fill with 'Unknown'
825,ATT017864,"arrival_time, departure_time",mixed_date_format,fix (parse into one timestamp format)
828,ATT018261,disposition,inconsistent_text_format,"fix (trim spaces, standardise case)"
828,ATT018261,"arrival_time, departure_time",mixed_date_format,fix (parse into one timestamp format)
835,ATT008693,gp_practice_code,missing_gp_code,set to NULL and flag
839,ATT015384,presenting_complaint,missing_presenting_complaint,fill with 'Unknown'
840,ATT017689,gp_practice_code,malformed_gp_code,set to NULL and flag
842,ATT011661,"arrival_time, departure_time",mixed_date_format,fix (parse into one timestamp format)
842,ATT011661,triage_category,triage_decimal_format,fix (3.0 -> 3)
844,ATT001088,"arrival_time, departure_time",mixed_date_format,fix (parse into one timestamp format)
846,ATT001581,gp_practice_code,missing_gp_code,set to NULL and flag
848,ATT019060,disposition,inconsistent_text_format,"fix (trim spaces, standardise case)"
850,ATT003512,disposition,inconsistent_text_format,"fix (trim spaces, standardise case)"
856,ATT001979,"arrival_time, departure_time",mixed_date_format,fix (parse into one timestamp format)
858,ATT010431,presenting_complaint,inconsistent_text_format,"fix (trim spaces, standardise case)"
861,ATT011514,disposition,missing_disposition,fill with 'Unknown'
862,ATT018874,"arrival_time, departure_time",mixed_date_format,fix (parse into one timestamp format)
863,ATT005438,"arrival_time, departure_time",mixed_date_format,fix (parse into one timestamp format)
864,ATT009186,presenting_complaint,inconsistent_text_format,"fix (trim spaces, standardise case)"
867,ATT010485,presenting_complaint,inconsistent_text_format,"fix (trim spaces, standardise case)"
872,ATT018306,"arrival_time, departure_time",mixed_date_format,fix (parse into one timestamp format)
873,ATT007899,gp_practice_code,gp_code_lowercase,fix (upper-case)
878,ATT013545,triage_category,invalid_triage_code,reject
879,ATT015058,presenting_complaint,inconsistent_text_format,"fix (trim spaces, standardise case)"
880,ATT014987,disposition,inconsistent_text_format,"fix (trim spaces, standardise case)"
881,ATT008332,"arrival_time, departure_time",mixed_date_format,fix (parse into one timestamp format)
882,ATT016825,"arrival_time, departure_time",mixed_date_format,fix (parse into one timestamp format)
885,ATT012070,disposition,inconsistent_text_format,"fix (trim spaces, standardise case)"
887,ATT008514,triage_category,triage_decimal_format,fix (3.0 -> 3)
888,ATT006127,presenting_complaint,inconsistent_text_format,"fix (trim spaces, standardise case)"
889,ATT010828,"arrival_time, departure_time",mixed_date_format,fix (parse into one timestamp format)
890,ATT016713,"arrival_time, departure_time",mixed_date_format,fix (parse into one timestamp format)
891,ATT004979,gp_practice_code,gp_code_lowercase,fix (upper-case)
891,ATT004979,presenting_complaint,inconsistent_text_format,"fix (trim spaces, standardise case)"
892,ATT001789,disposition,inconsistent_text_format,"fix (trim spaces, standardise case)"
892,ATT001789,"arrival_time, departure_time",mixed_date_format,fix (parse into one timestamp format)
893,ATT019091,presenting_complaint,inconsistent_text_format,"fix (trim spaces, standardise case)"
898,ATT002459,disposition,inconsistent_text_format,"fix (trim spaces, standardise case)"
898,ATT002459,presenting_complaint,missing_presenting_complaint,fill with 'Unknown'
903,ATT002617,"arrival_time, departure_time",mixed_date_format,fix (parse into one timestamp format)
906,ATT010216,presenting_complaint,inconsistent_text_format,"fix (trim spaces, standardise case)"
912,ATT003430,"arrival_time, departure_time",mixed_date_format,fix (parse into one timestamp format)
918,ATT010425,presenting_complaint,inconsistent_text_format,"fix (trim spaces, standardise case)"
921,ATT017625,presenting_complaint,missing_presenting_complaint,fill with 'Unknown'
924,ATT015498,"arrival_time, departure_time",mixed_date_format,fix (parse into one timestamp format)
926,ATT010369,"arrival_time, departure_time",mixed_date_format,fix (parse into one timestamp format)
929,ATT015533,disposition,inconsistent_text_format,"fix (trim spaces, standardise case)"
929,ATT015533,triage_category,triage_decimal_format,fix (3.0 -> 3)
930,ATT002142,presenting_complaint,inconsistent_text_format,"fix (trim spaces, standardise case)"
932,ATT012140,presenting_complaint,missing_presenting_complaint,fill with 'Unknown'
937,ATT019242,presenting_complaint,inconsistent_text_format,"fix (trim spaces, standardise case)"
937,ATT019242,disposition,inconsistent_text_format,"fix (trim spaces, standardise case)"
942,ATT019716,"arrival_time, departure_time",mixed_date_format,fix (parse into one timestamp format)
944,ATT015491,presenting_complaint,inconsistent_text_format,"fix (trim spaces, standardise case)"
946,ATT003209,"arrival_time, departure_time",mixed_date_format,fix (parse into one timestamp format)
950,ATT010160,presenting_complaint,inconsistent_text_format,"fix (trim spaces, standardise case)"
954,ATT018607,presenting_complaint,inconsistent_text_format,"fix (trim spaces, standardise case)"
961,ATT009702,"arrival_time, departure_time",mixed_date_format,fix (parse into one timestamp format)
962,ATT011700,presenting_complaint,inconsistent_text_format,"fix (trim spaces, standardise case)"
962,ATT011700,"arrival_time, departure_time",mixed_date_format,fix (parse into one timestamp format)
963,ATT014307,disposition,inconsistent_text_format,"fix (trim spaces, standardise case)"
964,ATT006816,disposition,inconsistent_text_format,"fix (trim spaces, standardise case)"
966,ATT014230,"arrival_time, departure_time",mixed_date_format,fix (parse into one timestamp format)
966,ATT014230,triage_category,triage_decimal_format,fix (3.0 -> 3)
968,ATT009060,"arrival_time, departure_time",mixed_date_format,fix (parse into one timestamp format)
969,ATT006329,"arrival_time, departure_time",mixed_date_format,fix (parse into one timestamp format)
972,ATT006761,presenting_complaint,inconsistent_text_format,"fix (trim spaces, standardise case)"
972,ATT006761,"arrival_time, departure_time",mixed_date_format,fix (parse into one timestamp format)
976,ATT011828,presenting_complaint,missing_presenting_complaint,fill with 'Unknown'
976,ATT011828,"arrival_time, departure_time",mixed_date_format,fix (parse into one timestamp format)
981,ATT010597,presenting_complaint,inconsistent_text_format,"fix (trim spaces, standardise case)"
983,ATT010994,disposition,inconsistent_text_format,"fix (trim spaces, standardise case)"
990,ATT007503,disposition,inconsistent_text_format,"fix (trim spaces, standardise case)"
992,ATT013788,presenting_complaint,inconsistent_text_format,"fix (trim spaces, standardise case)"
996,ATT005512,"arrival_time, departure_time",mixed_date_format,fix (parse into one timestamp format)
997,ATT010584,gp_practice_code,gp_code_lowercase,fix (upper-case)
999,ATT019756,"arrival_time, departure_time",mixed_date_format,fix (parse into one timestamp format)
1004,ATT014332,"arrival_time, departure_time",mixed_date_format,fix (parse into one timestamp format)
1005,ATT008733,gp_practice_code,missing_gp_code,set to NULL and flag
1006,ATT007919,"arrival_time, departure_time",mixed_date_format,fix (parse into one timestamp format)
1007,ATT005569,disposition,missing_disposition,fill with 'Unknown'
1011,ATT008118,presenting_complaint,inconsistent_text_format,"fix (trim spaces, standardise case)"
1019,ATT006069,disposition,inconsistent_text_format,"fix (trim spaces, standardise case)"
1019,ATT006069,gp_practice_code,missing_gp_code,set to NULL and flag
1023,ATT016800,gp_practice_code,missing_gp_code,set to NULL and flag
1023,ATT016800,"arrival_time, departure_time",mixed_date_format,fix (parse into one timestamp format)
1027,ATT000266,disposition,inconsistent_text_format,"fix (trim spaces, standardise case)"
1029,ATT005478,presenting_complaint,inconsistent_text_format,"fix (trim spaces, standardise case)"
1030,ATT018367,"arrival_time, departure_time",mixed_date_format,fix (parse into one timestamp format)
1031,ATT004745,presenting_complaint,inconsistent_text_format,"fix (trim spaces, standardise case)"
1032,ATT019004,arrival_time,future_dated_attendance,reject
1033,ATT007684,"arrival_time, departure_time",mixed_date_format,fix (parse into one timestamp format)
1036,ATT015443,disposition,inconsistent_text_format,"fix (trim spaces, standardise case)"
1040,ATT019618,presenting_complaint,inconsistent_text_format,"fix (trim spaces, standardise case)"
1040,ATT019618,"arrival_time, departure_time",mixed_date_format,fix (parse into one timestamp format)
1042,ATT007748,presenting_complaint,inconsistent_text_format,"fix (trim spaces, standardise case)"
1043,ATT001995,"arrival_time, departure_time",mixed_date_format,fix (parse into one timestamp format)
1045,ATT000696,departure_time,departure_before_arrival,reject
1045,ATT000696,presenting_complaint,inconsistent_text_format,"fix (trim spaces, standardise case)"
1056,ATT005835,"arrival_time, departure_time",mixed_date_format,fix (parse into one timestamp format)
1057,ATT006491,disposition,inconsistent_text_format,"fix (trim spaces, standardise case)"
1059,ATT017557,presenting_complaint,inconsistent_text_format,"fix (trim spaces, standardise case)"
1061,ATT012214,presenting_complaint,inconsistent_text_format,"fix (trim spaces, standardise case)"
1062,ATT000140,presenting_complaint,inconsistent_text_format,"fix (trim spaces, standardise case)"
1064,ATT005202,disposition,inconsistent_text_format,"fix (trim spaces, standardise case)"
1065,ATT001643,disposition,inconsistent_text_format,"fix (trim spaces, standardise case)"
1067,ATT017326,disposition,inconsistent_text_format,"fix (trim spaces, standardise case)"
1070,ATT012553,disposition,missing_disposition,fill with 'Unknown'
1071,ATT019296,presenting_complaint,inconsistent_text_format,"fix (trim spaces, standardise case)"
1073,ATT011964,disposition,inconsistent_text_format,"fix (trim spaces, standardise case)"
1079,ATT014539,presenting_complaint,inconsistent_text_format,"fix (trim spaces, standardise case)"
1079,ATT014539,"arrival_time, departure_time",mixed_date_format,fix (parse into one timestamp format)
1080,ATT002118,presenting_complaint,inconsistent_text_format,"fix (trim spaces, standardise case)"
1084,ATT015173,presenting_complaint,inconsistent_text_format,"fix (trim spaces, standardise case)"
1085,ATT015750,"arrival_time, departure_time",mixed_date_format,fix (parse into one timestamp format)
1086,ATT013686,disposition,missing_disposition,fill with 'Unknown'
1087,ATT003107,presenting_complaint,inconsistent_text_format,"fix (trim spaces, standardise case)"
1087,ATT003107,triage_category,invalid_triage_code,reject
1090,ATT002982,presenting_complaint,inconsistent_text_format,"fix (trim spaces, standardise case)"
1091,ATT004044,departure_time,missing_departure_time,reject
1099,ATT016526,"arrival_time, departure_time",mixed_date_format,fix (parse into one timestamp format)
1105,ATT006109,disposition,inconsistent_text_format,"fix (trim spaces, standardise case)"
1105,ATT006109,"arrival_time, departure_time",mixed_date_format,fix (parse into one timestamp format)
1108,ATT017595,disposition,inconsistent_text_format,"fix (trim spaces, standardise case)"
1111,ATT003734,presenting_complaint,missing_presenting_complaint,fill with 'Unknown'
1112,ATT000211,presenting_complaint,inconsistent_text_format,"fix (trim spaces, standardise case)"
1112,ATT000211,"arrival_time, departure_time",mixed_date_format,fix (parse into one timestamp format)
1114,ATT017272,presenting_complaint,inconsistent_text_format,"fix (trim spaces, standardise case)"
1116,ATT018867,presenting_complaint,inconsistent_text_format,"fix (trim spaces, standardise case)"
1118,ATT018564,triage_category,invalid_triage_code,reject
1120,ATT000425,"arrival_time, departure_time",mixed_date_format,fix (parse into one timestamp format)
1121,ATT016361,triage_category,triage_decimal_format,fix (3.0 -> 3)
1122,ATT009560,"arrival_time, departure_time",mixed_date_format,fix (parse into one timestamp format)
1123,ATT012295,gp_practice_code,missing_gp_code,set to NULL and flag
1123,ATT012295,"arrival_time, departure_time",mixed_date_format,fix (parse into one timestamp format)
1125,ATT003324,"arrival_time, departure_time",mixed_date_format,fix (parse into one timestamp format)
1127,ATT010228,presenting_complaint,missing_presenting_complaint,fill with 'Unknown'
1128,ATT006813,gp_practice_code,gp_code_lowercase,fix (upper-case)
1128,ATT006813,"arrival_time, departure_time",mixed_date_format,fix (parse into one timestamp format)
1130,ATT011076,triage_category,triage_decimal_format,fix (3.0 -> 3)
1132,ATT009420,presenting_complaint,inconsistent_text_format,"fix (trim spaces, standardise case)"
1133,ATT009881,(entire row),duplicate_row,remove (keep first)
1134,ATT018698,disposition,missing_disposition,fill with 'Unknown'
1134,ATT018698,"arrival_time, departure_time",mixed_date_format,fix (parse into one timestamp format)
1141,ATT007251,"arrival_time, departure_time",mixed_date_format,fix (parse into one timestamp format)
1143,ATT002755,departure_time,departure_before_arrival,reject
1145,ATT013819,departure_time,departure_before_arrival,reject
1145,ATT013819,"arrival_time, departure_time",mixed_date_format,fix (parse into one timestamp format)
1149,ATT008249,presenting_complaint,inconsistent_text_format,"fix (trim spaces, standardise case)"
1150,ATT015364,departure_time,departure_before_arrival,reject
1155,ATT005997,"arrival_time, departure_time",mixed_date_format,fix (parse into one timestamp format)
1156,ATT004348,presenting_complaint,inconsistent_text_format,"fix (trim spaces, standardise case)"
1156,ATT004348,disposition,inconsistent_text_format,"fix (trim spaces, standardise case)"
1157,ATT012440,gp_practice_code,missing_gp_code,set to NULL and flag
1157,ATT012440,"arrival_time, departure_time",mixed_date_format,fix (parse into one timestamp format)
1158,ATT006196,presenting_complaint,inconsistent_text_format,"fix (trim spaces, standardise case)"
1161,ATT018539,disposition,inconsistent_text_format,"fix (trim spaces, standardise case)"
1163,ATT014921,presenting_complaint,inconsistent_text_format,"fix (trim spaces, standardise case)"
1165,ATT018568,presenting_complaint,inconsistent_text_format,"fix (trim spaces, standardise case)"
1166,ATT018492,"arrival_time, departure_time",mixed_date_format,fix (parse into one timestamp format)
1167,ATT008261,triage_category,invalid_triage_code,reject
1172,ATT002458,disposition,inconsistent_text_format,"fix (trim spaces, standardise case)"
1174,ATT014641,(entire row),duplicate_row,remove (keep first)
1177,ATT010907,"arrival_time, departure_time",mixed_date_format,fix (parse into one timestamp format)
1182,ATT018081,presenting_complaint,inconsistent_text_format,"fix (trim spaces, standardise case)"
1187,ATT000500,presenting_complaint,inconsistent_text_format,"fix (trim spaces, standardise case)"
1189,ATT001202,departure_time,departure_before_arrival,reject
1193,ATT018878,presenting_complaint,inconsistent_text_format,"fix (trim spaces, standardise case)"
1198,ATT001289,presenting_complaint,inconsistent_text_format,"fix (trim spaces, standardise case)"
1203,ATT016910,"arrival_time, departure_time",mixed_date_format,fix (parse into one timestamp format)
1204,ATT002517,presenting_complaint,inconsistent_text_format,"fix (trim spaces, standardise case)"
1206,ATT018749,disposition,inconsistent_text_format,"fix (trim spaces, standardise case)"
1214,ATT016116,"arrival_time, departure_time",mixed_date_format,fix (parse into one timestamp format)
1216,ATT000879,"arrival_time, departure_time",mixed_date_format,fix (parse into one timestamp format)
1217,ATT003303,presenting_complaint,missing_presenting_complaint,fill with 'Unknown'
1222,ATT012117,presenting_complaint,inconsistent_text_format,"fix (trim spaces, standardise case)"
1222,ATT012117,gp_practice_code,malformed_gp_code,set to NULL and flag
1225,ATT002324,departure_time,departure_before_arrival,reject
1230,ATT004942,presenting_complaint,inconsistent_text_format,"fix (trim spaces, standardise case)"
1233,ATT000201,presenting_complaint,inconsistent_text_format,"fix (trim spaces, standardise case)"
1237,ATT005955,disposition,missing_disposition,fill with 'Unknown'
1243,ATT000899,"arrival_time, departure_time",mixed_date_format,fix (parse into one timestamp format)
1243,ATT000899,triage_category,triage_decimal_format,fix (3.0 -> 3)
1246,ATT019207,gp_practice_code,gp_code_lowercase,fix (upper-case)
1249,ATT010578,"arrival_time, departure_time",mixed_date_format,fix (parse into one timestamp format)
1251,ATT001093,presenting_complaint,missing_presenting_complaint,fill with 'Unknown'
1252,ATT006187,"arrival_time, departure_time",mixed_date_format,fix (parse into one timestamp format)
1255,ATT013114,disposition,inconsistent_text_format,"fix (trim spaces, standardise case)"
1255,ATT013114,"arrival_time, departure_time",mixed_date_format,fix (parse into one timestamp format)
1264,ATT010449,presenting_complaint,inconsistent_text_format,"fix (trim spaces, standardise case)"
1267,ATT006016,"arrival_time, departure_time",mixed_date_format,fix (parse into one timestamp format)
1269,ATT001573,"arrival_time, departure_time",mixed_date_format,fix (parse into one timestamp format)
1272,ATT016631,"arrival_time, departure_time",mixed_date_format,fix (parse into one timestamp format)
1278,ATT018618,"arrival_time, departure_time",mixed_date_format,fix (parse into one timestamp format)
1279,ATT003506,gp_practice_code,gp_code_lowercase,fix (upper-case)
1279,ATT003506,presenting_complaint,inconsistent_text_format,"fix (trim spaces, standardise case)"
1284,ATT012507,gp_practice_code,missing_gp_code,set to NULL and flag
1286,ATT002413,"arrival_time, departure_time",mixed_date_format,fix (parse into one timestamp format)
1290,ATT003185,presenting_complaint,missing_presenting_complaint,fill with 'Unknown'
1295,ATT006099,gp_practice_code,missing_gp_code,set to NULL and flag
1296,ATT008952,presenting_complaint,inconsistent_text_format,"fix (trim spaces, standardise case)"
1296,ATT008952,"arrival_time, departure_time",mixed_date_format,fix (parse into one timestamp format)
1297,ATT005946,gp_practice_code,gp_code_lowercase,fix (upper-case)
1299,ATT010769,presenting_complaint,inconsistent_text_format,"fix (trim spaces, standardise case)"
1299,ATT010769,"arrival_time, departure_time",mixed_date_format,fix (parse into one timestamp format)
1303,ATT004931,disposition,missing_disposition,fill with 'Unknown'
1306,ATT017996,disposition,inconsistent_text_format,"fix (trim spaces, standardise case)"
1309,ATT015085,presenting_complaint,inconsistent_text_format,"fix (trim spaces, standardise case)"
1313,ATT011291,gp_practice_code,missing_gp_code,set to NULL and flag
1314,ATT002767,"arrival_time, departure_time",mixed_date_format,fix (parse into one timestamp format)
1315,ATT014094,"arrival_time, departure_time",mixed_date_format,fix (parse into one timestamp format)
1316,ATT015421,"arrival_time, departure_time",mixed_date_format,fix (parse into one timestamp format)
1319,ATT009050,disposition,inconsistent_text_format,"fix (trim spaces, standardise case)"
1322,ATT006370,presenting_complaint,inconsistent_text_format,"fix (trim spaces, standardise case)"
1325,ATT003708,presenting_complaint,missing_presenting_complaint,fill with 'Unknown'
1329,ATT014739,"arrival_time, departure_time",mixed_date_format,fix (parse into one timestamp format)
1331,ATT014523,presenting_complaint,missing_presenting_complaint,fill with 'Unknown'
1336,ATT009786,disposition,inconsistent_text_format,"fix (trim spaces, standardise case)"
1339,ATT010860,"arrival_time, departure_time",mixed_date_format,fix (parse into one timestamp format)
1341,ATT000274,departure_time,extreme_length_of_stay,reject
1342,ATT014469,"arrival_time, departure_time",mixed_date_format,fix (parse into one timestamp format)
1345,ATT002085,"arrival_time, departure_time",mixed_date_format,fix (parse into one timestamp format)
1350,ATT014663,departure_time,missing_departure_time,reject
1350,ATT014663,"arrival_time, departure_time",mixed_date_format,fix (parse into one timestamp format)
1352,ATT019075,"arrival_time, departure_time",mixed_date_format,fix (parse into one timestamp format)
1354,ATT001902,"arrival_time, departure_time",mixed_date_format,fix (parse into one timestamp format)
1355,ATT013359,gp_practice_code,gp_code_lowercase,fix (upper-case)
1355,ATT013359,"arrival_time, departure_time",mixed_date_format,fix (parse into one timestamp format)
1356,ATT015688,presenting_complaint,inconsistent_text_format,"fix (trim spaces, standardise case)"
1361,ATT016657,gp_practice_code,missing_gp_code,set to NULL and flag
1361,ATT016657,"arrival_time, departure_time",mixed_date_format,fix (parse into one timestamp format)
1362,ATT017527,presenting_complaint,inconsistent_text_format,"fix (trim spaces, standardise case)"
1362,ATT017527,"arrival_time, departure_time",mixed_date_format,fix (parse into one timestamp format)
1364,ATT003618,disposition,inconsistent_text_format,"fix (trim spaces, standardise case)"
1364,ATT003618,"arrival_time, departure_time",mixed_date_format,fix (parse into one timestamp format)
1367,ATT016069,"arrival_time, departure_time",mixed_date_format,fix (parse into one timestamp format)
1370,ATT019898,presenting_complaint,inconsistent_text_format,"fix (trim spaces, standardise case)"
1370,ATT019898,"arrival_time, departure_time",mixed_date_format,fix (parse into one timestamp format)
1374,ATT004490,"arrival_time, departure_time",mixed_date_format,fix (parse into one timestamp format)
1384,ATT004983,"arrival_time, departure_time",mixed_date_format,fix (parse into one timestamp format)
1385,ATT007325,"arrival_time, departure_time",mixed_date_format,fix (parse into one timestamp format)
1386,ATT015783,"arrival_time, departure_time",mixed_date_format,fix (parse into one timestamp format)
1390,ATT000424,presenting_complaint,inconsistent_text_format,"fix (trim spaces, standardise case)"
1390,ATT000424,gp_practice_code,missing_gp_code,set to NULL and flag
1397,ATT019892,triage_category,invalid_triage_code,reject
1398,ATT019960,departure_time,departure_before_arrival,reject
1400,ATT012057,departure_time,departure_before_arrival,reject
1400,ATT012057,presenting_complaint,inconsistent_text_format,"fix (trim spaces, standardise case)"
1407,ATT018742,presenting_complaint,inconsistent_text_format,"fix (trim spaces, standardise case)"
1407,ATT018742,triage_category,triage_decimal_format,fix (3.0 -> 3)
1409,ATT008142,gp_practice_code,gp_code_lowercase,fix (upper-case)
1409,ATT008142,disposition,inconsistent_text_format,"fix (trim spaces, standardise case)"
1414,ATT009672,gp_practice_code,missing_gp_code,set to NULL and flag
1415,ATT002141,"arrival_time, departure_time",mixed_date_format,fix (parse into one timestamp format)
1417,ATT002860,"arrival_time, departure_time",mixed_date_format,fix (parse into one timestamp format)
1419,ATT004817,gp_practice_code,missing_gp_code,set to NULL and flag
1420,ATT008059,disposition,inconsistent_text_format,"fix (trim spaces, standardise case)"
1421,ATT011747,gp_practice_code,gp_code_lowercase,fix (upper-case)
1424,ATT012956,departure_time,missing_departure_time,reject
1427,ATT017934,presenting_complaint,inconsistent_text_format,"fix (trim spaces, standardise case)"
1431,ATT012112,"arrival_time, departure_time",mixed_date_format,fix (parse into one timestamp format)
1436,ATT018937,presenting_complaint,inconsistent_text_format,"fix (trim spaces, standardise case)"
1439,ATT019390,"arrival_time, departure_time",mixed_date_format,fix (parse into one timestamp format)
1444,ATT008030,"arrival_time, departure_time",mixed_date_format,fix (parse into one timestamp format)
1449,ATT005278,disposition,inconsistent_text_format,"fix (trim spaces, standardise case)"
1449,ATT005278,gp_practice_code,malformed_gp_code,set to NULL and flag
1454,ATT007887,triage_category,invalid_triage_code,reject
1461,ATT002513,"arrival_time, departure_time",mixed_date_format,fix (parse into one timestamp format)
1462,ATT017491,disposition,inconsistent_text_format,"fix (trim spaces, standardise case)"
1462,ATT017491,"arrival_time, departure_time",mixed_date_format,fix (parse into one timestamp format)
1467,ATT005473,departure_time,departure_before_arrival,reject
1467,ATT005473,presenting_complaint,inconsistent_text_format,"fix (trim spaces, standardise case)"
1468,ATT008749,"arrival_time, departure_time",mixed_date_format,fix (parse into one timestamp format)
1470,ATT014050,disposition,inconsistent_text_format,"fix (trim spaces, standardise case)"
1473,ATT004340,"arrival_time, departure_time",mixed_date_format,fix (parse into one timestamp format)
1474,ATT004982,presenting_complaint,inconsistent_text_format,"fix (trim spaces, standardise case)"
1482,ATT012100,disposition,inconsistent_text_format,"fix (trim spaces, standardise case)"
1482,ATT012100,triage_category,invalid_triage_code,reject
1482,ATT012100,"arrival_time, departure_time",mixed_date_format,fix (parse into one timestamp format)
1484,ATT010145,presenting_complaint,missing_presenting_complaint,fill with 'Unknown'
1486,ATT003985,disposition,inconsistent_text_format,"fix (trim spaces, standardise case)"
1487,ATT016268,disposition,missing_disposition,fill with 'Unknown'
1490,ATT018387,gp_practice_code,malformed_gp_code,set to NULL and flag
1492,ATT017853,gp_practice_code,missing_gp_code,set to NULL and flag
1492,ATT017853,"arrival_time, departure_time",mixed_date_format,fix (parse into one timestamp format)
1495,ATT017202,gp_practice_code,missing_gp_code,set to NULL and flag
1497,ATT012839,disposition,inconsistent_text_format,"fix (trim spaces, standardise case)"
1497,ATT012839,presenting_complaint,missing_presenting_complaint,fill with 'Unknown'
1504,ATT011104,gp_practice_code,gp_code_lowercase,fix (upper-case)
1506,ATT004707,presenting_complaint,inconsistent_text_format,"fix (trim spaces, standardise case)"
1507,ATT016581,"arrival_time, departure_time",mixed_date_format,fix (parse into one timestamp format)
1508,ATT007959,"arrival_time, departure_time",mixed_date_format,fix (parse into one timestamp format)
1511,ATT015772,triage_category,invalid_triage_code,reject
1512,ATT004016,presenting_complaint,inconsistent_text_format,"fix (trim spaces, standardise case)"
1512,ATT004016,triage_category,invalid_triage_code,reject
1513,ATT002535,"arrival_time, departure_time",mixed_date_format,fix (parse into one timestamp format)
1514,ATT011896,"arrival_time, departure_time",mixed_date_format,fix (parse into one timestamp format)
1518,ATT003012,presenting_complaint,inconsistent_text_format,"fix (trim spaces, standardise case)"
1519,ATT006690,disposition,inconsistent_text_format,"fix (trim spaces, standardise case)"
1524,ATT014002,disposition,inconsistent_text_format,"fix (trim spaces, standardise case)"
1525,ATT008668,presenting_complaint,inconsistent_text_format,"fix (trim spaces, standardise case)"
1525,ATT008668,"arrival_time, departure_time",mixed_date_format,fix (parse into one timestamp format)
1527,ATT019984,disposition,inconsistent_text_format,"fix (trim spaces, standardise case)"
1529,ATT003422,"arrival_time, departure_time",mixed_date_format,fix (parse into one timestamp format)
1530,ATT000912,"arrival_time, departure_time",mixed_date_format,fix (parse into one timestamp format)
1531,ATT004167,presenting_complaint,inconsistent_text_format,"fix (trim spaces, standardise case)"
1531,ATT004167,"arrival_time, departure_time",mixed_date_format,fix (parse into one timestamp format)
1533,ATT015865,presenting_complaint,inconsistent_text_format,"fix (trim spaces, standardise case)"
1533,ATT015865,disposition,inconsistent_text_format,"fix (trim spaces, standardise case)"
1536,ATT003474,departure_time,departure_before_arrival,reject
1537,ATT004601,triage_category,invalid_triage_code,reject
1542,ATT008356,"arrival_time, departure_time",mixed_date_format,fix (parse into one timestamp format)
1543,ATT005479,pseudo_patient_id,missing_patient_id,reject
1547,ATT012574,presenting_complaint,inconsistent_text_format,"fix (trim spaces, standardise case)"
1548,ATT011623,"arrival_time, departure_time",mixed_date_format,fix (parse into one timestamp format)
1550,ATT010192,"arrival_time, departure_time",mixed_date_format,fix (parse into one timestamp format)
1553,ATT002936,"arrival_time, departure_time",mixed_date_format,fix (parse into one timestamp format)
1556,ATT014605,presenting_complaint,missing_presenting_complaint,fill with 'Unknown'
1557,ATT003913,presenting_complaint,inconsistent_text_format,"fix (trim spaces, standardise case)"
1557,ATT003913,"arrival_time, departure_time",mixed_date_format,fix (parse into one timestamp format)
1558,ATT011563,gp_practice_code,gp_code_lowercase,fix (upper-case)
1558,ATT011563,disposition,inconsistent_text_format,"fix (trim spaces, standardise case)"
1563,ATT008044,presenting_complaint,inconsistent_text_format,"fix (trim spaces, standardise case)"
1563,ATT008044,"arrival_time, departure_time",mixed_date_format,fix (parse into one timestamp format)
1565,ATT011009,triage_category,invalid_triage_code,reject
1567,ATT008154,"arrival_time, departure_time",mixed_date_format,fix (parse into one timestamp format)
1568,ATT019220,gp_practice_code,malformed_gp_code,set to NULL and flag
1568,ATT019220,"arrival_time, departure_time",mixed_date_format,fix (parse into one timestamp format)
1571,ATT014827,disposition,inconsistent_text_format,"fix (trim spaces, standardise case)"
1571,ATT014827,arrival_time,missing_arrival_time,reject
1573,ATT004875,presenting_complaint,inconsistent_text_format,"fix (trim spaces, standardise case)"
1580,ATT012961,presenting_complaint,inconsistent_text_format,"fix (trim spaces, standardise case)"
1582,ATT005175,presenting_complaint,inconsistent_text_format,"fix (trim spaces, standardise case)"
1589,ATT010099,disposition,missing_disposition,fill with 'Unknown'
1590,ATT003462,presenting_complaint,inconsistent_text_format,"fix (trim spaces, standardise case)"
1590,ATT003462,disposition,inconsistent_text_format,"fix (trim spaces, standardise case)"
1592,ATT012518,disposition,inconsistent_text_format,"fix (trim spaces, standardise case)"
1594,ATT013873,presenting_complaint,inconsistent_text_format,"fix (trim spaces, standardise case)"
1594,ATT013873,triage_category,invalid_triage_code,reject
1594,ATT013873,"arrival_time, departure_time",mixed_date_format,fix (parse into one timestamp format)
1597,ATT009130,disposition,inconsistent_text_format,"fix (trim spaces, standardise case)"
1598,ATT010510,presenting_complaint,inconsistent_text_format,"fix (trim spaces, standardise case)"
1600,ATT010920,gp_practice_code,malformed_gp_code,set to NULL and flag
1602,ATT006613,presenting_complaint,inconsistent_text_format,"fix (trim spaces, standardise case)"
1605,ATT019732,"arrival_time, departure_time",mixed_date_format,fix (parse into one timestamp format)
1609,ATT006914,presenting_complaint,inconsistent_text_format,"fix (trim spaces, standardise case)"
1612,ATT019201,"arrival_time, departure_time",mixed_date_format,fix (parse into one timestamp format)
1613,ATT017014,disposition,inconsistent_text_format,"fix (trim spaces, standardise case)"
1615,ATT000043,"arrival_time, departure_time",mixed_date_format,fix (parse into one timestamp format)
1620,ATT002044,presenting_complaint,inconsistent_text_format,"fix (trim spaces, standardise case)"
1623,ATT008140,"arrival_time, departure_time",mixed_date_format,fix (parse into one timestamp format)
1624,ATT012685,"arrival_time, departure_time",mixed_date_format,fix (parse into one timestamp format)
1625,ATT006165,"arrival_time, departure_time",mixed_date_format,fix (parse into one timestamp format)
1629,ATT016203,"arrival_time, departure_time",mixed_date_format,fix (parse into one timestamp format)
1631,ATT005439,"arrival_time, departure_time",mixed_date_format,fix (parse into one timestamp format)
1635,ATT003837,presenting_complaint,inconsistent_text_format,"fix (trim spaces, standardise case)"
1638,ATT016129,"arrival_time, departure_time",mixed_date_format,fix (parse into one timestamp format)
1642,ATT004635,departure_time,missing_departure_time,reject
1645,ATT004975,"arrival_time, departure_time",mixed_date_format,fix (parse into one timestamp format)
1646,ATT013083,presenting_complaint,inconsistent_text_format,"fix (trim spaces, standardise case)"
1647,ATT012916,disposition,inconsistent_text_format,"fix (trim spaces, standardise case)"
1651,ATT013771,disposition,missing_disposition,fill with 'Unknown'
1651,ATT013771,"arrival_time, departure_time",mixed_date_format,fix (parse into one timestamp format)
1658,ATT008547,presenting_complaint,inconsistent_text_format,"fix (trim spaces, standardise case)"
1660,ATT002938,"arrival_time, departure_time",mixed_date_format,fix (parse into one timestamp format)
1662,ATT007178,presenting_complaint,inconsistent_text_format,"fix (trim spaces, standardise case)"
1665,ATT006307,gp_practice_code,malformed_gp_code,set to NULL and flag
1666,ATT002930,presenting_complaint,inconsistent_text_format,"fix (trim spaces, standardise case)"
1667,ATT017730,presenting_complaint,inconsistent_text_format,"fix (trim spaces, standardise case)"
1669,ATT001912,presenting_complaint,inconsistent_text_format,"fix (trim spaces, standardise case)"
1672,ATT013372,disposition,inconsistent_text_format,"fix (trim spaces, standardise case)"
1673,ATT006673,disposition,inconsistent_text_format,"fix (trim spaces, standardise case)"
1676,ATT015277,presenting_complaint,inconsistent_text_format,"fix (trim spaces, standardise case)"
1676,ATT015277,"arrival_time, departure_time",mixed_date_format,fix (parse into one timestamp format)
1680,ATT007753,"arrival_time, departure_time",mixed_date_format,fix (parse into one timestamp format)
1681,ATT008244,"arrival_time, departure_time",mixed_date_format,fix (parse into one timestamp format)
1683,ATT007855,disposition,inconsistent_text_format,"fix (trim spaces, standardise case)"
1684,ATT001262,presenting_complaint,inconsistent_text_format,"fix (trim spaces, standardise case)"
1684,ATT001262,gp_practice_code,missing_gp_code,set to NULL and flag
1685,ATT017897,"arrival_time, departure_time",mixed_date_format,fix (parse into one timestamp format)
1688,ATT015615,"arrival_time, departure_time",mixed_date_format,fix (parse into one timestamp format)
1690,ATT011960,triage_category,triage_decimal_format,fix (3.0 -> 3)
1698,ATT013617,gp_practice_code,missing_gp_code,set to NULL and flag
1703,ATT008031,presenting_complaint,inconsistent_text_format,"fix (trim spaces, standardise case)"
1703,ATT008031,departure_time,missing_departure_time,reject
1705,ATT017764,triage_category,invalid_triage_code,reject
1706,ATT002688,"arrival_time, departure_time",mixed_date_format,fix (parse into one timestamp format)
1707,ATT002886,presenting_complaint,missing_presenting_complaint,fill with 'Unknown'
1709,ATT017997,presenting_complaint,inconsistent_text_format,"fix (trim spaces, standardise case)"
1710,ATT019833,presenting_complaint,inconsistent_text_format,"fix (trim spaces, standardise case)"
1711,ATT010173,"arrival_time, departure_time",mixed_date_format,fix (parse into one timestamp format)
1712,ATT003700,disposition,inconsistent_text_format,"fix (trim spaces, standardise case)"
1714,ATT006182,"arrival_time, departure_time",mixed_date_format,fix (parse into one timestamp format)
1719,ATT019371,"arrival_time, departure_time",mixed_date_format,fix (parse into one timestamp format)
1720,ATT008526,presenting_complaint,inconsistent_text_format,"fix (trim spaces, standardise case)"
1724,ATT014609,"arrival_time, departure_time",mixed_date_format,fix (parse into one timestamp format)
1725,ATT017342,disposition,inconsistent_text_format,"fix (trim spaces, standardise case)"
1727,ATT013111,disposition,inconsistent_text_format,"fix (trim spaces, standardise case)"
1727,ATT013111,"arrival_time, departure_time",mixed_date_format,fix (parse into one timestamp format)
1729,ATT004703,"arrival_time, departure_time",mixed_date_format,fix (parse into one timestamp format)
1730,ATT013778,"arrival_time, departure_time",mixed_date_format,fix (parse into one timestamp format)
1734,ATT018767,"arrival_time, departure_time",mixed_date_format,fix (parse into one timestamp format)
1736,ATT018099,arrival_time,missing_arrival_time,reject
1737,ATT005358,disposition,inconsistent_text_format,"fix (trim spaces, standardise case)"
1737,ATT005358,"arrival_time, departure_time",mixed_date_format,fix (parse into one timestamp format)
1738,ATT007697,presenting_complaint,inconsistent_text_format,"fix (trim spaces, standardise case)"
1738,ATT007697,"arrival_time, departure_time",mixed_date_format,fix (parse into one timestamp format)
1740,ATT008256,disposition,inconsistent_text_format,"fix (trim spaces, standardise case)"
1743,ATT006443,"arrival_time, departure_time",mixed_date_format,fix (parse into one timestamp format)
1745,ATT012034,"arrival_time, departure_time",mixed_date_format,fix (parse into one timestamp format)
1746,ATT016111,gp_practice_code,missing_gp_code,set to NULL and flag
1748,ATT005981,"arrival_time, departure_time",mixed_date_format,fix (parse into one timestamp format)
1751,ATT006832,disposition,inconsistent_text_format,"fix (trim spaces, standardise case)"
1752,ATT017340,triage_category,invalid_triage_code,reject
1755,ATT005283,gp_practice_code,missing_gp_code,set to NULL and flag
1756,ATT008669,"arrival_time, departure_time",mixed_date_format,fix (parse into one timestamp format)
1759,ATT003275,presenting_complaint,inconsistent_text_format,"fix (trim spaces, standardise case)"
1762,ATT004731,presenting_complaint,inconsistent_text_format,"fix (trim spaces, standardise case)"
1764,ATT005858,presenting_complaint,inconsistent_text_format,"fix (trim spaces, standardise case)"
1766,ATT018677,disposition,inconsistent_text_format,"fix (trim spaces, standardise case)"
1767,ATT000324,disposition,inconsistent_text_format,"fix (trim spaces, standardise case)"
1768,ATT016858,gp_practice_code,missing_gp_code,set to NULL and flag
1770,ATT005346,presenting_complaint,inconsistent_text_format,"fix (trim spaces, standardise case)"
1771,ATT018726,triage_category,triage_decimal_format,fix (3.0 -> 3)
1775,ATT007047,disposition,inconsistent_text_format,"fix (trim spaces, standardise case)"
1781,ATT016816,disposition,inconsistent_text_format,"fix (trim spaces, standardise case)"
1790,ATT017887,"arrival_time, departure_time",mixed_date_format,fix (parse into one timestamp format)
1793,ATT019057,"arrival_time, departure_time",mixed_date_format,fix (parse into one timestamp format)
1794,ATT005385,presenting_complaint,inconsistent_text_format,"fix (trim spaces, standardise case)"
1794,ATT005385,"arrival_time, departure_time",mixed_date_format,fix (parse into one timestamp format)
1795,ATT003827,presenting_complaint,missing_presenting_complaint,fill with 'Unknown'
1800,ATT017571,gp_practice_code,missing_gp_code,set to NULL and flag
1801,ATT015993,disposition,inconsistent_text_format,"fix (trim spaces, standardise case)"
1801,ATT015993,presenting_complaint,missing_presenting_complaint,fill with 'Unknown'
1802,ATT012387,gp_practice_code,missing_gp_code,set to NULL and flag
1803,ATT015501,presenting_complaint,inconsistent_text_format,"fix (trim spaces, standardise case)"
1804,ATT013748,presenting_complaint,inconsistent_text_format,"fix (trim spaces, standardise case)"
1805,ATT004394,disposition,inconsistent_text_format,"fix (trim spaces, standardise case)"
1806,ATT012015,disposition,inconsistent_text_format,"fix (trim spaces, standardise case)"
1809,ATT001163,triage_category,triage_decimal_format,fix (3.0 -> 3)
1811,ATT010713,disposition,inconsistent_text_format,"fix (trim spaces, standardise case)"
1814,ATT006429,"arrival_time, departure_time",mixed_date_format,fix (parse into one timestamp format)
1815,ATT007841,disposition,inconsistent_text_format,"fix (trim spaces, standardise case)"
1818,ATT001748,disposition,inconsistent_text_format,"fix (trim spaces, standardise case)"
1818,ATT001748,presenting_complaint,missing_presenting_complaint,fill with 'Unknown'
1819,ATT014353,triage_category,triage_decimal_format,fix (3.0 -> 3)
1821,ATT008869,"arrival_time, departure_time",mixed_date_format,fix (parse into one timestamp format)
1822,ATT016012,presenting_complaint,inconsistent_text_format,"fix (trim spaces, standardise case)"
1829,ATT001356,disposition,inconsistent_text_format,"fix (trim spaces, standardise case)"
1837,ATT012763,"arrival_time, departure_time",mixed_date_format,fix (parse into one timestamp format)
1839,ATT015860,gp_practice_code,missing_gp_code,set to NULL and flag
1841,ATT011166,"arrival_time, departure_time",mixed_date_format,fix (parse into one timestamp format)
1846,ATT000564,presenting_complaint,inconsistent_text_format,"fix (trim spaces, standardise case)"
1847,ATT007829,presenting_complaint,inconsistent_text_format,"fix (trim spaces, standardise case)"
1849,ATT001713,gp_practice_code,malformed_gp_code,set to NULL and flag
1850,ATT019871,presenting_complaint,inconsistent_text_format,"fix (trim spaces, standardise case)"
1852,ATT009017,presenting_complaint,inconsistent_text_format,"fix (trim spaces, standardise case)"
1853,ATT001420,presenting_complaint,inconsistent_text_format,"fix (trim spaces, standardise case)"
1853,ATT001420,"arrival_time, departure_time",mixed_date_format,fix (parse into one timestamp format)
1854,ATT003895,"arrival_time, departure_time",mixed_date_format,fix (parse into one timestamp format)
1857,ATT000827,disposition,missing_disposition,fill with 'Unknown'
1859,ATT014806,presenting_complaint,missing_presenting_complaint,fill with 'Unknown'
1860,ATT003861,triage_category,invalid_triage_code,reject
1861,ATT019539,presenting_complaint,inconsistent_text_format,"fix (trim spaces, standardise case)"
1863,ATT006232,"arrival_time, departure_time",mixed_date_format,fix (parse into one timestamp format)
1863,ATT006232,triage_category,triage_decimal_format,fix (3.0 -> 3)
1864,ATT000291,disposition,inconsistent_text_format,"fix (trim spaces, standardise case)"
1864,ATT000291,"arrival_time, departure_time",mixed_date_format,fix (parse into one timestamp format)
1870,ATT007746,"arrival_time, departure_time",mixed_date_format,fix (parse into one timestamp format)
1872,ATT002060,presenting_complaint,inconsistent_text_format,"fix (trim spaces, standardise case)"
1872,ATT002060,"arrival_time, departure_time",mixed_date_format,fix (parse into one timestamp format)
1878,ATT016032,presenting_complaint,missing_presenting_complaint,fill with 'Unknown'
1882,ATT010325,"arrival_time, departure_time",mixed_date_format,fix (parse into one timestamp format)
1885,ATT008903,gp_practice_code,gp_code_lowercase,fix (upper-case)
1885,ATT008903,disposition,inconsistent_text_format,"fix (trim spaces, standardise case)"
1893,ATT014540,gp_practice_code,missing_gp_code,set to NULL and flag
1893,ATT014540,"arrival_time, departure_time",mixed_date_format,fix (parse into one timestamp format)
1895,ATT007686,"arrival_time, departure_time",mixed_date_format,fix (parse into one timestamp format)
1901,ATT018985,presenting_complaint,missing_presenting_complaint,fill with 'Unknown'
1902,ATT006557,presenting_complaint,missing_presenting_complaint,fill with 'Unknown'
1903,ATT015859,departure_time,departure_before_arrival,reject
1903,ATT015859,presenting_complaint,inconsistent_text_format,"fix (trim spaces, standardise case)"
1903,ATT015859,disposition,inconsistent_text_format,"fix (trim spaces, standardise case)"
1904,ATT007199,disposition,inconsistent_text_format,"fix (trim spaces, standardise case)"
1904,ATT007199,"arrival_time, departure_time",mixed_date_format,fix (parse into one timestamp format)
1905,ATT008528,presenting_complaint,inconsistent_text_format,"fix (trim spaces, standardise case)"
1907,ATT019241,"arrival_time, departure_time",mixed_date_format,fix (parse into one timestamp format)
1911,ATT014735,departure_time,missing_departure_time,reject
1913,ATT002301,"arrival_time, departure_time",mixed_date_format,fix (parse into one timestamp format)
1914,ATT015532,"arrival_time, departure_time",mixed_date_format,fix (parse into one timestamp format)
1916,ATT010585,presenting_complaint,inconsistent_text_format,"fix (trim spaces, standardise case)"
1919,ATT009685,gp_practice_code,missing_gp_code,set to NULL and flag
1920,ATT018491,gp_practice_code,missing_gp_code,set to NULL and flag
1923,ATT003074,disposition,inconsistent_text_format,"fix (trim spaces, standardise case)"
1927,ATT007362,presenting_complaint,inconsistent_text_format,"fix (trim spaces, standardise case)"
1928,ATT019576,presenting_complaint,inconsistent_text_format,"fix (trim spaces, standardise case)"
1928,ATT019576,"arrival_time, departure_time",mixed_date_format,fix (parse into one timestamp format)
1930,ATT017127,presenting_complaint,inconsistent_text_format,"fix (trim spaces, standardise case)"
1931,ATT014346,disposition,inconsistent_text_format,"fix (trim spaces, standardise case)"
1933,ATT018535,gp_practice_code,missing_gp_code,set to NULL and flag
1933,ATT018535,"arrival_time, departure_time",mixed_date_format,fix (parse into one timestamp format)
1934,ATT017723,presenting_complaint,inconsistent_text_format,"fix (trim spaces, standardise case)"
1939,ATT008806,presenting_complaint,inconsistent_text_format,"fix (trim spaces, standardise case)"
1940,ATT006917,gp_practice_code,gp_code_lowercase,fix (upper-case)
1944,ATT005818,disposition,inconsistent_text_format,"fix (trim spaces, standardise case)"
1944,ATT005818,triage_category,triage_decimal_format,fix (3.0 -> 3)
1945,ATT013895,"arrival_time, departure_time",mixed_date_format,fix (parse into one timestamp format)
1946,ATT002586,"arrival_time, departure_time",mixed_date_format,fix (parse into one timestamp format)
1947,ATT011041,"arrival_time, departure_time",mixed_date_format,fix (parse into one timestamp format)
1949,ATT010129,disposition,inconsistent_text_format,"fix (trim spaces, standardise case)"
1949,ATT010129,presenting_complaint,missing_presenting_complaint,fill with 'Unknown'
1949,ATT010129,"arrival_time, departure_time",mixed_date_format,fix (parse into one timestamp format)
1952,ATT016481,triage_category,invalid_triage_code,reject
1955,ATT006221,"arrival_time, departure_time",mixed_date_format,fix (parse into one timestamp format)
1956,ATT000853,"arrival_time, departure_time",mixed_date_format,fix (parse into one timestamp format)
1957,ATT005145,gp_practice_code,missing_gp_code,set to NULL and flag
1960,ATT002555,"arrival_time, departure_time",mixed_date_format,fix (parse into one timestamp format)
1962,ATT010270,gp_practice_code,gp_code_lowercase,fix (upper-case)
1964,ATT011492,disposition,inconsistent_text_format,"fix (trim spaces, standardise case)"
1964,ATT011492,"arrival_time, departure_time",mixed_date_format,fix (parse into one timestamp format)
1967,ATT003001,disposition,inconsistent_text_format,"fix (trim spaces, standardise case)"
1969,ATT014261,disposition,inconsistent_text_format,"fix (trim spaces, standardise case)"
1972,ATT000737,disposition,inconsistent_text_format,"fix (trim spaces, standardise case)"
1975,ATT016689,"arrival_time, departure_time",mixed_date_format,fix (parse into one timestamp format)
1976,ATT003475,disposition,inconsistent_text_format,"fix (trim spaces, standardise case)"
1976,ATT003475,"arrival_time, departure_time",mixed_date_format,fix (parse into one timestamp format)
1977,ATT011510,triage_category,invalid_triage_code,reject
1978,ATT012322,disposition,inconsistent_text_format,"fix (trim spaces, standardise case)"
1982,ATT005377,triage_category,triage_decimal_format,fix (3.0 -> 3)
1983,ATT005585,presenting_complaint,inconsistent_text_format,"fix (trim spaces, standardise case)"
1986,ATT017492,presenting_complaint,inconsistent_text_format,"fix (trim spaces, standardise case)"
1993,ATT018885,disposition,inconsistent_text_format,"fix (trim spaces, standardise case)"
1993,ATT018885,"arrival_time, departure_time",mixed_date_format,fix (parse into one timestamp format)
1994,ATT017058,presenting_complaint,missing_presenting_complaint,fill with 'Unknown'
1994,ATT017058,"arrival_time, departure_time",mixed_date_format,fix (parse into one timestamp format)
2000,ATT019703,disposition,inconsistent_text_format,"fix (trim spaces, standardise case)"
2003,ATT015871,disposition,inconsistent_text_format,"fix (trim spaces, standardise case)"
2004,ATT018321,presenting_complaint,inconsistent_text_format,"fix (trim spaces, standardise case)"
2006,ATT016358,presenting_complaint,inconsistent_text_format,"fix (trim spaces, standardise case)"
2007,ATT014376,disposition,inconsistent_text_format,"fix (trim spaces, standardise case)"
2011,ATT000042,presenting_complaint,inconsistent_text_format,"fix (trim spaces, standardise case)"
2017,ATT010753,"arrival_time, departure_time",mixed_date_format,fix (parse into one timestamp format)
2018,ATT011571,presenting_complaint,inconsistent_text_format,"fix (trim spaces, standardise case)"
2020,ATT002042,"arrival_time, departure_time",mixed_date_format,fix (parse into one timestamp format)
2021,ATT018426,presenting_complaint,missing_presenting_complaint,fill with 'Unknown'
2021,ATT018426,"arrival_time, departure_time",mixed_date_format,fix (parse into one timestamp format)
2022,ATT003352,presenting_complaint,inconsistent_text_format,"fix (trim spaces, standardise case)"
2025,ATT005826,presenting_complaint,inconsistent_text_format,"fix (trim spaces, standardise case)"
2025,ATT005826,"arrival_time, departure_time",mixed_date_format,fix (parse into one timestamp format)
2026,ATT001124,disposition,inconsistent_text_format,"fix (trim spaces, standardise case)"
2027,ATT008724,"arrival_time, departure_time",mixed_date_format,fix (parse into one timestamp format)
2030,ATT004038,presenting_complaint,inconsistent_text_format,"fix (trim spaces, standardise case)"
2031,ATT018232,gp_practice_code,missing_gp_code,set to NULL and flag
2033,ATT004872,presenting_complaint,missing_presenting_complaint,fill with 'Unknown'
2034,ATT015807,disposition,inconsistent_text_format,"fix (trim spaces, standardise case)"
2037,ATT001348,disposition,inconsistent_text_format,"fix (trim spaces, standardise case)"
2037,ATT001348,gp_practice_code,missing_gp_code,set to NULL and flag
2039,ATT012409,presenting_complaint,inconsistent_text_format,"fix (trim spaces, standardise case)"
2039,ATT012409,"arrival_time, departure_time",mixed_date_format,fix (parse into one timestamp format)
2045,ATT019989,arrival_time,missing_arrival_time,reject
2048,ATT012144,"arrival_time, departure_time",mixed_date_format,fix (parse into one timestamp format)
2050,ATT017227,"arrival_time, departure_time",mixed_date_format,fix (parse into one timestamp format)
2052,ATT005218,presenting_complaint,inconsistent_text_format,"fix (trim spaces, standardise case)"
2053,ATT000036,disposition,inconsistent_text_format,"fix (trim spaces, standardise case)"
2054,ATT004111,"arrival_time, departure_time",mixed_date_format,fix (parse into one timestamp format)
2055,ATT012702,"arrival_time, departure_time",mixed_date_format,fix (parse into one timestamp format)
2059,ATT017364,"arrival_time, departure_time",mixed_date_format,fix (parse into one timestamp format)
2061,ATT005184,disposition,inconsistent_text_format,"fix (trim spaces, standardise case)"
2061,ATT005184,triage_category,triage_decimal_format,fix (3.0 -> 3)
2064,ATT004154,"arrival_time, departure_time",mixed_date_format,fix (parse into one timestamp format)
2072,ATT005598,gp_practice_code,malformed_gp_code,set to NULL and flag
2081,ATT006978,"arrival_time, departure_time",mixed_date_format,fix (parse into one timestamp format)
2082,ATT013990,"arrival_time, departure_time",mixed_date_format,fix (parse into one timestamp format)
2084,ATT009348,"arrival_time, departure_time",mixed_date_format,fix (parse into one timestamp format)
2085,ATT002609,presenting_complaint,inconsistent_text_format,"fix (trim spaces, standardise case)"
2085,ATT002609,"arrival_time, departure_time",mixed_date_format,fix (parse into one timestamp format)
2089,ATT016779,disposition,inconsistent_text_format,"fix (trim spaces, standardise case)"
2089,ATT016779,"arrival_time, departure_time",mixed_date_format,fix (parse into one timestamp format)
2090,ATT001867,presenting_complaint,inconsistent_text_format,"fix (trim spaces, standardise case)"
2093,ATT014619,presenting_complaint,inconsistent_text_format,"fix (trim spaces, standardise case)"
2095,ATT004246,departure_time,departure_before_arrival,reject
2096,ATT000652,"arrival_time, departure_time",mixed_date_format,fix (parse into one timestamp format)
2098,ATT008145,"arrival_time, departure_time",mixed_date_format,fix (parse into one timestamp format)
2101,ATT017964,disposition,inconsistent_text_format,"fix (trim spaces, standardise case)"
2103,ATT018008,disposition,missing_disposition,fill with 'Unknown'
2103,ATT018008,triage_category,triage_decimal_format,fix (3.0 -> 3)
2104,ATT006947,gp_practice_code,malformed_gp_code,set to NULL and flag
2107,ATT017401,"arrival_time, departure_time",mixed_date_format,fix (parse into one timestamp format)
2109,ATT015559,"arrival_time, departure_time",mixed_date_format,fix (parse into one timestamp format)
2110,ATT011652,gp_practice_code,gp_code_lowercase,fix (upper-case)
2110,ATT011652,disposition,inconsistent_text_format,"fix (trim spaces, standardise case)"
2111,ATT012907,presenting_complaint,inconsistent_text_format,"fix (trim spaces, standardise case)"
2115,ATT005364,presenting_complaint,inconsistent_text_format,"fix (trim spaces, standardise case)"
2116,ATT000648,disposition,inconsistent_text_format,"fix (trim spaces, standardise case)"
2119,ATT014910,presenting_complaint,inconsistent_text_format,"fix (trim spaces, standardise case)"
2122,ATT001906,disposition,inconsistent_text_format,"fix (trim spaces, standardise case)"
2123,ATT009661,disposition,missing_disposition,fill with 'Unknown'
2127,ATT002931,gp_practice_code,malformed_gp_code,set to NULL and flag
2128,ATT016770,presenting_complaint,inconsistent_text_format,"fix (trim spaces, standardise case)"
2129,ATT015074,disposition,inconsistent_text_format,"fix (trim spaces, standardise case)"
2131,ATT003948,disposition,inconsistent_text_format,"fix (trim spaces, standardise case)"
2138,ATT004681,"arrival_time, departure_time",mixed_date_format,fix (parse into one timestamp format)
2139,ATT018705,gp_practice_code,missing_gp_code,set to NULL and flag
2144,ATT013209,presenting_complaint,missing_presenting_complaint,fill with 'Unknown'
2145,ATT007890,presenting_complaint,inconsistent_text_format,"fix (trim spaces, standardise case)"
2146,ATT013279,"arrival_time, departure_time",mixed_date_format,fix (parse into one timestamp format)
2148,ATT003722,"arrival_time, departure_time",mixed_date_format,fix (parse into one timestamp format)
2149,ATT007607,presenting_complaint,missing_presenting_complaint,fill with 'Unknown'
2152,ATT017807,presenting_complaint,inconsistent_text_format,"fix (trim spaces, standardise case)"
2154,ATT003573,presenting_complaint,inconsistent_text_format,"fix (trim spaces, standardise case)"
2156,ATT001839,"arrival_time, departure_time",mixed_date_format,fix (parse into one timestamp format)
2161,ATT010220,"arrival_time, departure_time",mixed_date_format,fix (parse into one timestamp format)
2162,ATT013714,"arrival_time, departure_time",mixed_date_format,fix (parse into one timestamp format)
2163,ATT000388,gp_practice_code,missing_gp_code,set to NULL and flag
2173,ATT007773,presenting_complaint,inconsistent_text_format,"fix (trim spaces, standardise case)"
2175,ATT017262,gp_practice_code,missing_gp_code,set to NULL and flag
2176,ATT005422,"arrival_time, departure_time",mixed_date_format,fix (parse into one timestamp format)
2179,ATT019745,gp_practice_code,gp_code_lowercase,fix (upper-case)
2181,ATT012166,disposition,inconsistent_text_format,"fix (trim spaces, standardise case)"
2181,ATT012166,gp_practice_code,missing_gp_code,set to NULL and flag
2183,ATT004895,departure_time,departure_before_arrival,reject
2185,ATT015632,"arrival_time, departure_time",mixed_date_format,fix (parse into one timestamp format)
2188,ATT007222,presenting_complaint,missing_presenting_complaint,fill with 'Unknown'
2189,ATT010121,"arrival_time, departure_time",mixed_date_format,fix (parse into one timestamp format)
2199,ATT003025,"arrival_time, departure_time",mixed_date_format,fix (parse into one timestamp format)
2201,ATT006848,disposition,inconsistent_text_format,"fix (trim spaces, standardise case)"
2204,ATT002496,gp_practice_code,malformed_gp_code,set to NULL and flag
2205,ATT006504,disposition,inconsistent_text_format,"fix (trim spaces, standardise case)"
2206,ATT008378,presenting_complaint,inconsistent_text_format,"fix (trim spaces, standardise case)"
2207,ATT017621,disposition,inconsistent_text_format,"fix (trim spaces, standardise case)"
2208,ATT017841,gp_practice_code,missing_gp_code,set to NULL and flag
2209,ATT010088,"arrival_time, departure_time",mixed_date_format,fix (parse into one timestamp format)
2211,ATT018077,gp_practice_code,malformed_gp_code,set to NULL and flag
2212,ATT015926,departure_time,departure_before_arrival,reject
2212,ATT015926,"arrival_time, departure_time",mixed_date_format,fix (parse into one timestamp format)
2213,ATT003590,presenting_complaint,inconsistent_text_format,"fix (trim spaces, standardise case)"
2221,ATT016798,presenting_complaint,inconsistent_text_format,"fix (trim spaces, standardise case)"
2222,ATT007345,presenting_complaint,inconsistent_text_format,"fix (trim spaces, standardise case)"
2222,ATT007345,gp_practice_code,malformed_gp_code,set to NULL and flag
2223,ATT016668,presenting_complaint,inconsistent_text_format,"fix (trim spaces, standardise case)"
2226,ATT012963,disposition,missing_disposition,fill with 'Unknown'
2230,ATT015119,presenting_complaint,inconsistent_text_format,"fix (trim spaces, standardise case)"
2237,ATT000477,presenting_complaint,inconsistent_text_format,"fix (trim spaces, standardise case)"
2238,ATT014150,presenting_complaint,inconsistent_text_format,"fix (trim spaces, standardise case)"
2238,ATT014150,disposition,inconsistent_text_format,"fix (trim spaces, standardise case)"
2243,ATT013857,"arrival_time, departure_time",mixed_date_format,fix (parse into one timestamp format)
2244,ATT004768,"arrival_time, departure_time",mixed_date_format,fix (parse into one timestamp format)
2246,ATT002320,presenting_complaint,inconsistent_text_format,"fix (trim spaces, standardise case)"
2246,ATT002320,disposition,inconsistent_text_format,"fix (trim spaces, standardise case)"
2246,ATT002320,gp_practice_code,missing_gp_code,set to NULL and flag
2246,ATT002320,"arrival_time, departure_time",mixed_date_format,fix (parse into one timestamp format)
2248,ATT004978,"arrival_time, departure_time",mixed_date_format,fix (parse into one timestamp format)
2250,ATT010405,presenting_complaint,inconsistent_text_format,"fix (trim spaces, standardise case)"
2253,ATT005509,presenting_complaint,inconsistent_text_format,"fix (trim spaces, standardise case)"
2257,ATT002603,gp_practice_code,missing_gp_code,set to NULL and flag
2259,ATT013523,disposition,inconsistent_text_format,"fix (trim spaces, standardise case)"
2259,ATT013523,"arrival_time, departure_time",mixed_date_format,fix (parse into one timestamp format)
2259,ATT013523,triage_category,triage_decimal_format,fix (3.0 -> 3)
2262,ATT008162,disposition,inconsistent_text_format,"fix (trim spaces, standardise case)"
2262,ATT008162,"arrival_time, departure_time",mixed_date_format,fix (parse into one timestamp format)
2263,ATT011296,"arrival_time, departure_time",mixed_date_format,fix (parse into one timestamp format)
2266,ATT002636,(entire row),duplicate_row,remove (keep first)
2267,ATT017294,"arrival_time, departure_time",mixed_date_format,fix (parse into one timestamp format)
2269,ATT015066,presenting_complaint,missing_presenting_complaint,fill with 'Unknown'
2274,ATT010409,disposition,inconsistent_text_format,"fix (trim spaces, standardise case)"
2274,ATT010409,"arrival_time, departure_time",mixed_date_format,fix (parse into one timestamp format)
2275,ATT016262,gp_practice_code,missing_gp_code,set to NULL and flag
2278,ATT015274,gp_practice_code,missing_gp_code,set to NULL and flag
2281,ATT018591,"arrival_time, departure_time",mixed_date_format,fix (parse into one timestamp format)
2285,ATT015304,"arrival_time, departure_time",mixed_date_format,fix (parse into one timestamp format)
2286,ATT003770,triage_category,invalid_triage_code,reject
2287,ATT011699,departure_time,departure_before_arrival,reject
2287,ATT011699,"arrival_time, departure_time",mixed_date_format,fix (parse into one timestamp format)
2290,ATT013269,disposition,inconsistent_text_format,"fix (trim spaces, standardise case)"
2291,ATT001442,gp_practice_code,malformed_gp_code,set to NULL and flag
2292,ATT011256,"arrival_time, departure_time",mixed_date_format,fix (parse into one timestamp format)
2294,ATT007316,gp_practice_code,gp_code_lowercase,fix (upper-case)
2295,ATT018903,gp_practice_code,gp_code_lowercase,fix (upper-case)
2296,ATT018601,presenting_complaint,inconsistent_text_format,"fix (trim spaces, standardise case)"
2298,ATT015457,"arrival_time, departure_time",mixed_date_format,fix (parse into one timestamp format)
2299,ATT019901,disposition,inconsistent_text_format,"fix (trim spaces, standardise case)"
2300,ATT007932,disposition,inconsistent_text_format,"fix (trim spaces, standardise case)"
2301,ATT018559,presenting_complaint,missing_presenting_complaint,fill with 'Unknown'
2302,ATT011597,"arrival_time, departure_time",mixed_date_format,fix (parse into one timestamp format)
2305,ATT011859,presenting_complaint,inconsistent_text_format,"fix (trim spaces, standardise case)"
2307,ATT002484,presenting_complaint,missing_presenting_complaint,fill with 'Unknown'
2308,ATT002877,"arrival_time, departure_time",mixed_date_format,fix (parse into one timestamp format)
2313,ATT003489,gp_practice_code,missing_gp_code,set to NULL and flag
2321,ATT004190,presenting_complaint,missing_presenting_complaint,fill with 'Unknown'
2321,ATT004190,"arrival_time, departure_time",mixed_date_format,fix (parse into one timestamp format)
2323,ATT008467,presenting_complaint,inconsistent_text_format,"fix (trim spaces, standardise case)"
2326,ATT002993,gp_practice_code,malformed_gp_code,set to NULL and flag
2327,ATT018594,pseudo_patient_id,missing_patient_id,reject
2331,ATT006509,presenting_complaint,inconsistent_text_format,"fix (trim spaces, standardise case)"
2332,ATT012557,presenting_complaint,inconsistent_text_format,"fix (trim spaces, standardise case)"
2335,ATT002130,departure_time,missing_departure_time,reject
2341,ATT005611,triage_category,triage_decimal_format,fix (3.0 -> 3)
2342,ATT007701,gp_practice_code,missing_gp_code,set to NULL and flag
2342,ATT007701,"arrival_time, departure_time",mixed_date_format,fix (parse into one timestamp format)
2343,ATT001384,gp_practice_code,missing_gp_code,set to NULL and flag
2345,ATT013025,presenting_complaint,inconsistent_text_format,"fix (trim spaces, standardise case)"
2349,ATT008587,presenting_complaint,missing_presenting_complaint,fill with 'Unknown'
2350,ATT015638,"arrival_time, departure_time",mixed_date_format,fix (parse into one timestamp format)
2352,ATT011622,gp_practice_code,missing_gp_code,set to NULL and flag
2353,ATT008624,"arrival_time, departure_time",mixed_date_format,fix (parse into one timestamp format)
2354,ATT003704,disposition,inconsistent_text_format,"fix (trim spaces, standardise case)"
2356,ATT013511,presenting_complaint,inconsistent_text_format,"fix (trim spaces, standardise case)"
2361,ATT002468,"arrival_time, departure_time",mixed_date_format,fix (parse into one timestamp format)
2372,ATT004198,presenting_complaint,inconsistent_text_format,"fix (trim spaces, standardise case)"
2376,ATT018182,"arrival_time, departure_time",mixed_date_format,fix (parse into one timestamp format)
2377,ATT005355,disposition,inconsistent_text_format,"fix (trim spaces, standardise case)"
2378,ATT008374,disposition,inconsistent_text_format,"fix (trim spaces, standardise case)"
2383,ATT012990,"arrival_time, departure_time",mixed_date_format,fix (parse into one timestamp format)
2386,ATT007318,"arrival_time, departure_time",mixed_date_format,fix (parse into one timestamp format)
2388,ATT007150,gp_practice_code,gp_code_lowercase,fix (upper-case)
2388,ATT007150,disposition,inconsistent_text_format,"fix (trim spaces, standardise case)"
2390,ATT014442,departure_time,departure_before_arrival,reject
2390,ATT014442,"arrival_time, departure_time",mixed_date_format,fix (parse into one timestamp format)
2392,ATT013486,"arrival_time, departure_time",mixed_date_format,fix (parse into one timestamp format)
2394,ATT014412,disposition,inconsistent_text_format,"fix (trim spaces, standardise case)"
2395,ATT006271,presenting_complaint,missing_presenting_complaint,fill with 'Unknown'
2396,ATT017146,presenting_complaint,inconsistent_text_format,"fix (trim spaces, standardise case)"
2396,ATT017146,"arrival_time, departure_time",mixed_date_format,fix (parse into one timestamp format)
2397,ATT009521,disposition,inconsistent_text_format,"fix (trim spaces, standardise case)"
2398,ATT016935,presenting_complaint,inconsistent_text_format,"fix (trim spaces, standardise case)"
2398,ATT016935,disposition,inconsistent_text_format,"fix (trim spaces, standardise case)"
2404,ATT011809,gp_practice_code,missing_gp_code,set to NULL and flag
2406,ATT015941,disposition,inconsistent_text_format,"fix (trim spaces, standardise case)"
2408,ATT010207,disposition,inconsistent_text_format,"fix (trim spaces, standardise case)"
2409,ATT006600,arrival_time,missing_arrival_time,reject
2410,ATT007912,"arrival_time, departure_time",mixed_date_format,fix (parse into one timestamp format)
2418,ATT002622,disposition,missing_disposition,fill with 'Unknown'
2419,ATT010350,gp_practice_code,missing_gp_code,set to NULL and flag
2420,ATT006052,disposition,inconsistent_text_format,"fix (trim spaces, standardise case)"
2421,ATT008328,"arrival_time, departure_time",mixed_date_format,fix (parse into one timestamp format)
2424,ATT015103,presenting_complaint,inconsistent_text_format,"fix (trim spaces, standardise case)"
2425,ATT010353,disposition,inconsistent_text_format,"fix (trim spaces, standardise case)"
2428,ATT004357,presenting_complaint,inconsistent_text_format,"fix (trim spaces, standardise case)"
2429,ATT002481,disposition,inconsistent_text_format,"fix (trim spaces, standardise case)"
2430,ATT012999,presenting_complaint,inconsistent_text_format,"fix (trim spaces, standardise case)"
2430,ATT012999,gp_practice_code,missing_gp_code,set to NULL and flag
2431,ATT019015,presenting_complaint,inconsistent_text_format,"fix (trim spaces, standardise case)"
2434,ATT012222,"arrival_time, departure_time",mixed_date_format,fix (parse into one timestamp format)
2436,ATT000007,departure_time,departure_before_arrival,reject
2439,ATT014426,presenting_complaint,inconsistent_text_format,"fix (trim spaces, standardise case)"
2443,ATT017025,"arrival_time, departure_time",mixed_date_format,fix (parse into one timestamp format)
2446,ATT005863,gp_practice_code,gp_code_lowercase,fix (upper-case)
2448,ATT019411,"arrival_time, departure_time",mixed_date_format,fix (parse into one timestamp format)
2450,ATT010045,presenting_complaint,missing_presenting_complaint,fill with 'Unknown'
2451,ATT004521,presenting_complaint,inconsistent_text_format,"fix (trim spaces, standardise case)"
2451,ATT004521,triage_category,triage_decimal_format,fix (3.0 -> 3)
2452,ATT015145,presenting_complaint,inconsistent_text_format,"fix (trim spaces, standardise case)"
2454,ATT009877,presenting_complaint,inconsistent_text_format,"fix (trim spaces, standardise case)"
2454,ATT009877,disposition,missing_disposition,fill with 'Unknown'
2455,ATT001024,"arrival_time, departure_time",mixed_date_format,fix (parse into one timestamp format)
2456,ATT005275,disposition,inconsistent_text_format,"fix (trim spaces, standardise case)"
2456,ATT005275,triage_category,triage_decimal_format,fix (3.0 -> 3)
2459,ATT013134,disposition,inconsistent_text_format,"fix (trim spaces, standardise case)"
2460,ATT018311,presenting_complaint,inconsistent_text_format,"fix (trim spaces, standardise case)"
2466,ATT010237,gp_practice_code,missing_gp_code,set to NULL and flag
2467,ATT006217,gp_practice_code,missing_gp_code,set to NULL and flag
2468,ATT015970,departure_time,missing_departure_time,reject
2471,ATT017875,presenting_complaint,inconsistent_text_format,"fix (trim spaces, standardise case)"
2472,ATT006620,disposition,inconsistent_text_format,"fix (trim spaces, standardise case)"
2474,ATT017654,gp_practice_code,missing_gp_code,set to NULL and flag
2476,ATT007088,departure_time,missing_departure_time,reject
2477,ATT016085,disposition,inconsistent_text_format,"fix (trim spaces, standardise case)"
2477,ATT016085,gp_practice_code,malformed_gp_code,set to NULL and flag
2478,ATT016809,"arrival_time, departure_time",mixed_date_format,fix (parse into one timestamp format)
2480,ATT009168,disposition,missing_disposition,fill with 'Unknown'
2483,ATT003406,presenting_complaint,missing_presenting_complaint,fill with 'Unknown'
2485,ATT000559,disposition,inconsistent_text_format,"fix (trim spaces, standardise case)"
2487,ATT017242,presenting_complaint,inconsistent_text_format,"fix (trim spaces, standardise case)"
2487,ATT017242,triage_category,triage_decimal_format,fix (3.0 -> 3)
2497,ATT008487,disposition,inconsistent_text_format,"fix (trim spaces, standardise case)"
2497,ATT008487,presenting_complaint,missing_presenting_complaint,fill with 'Unknown'
2504,ATT001471,disposition,inconsistent_text_format,"fix (trim spaces, standardise case)"
2505,ATT002606,"arrival_time, departure_time",mixed_date_format,fix (parse into one timestamp format)
2510,ATT004338,"arrival_time, departure_time",mixed_date_format,fix (parse into one timestamp format)
2514,ATT009145,disposition,inconsistent_text_format,"fix (trim spaces, standardise case)"
2514,ATT009145,"arrival_time, departure_time",mixed_date_format,fix (parse into one timestamp format)
2518,ATT008910,"arrival_time, departure_time",mixed_date_format,fix (parse into one timestamp format)
2520,ATT002253,gp_practice_code,missing_gp_code,set to NULL and flag
2522,ATT017581,disposition,inconsistent_text_format,"fix (trim spaces, standardise case)"
2526,ATT015607,gp_practice_code,missing_gp_code,set to NULL and flag
2529,ATT002679,departure_time,missing_departure_time,reject
2530,ATT015379,presenting_complaint,inconsistent_text_format,"fix (trim spaces, standardise case)"
2532,ATT007622,"arrival_time, departure_time",mixed_date_format,fix (parse into one timestamp format)
2535,ATT018536,"arrival_time, departure_time",mixed_date_format,fix (parse into one timestamp format)
2537,ATT003756,gp_practice_code,missing_gp_code,set to NULL and flag
2543,ATT007336,presenting_complaint,missing_presenting_complaint,fill with 'Unknown'
2543,ATT007336,"arrival_time, departure_time",mixed_date_format,fix (parse into one timestamp format)
2544,ATT000362,"arrival_time, departure_time",mixed_date_format,fix (parse into one timestamp format)
2547,ATT007257,presenting_complaint,inconsistent_text_format,"fix (trim spaces, standardise case)"
2548,ATT006378,"arrival_time, departure_time",mixed_date_format,fix (parse into one timestamp format)
2550,ATT016351,presenting_complaint,missing_presenting_complaint,fill with 'Unknown'
2553,ATT013859,triage_category,invalid_triage_code,reject
2553,ATT013859,"arrival_time, departure_time",mixed_date_format,fix (parse into one timestamp format)
2555,ATT016967,"arrival_time, departure_time",mixed_date_format,fix (parse into one timestamp format)
2561,ATT001158,"arrival_time, departure_time",mixed_date_format,fix (parse into one timestamp format)
2565,ATT008479,"arrival_time, departure_time",mixed_date_format,fix (parse into one timestamp format)
2567,ATT005161,"arrival_time, departure_time",mixed_date_format,fix (parse into one timestamp format)
2568,ATT016792,presenting_complaint,inconsistent_text_format,"fix (trim spaces, standardise case)"
2570,ATT000292,presenting_complaint,inconsistent_text_format,"fix (trim spaces, standardise case)"
2572,ATT016092,"arrival_time, departure_time",mixed_date_format,fix (parse into one timestamp format)
2575,ATT013754,"arrival_time, departure_time",mixed_date_format,fix (parse into one timestamp format)
2577,ATT003920,presenting_complaint,inconsistent_text_format,"fix (trim spaces, standardise case)"
2582,ATT008407,"arrival_time, departure_time",mixed_date_format,fix (parse into one timestamp format)
2584,ATT009771,presenting_complaint,inconsistent_text_format,"fix (trim spaces, standardise case)"
2584,ATT009771,"arrival_time, departure_time",mixed_date_format,fix (parse into one timestamp format)
2586,ATT003172,disposition,missing_disposition,fill with 'Unknown'
2594,ATT015351,departure_time,missing_departure_time,reject
2595,ATT004085,disposition,inconsistent_text_format,"fix (trim spaces, standardise case)"
2596,ATT010633,"arrival_time, departure_time",mixed_date_format,fix (parse into one timestamp format)
2601,ATT016257,gp_practice_code,missing_gp_code,set to NULL and flag
2606,ATT006244,disposition,inconsistent_text_format,"fix (trim spaces, standardise case)"
2606,ATT006244,"arrival_time, departure_time",mixed_date_format,fix (parse into one timestamp format)
2609,ATT016219,gp_practice_code,gp_code_lowercase,fix (upper-case)
2615,ATT002827,"arrival_time, departure_time",mixed_date_format,fix (parse into one timestamp format)
2618,ATT015101,disposition,inconsistent_text_format,"fix (trim spaces, standardise case)"
2618,ATT015101,gp_practice_code,malformed_gp_code,set to NULL and flag
2622,ATT003243,"arrival_time, departure_time",mixed_date_format,fix (parse into one timestamp format)
2623,ATT007306,gp_practice_code,missing_gp_code,set to NULL and flag
2624,ATT004822,triage_category,triage_decimal_format,fix (3.0 -> 3)
2625,ATT004266,"arrival_time, departure_time",mixed_date_format,fix (parse into one timestamp format)
2626,ATT003354,presenting_complaint,missing_presenting_complaint,fill with 'Unknown'
2627,ATT014635,disposition,inconsistent_text_format,"fix (trim spaces, standardise case)"
2632,ATT003214,gp_practice_code,gp_code_lowercase,fix (upper-case)
2632,ATT003214,"arrival_time, departure_time",mixed_date_format,fix (parse into one timestamp format)
2633,ATT015123,presenting_complaint,inconsistent_text_format,"fix (trim spaces, standardise case)"
2635,ATT010049,presenting_complaint,inconsistent_text_format,"fix (trim spaces, standardise case)"
2636,ATT009977,gp_practice_code,missing_gp_code,set to NULL and flag
2636,ATT009977,"arrival_time, departure_time",mixed_date_format,fix (parse into one timestamp format)
2638,ATT012461,presenting_complaint,missing_presenting_complaint,fill with 'Unknown'
2639,ATT015565,triage_category,invalid_triage_code,reject
2641,ATT016476,presenting_complaint,missing_presenting_complaint,fill with 'Unknown'
2642,ATT014683,presenting_complaint,inconsistent_text_format,"fix (trim spaces, standardise case)"
2643,ATT012691,presenting_complaint,inconsistent_text_format,"fix (trim spaces, standardise case)"
2644,ATT016410,(entire row),duplicate_row,remove (keep first)
2647,ATT014069,presenting_complaint,inconsistent_text_format,"fix (trim spaces, standardise case)"
2650,ATT010803,disposition,inconsistent_text_format,"fix (trim spaces, standardise case)"
2654,ATT015147,"arrival_time, departure_time",mixed_date_format,fix (parse into one timestamp format)
2656,ATT011982,presenting_complaint,inconsistent_text_format,"fix (trim spaces, standardise case)"
2659,ATT015764,presenting_complaint,missing_presenting_complaint,fill with 'Unknown'
2660,ATT012463,"arrival_time, departure_time",mixed_date_format,fix (parse into one timestamp format)
2661,ATT003024,disposition,inconsistent_text_format,"fix (trim spaces, standardise case)"
2666,ATT006004,"arrival_time, departure_time",mixed_date_format,fix (parse into one timestamp format)
2668,ATT016988,presenting_complaint,inconsistent_text_format,"fix (trim spaces, standardise case)"
2674,ATT018853,disposition,missing_disposition,fill with 'Unknown'
2675,ATT012986,"arrival_time, departure_time",mixed_date_format,fix (parse into one timestamp format)
2677,ATT003063,presenting_complaint,inconsistent_text_format,"fix (trim spaces, standardise case)"
2682,ATT004008,"arrival_time, departure_time",mixed_date_format,fix (parse into one timestamp format)
2684,ATT013312,disposition,inconsistent_text_format,"fix (trim spaces, standardise case)"
2686,ATT012407,disposition,inconsistent_text_format,"fix (trim spaces, standardise case)"
2690,ATT019348,disposition,missing_disposition,fill with 'Unknown'
2690,ATT019348,"arrival_time, departure_time",mixed_date_format,fix (parse into one timestamp format)
2700,ATT014168,gp_practice_code,malformed_gp_code,set to NULL and flag
2701,ATT016733,"arrival_time, departure_time",mixed_date_format,fix (parse into one timestamp format)
2703,ATT004565,presenting_complaint,inconsistent_text_format,"fix (trim spaces, standardise case)"
2704,ATT014841,disposition,missing_disposition,fill with 'Unknown'
2704,ATT014841,"arrival_time, departure_time",mixed_date_format,fix (parse into one timestamp format)
2705,ATT006163,presenting_complaint,missing_presenting_complaint,fill with 'Unknown'
2708,ATT004149,presenting_complaint,inconsistent_text_format,"fix (trim spaces, standardise case)"
2710,ATT007792,disposition,inconsistent_text_format,"fix (trim spaces, standardise case)"
2711,ATT012139,presenting_complaint,inconsistent_text_format,"fix (trim spaces, standardise case)"
2713,ATT000486,"arrival_time, departure_time",mixed_date_format,fix (parse into one timestamp format)
2719,ATT005750,presenting_complaint,inconsistent_text_format,"fix (trim spaces, standardise case)"
2727,ATT013675,gp_practice_code,gp_code_lowercase,fix (upper-case)
2728,ATT006668,disposition,inconsistent_text_format,"fix (trim spaces, standardise case)"
2728,ATT006668,gp_practice_code,missing_gp_code,set to NULL and flag
2730,ATT016075,gp_practice_code,gp_code_lowercase,fix (upper-case)
2731,ATT005803,"arrival_time, departure_time",mixed_date_format,fix (parse into one timestamp format)
2733,ATT008736,"arrival_time, departure_time",mixed_date_format,fix (parse into one timestamp format)
2734,ATT019782,disposition,inconsistent_text_format,"fix (trim spaces, standardise case)"
2734,ATT019782,"arrival_time, departure_time",mixed_date_format,fix (parse into one timestamp format)
2736,ATT006558,disposition,inconsistent_text_format,"fix (trim spaces, standardise case)"
2736,ATT006558,"arrival_time, departure_time",mixed_date_format,fix (parse into one timestamp format)
2739,ATT018419,triage_category,triage_decimal_format,fix (3.0 -> 3)
2740,ATT003922,"arrival_time, departure_time",mixed_date_format,fix (parse into one timestamp format)
2741,ATT015747,"arrival_time, departure_time",mixed_date_format,fix (parse into one timestamp format)
2746,ATT006893,disposition,inconsistent_text_format,"fix (trim spaces, standardise case)"
2748,ATT010222,"arrival_time, departure_time",mixed_date_format,fix (parse into one timestamp format)
2754,ATT000602,"arrival_time, departure_time",mixed_date_format,fix (parse into one timestamp format)
2755,ATT004074,"arrival_time, departure_time",mixed_date_format,fix (parse into one timestamp format)
2757,ATT012926,gp_practice_code,missing_gp_code,set to NULL and flag
2763,ATT010685,disposition,inconsistent_text_format,"fix (trim spaces, standardise case)"
2764,ATT007925,"arrival_time, departure_time",mixed_date_format,fix (parse into one timestamp format)
2767,ATT018242,presenting_complaint,missing_presenting_complaint,fill with 'Unknown'
2769,ATT003777,arrival_time,missing_arrival_time,reject
2771,ATT002625,presenting_complaint,inconsistent_text_format,"fix (trim spaces, standardise case)"
2772,ATT015240,departure_time,departure_before_arrival,reject
2774,ATT002546,"arrival_time, departure_time",mixed_date_format,fix (parse into one timestamp format)
2779,ATT012592,gp_practice_code,malformed_gp_code,set to NULL and flag
2780,ATT016989,disposition,inconsistent_text_format,"fix (trim spaces, standardise case)"
2780,ATT016989,"arrival_time, departure_time",mixed_date_format,fix (parse into one timestamp format)
2781,ATT007837,gp_practice_code,malformed_gp_code,set to NULL and flag
2782,ATT013729,disposition,inconsistent_text_format,"fix (trim spaces, standardise case)"
2789,ATT002076,disposition,inconsistent_text_format,"fix (trim spaces, standardise case)"
2793,ATT004059,disposition,inconsistent_text_format,"fix (trim spaces, standardise case)"
2793,ATT004059,pseudo_patient_id,missing_patient_id,reject
2797,ATT014274,presenting_complaint,inconsistent_text_format,"fix (trim spaces, standardise case)"
2797,ATT014274,disposition,inconsistent_text_format,"fix (trim spaces, standardise case)"
2798,ATT005515,gp_practice_code,missing_gp_code,set to NULL and flag
2799,ATT000287,presenting_complaint,inconsistent_text_format,"fix (trim spaces, standardise case)"
2800,ATT001324,presenting_complaint,missing_presenting_complaint,fill with 'Unknown'
2801,ATT017358,presenting_complaint,inconsistent_text_format,"fix (trim spaces, standardise case)"
2802,ATT018030,"arrival_time, departure_time",mixed_date_format,fix (parse into one timestamp format)
2804,ATT018763,presenting_complaint,inconsistent_text_format,"fix (trim spaces, standardise case)"
2804,ATT018763,triage_category,invalid_triage_code,reject
2807,ATT000411,(entire row),duplicate_row,remove (keep first)
2809,ATT009246,"arrival_time, departure_time",mixed_date_format,fix (parse into one timestamp format)
2811,ATT008192,presenting_complaint,inconsistent_text_format,"fix (trim spaces, standardise case)"
2811,ATT008192,triage_category,triage_decimal_format,fix (3.0 -> 3)
2814,ATT008834,presenting_complaint,inconsistent_text_format,"fix (trim spaces, standardise case)"
2816,ATT002523,gp_practice_code,gp_code_lowercase,fix (upper-case)
2817,ATT014236,arrival_time,future_dated_attendance,reject
2818,ATT010213,(entire row),duplicate_row,remove (keep first)
2819,ATT007783,"arrival_time, departure_time",mixed_date_format,fix (parse into one timestamp format)
2821,ATT014051,presenting_complaint,inconsistent_text_format,"fix (trim spaces, standardise case)"
2827,ATT006741,gp_practice_code,missing_gp_code,set to NULL and flag
2827,ATT006741,"arrival_time, departure_time",mixed_date_format,fix (parse into one timestamp format)
2830,ATT006578,presenting_complaint,missing_presenting_complaint,fill with 'Unknown'
2830,ATT006578,"arrival_time, departure_time",mixed_date_format,fix (parse into one timestamp format)
2833,ATT007268,presenting_complaint,inconsistent_text_format,"fix (trim spaces, standardise case)"
2834,ATT007827,gp_practice_code,missing_gp_code,set to NULL and flag
2843,ATT004528,disposition,inconsistent_text_format,"fix (trim spaces, standardise case)"
2844,ATT003579,"arrival_time, departure_time",mixed_date_format,fix (parse into one timestamp format)
2846,ATT018855,presenting_complaint,inconsistent_text_format,"fix (trim spaces, standardise case)"
2847,ATT002831,"arrival_time, departure_time",mixed_date_format,fix (parse into one timestamp format)
2848,ATT004144,"arrival_time, departure_time",mixed_date_format,fix (parse into one timestamp format)
2850,ATT019092,disposition,inconsistent_text_format,"fix (trim spaces, standardise case)"
2850,ATT019092,"arrival_time, departure_time",mixed_date_format,fix (parse into one timestamp format)
2853,ATT006984,gp_practice_code,missing_gp_code,set to NULL and flag
2854,ATT000206,departure_time,departure_before_arrival,reject
2856,ATT013707,"arrival_time, departure_time",mixed_date_format,fix (parse into one timestamp format)
2859,ATT013079,gp_practice_code,malformed_gp_code,set to NULL and flag
2862,ATT002678,presenting_complaint,inconsistent_text_format,"fix (trim spaces, standardise case)"
2865,ATT003883,"arrival_time, departure_time",mixed_date_format,fix (parse into one timestamp format)
2866,ATT007198,disposition,inconsistent_text_format,"fix (trim spaces, standardise case)"
2866,ATT007198,"arrival_time, departure_time",mixed_date_format,fix (parse into one timestamp format)
2871,ATT000698,"arrival_time, departure_time",mixed_date_format,fix (parse into one timestamp format)
2877,ATT005752,gp_practice_code,missing_gp_code,set to NULL and flag
2878,ATT013496,gp_practice_code,malformed_gp_code,set to NULL and flag
2880,ATT014162,presenting_complaint,inconsistent_text_format,"fix (trim spaces, standardise case)"
2886,ATT008285,"arrival_time, departure_time",mixed_date_format,fix (parse into one timestamp format)
2889,ATT015703,pseudo_patient_id,missing_patient_id,reject
2890,ATT019996,"arrival_time, departure_time",mixed_date_format,fix (parse into one timestamp format)
2895,ATT018366,presenting_complaint,inconsistent_text_format,"fix (trim spaces, standardise case)"
2898,ATT010697,presenting_complaint,inconsistent_text_format,"fix (trim spaces, standardise case)"
2899,ATT002102,"arrival_time, departure_time",mixed_date_format,fix (parse into one timestamp format)
2901,ATT000102,disposition,inconsistent_text_format,"fix (trim spaces, standardise case)"
2911,ATT006479,presenting_complaint,missing_presenting_complaint,fill with 'Unknown'
2913,ATT002731,triage_category,triage_decimal_format,fix (3.0 -> 3)
2914,ATT000397,departure_time,departure_before_arrival,reject
2917,ATT004200,"arrival_time, departure_time",mixed_date_format,fix (parse into one timestamp format)
2918,ATT001477,"arrival_time, departure_time",mixed_date_format,fix (parse into one timestamp format)
2920,ATT014229,disposition,inconsistent_text_format,"fix (trim spaces, standardise case)"
2921,ATT017237,presenting_complaint,inconsistent_text_format,"fix (trim spaces, standardise case)"
2923,ATT000818,presenting_complaint,inconsistent_text_format,"fix (trim spaces, standardise case)"
2924,ATT006424,disposition,inconsistent_text_format,"fix (trim spaces, standardise case)"
2925,ATT013309,disposition,inconsistent_text_format,"fix (trim spaces, standardise case)"
2926,ATT003486,disposition,missing_disposition,fill with 'Unknown'
2930,ATT012406,"arrival_time, departure_time",mixed_date_format,fix (parse into one timestamp format)
2934,ATT003157,disposition,inconsistent_text_format,"fix (trim spaces, standardise case)"
2950,ATT017208,"arrival_time, departure_time",mixed_date_format,fix (parse into one timestamp format)
2951,ATT004337,departure_time,departure_before_arrival,reject
2954,ATT008115,"arrival_time, departure_time",mixed_date_format,fix (parse into one timestamp format)
2955,ATT017885,disposition,inconsistent_text_format,"fix (trim spaces, standardise case)"
2955,ATT017885,"arrival_time, departure_time",mixed_date_format,fix (parse into one timestamp format)
2955,ATT017885,triage_category,triage_decimal_format,fix (3.0 -> 3)
2959,ATT006585,"arrival_time, departure_time",mixed_date_format,fix (parse into one timestamp format)
2962,ATT010748,gp_practice_code,missing_gp_code,set to NULL and flag
2963,ATT004464,presenting_complaint,inconsistent_text_format,"fix (trim spaces, standardise case)"
2963,ATT004464,disposition,inconsistent_text_format,"fix (trim spaces, standardise case)"
2965,ATT001248,disposition,inconsistent_text_format,"fix (trim spaces, standardise case)"
2966,ATT000821,disposition,inconsistent_text_format,"fix (trim spaces, standardise case)"
2974,ATT005447,presenting_complaint,inconsistent_text_format,"fix (trim spaces, standardise case)"
2975,ATT011626,presenting_complaint,inconsistent_text_format,"fix (trim spaces, standardise case)"
2977,ATT012734,presenting_complaint,inconsistent_text_format,"fix (trim spaces, standardise case)"
2978,ATT014786,presenting_complaint,inconsistent_text_format,"fix (trim spaces, standardise case)"
2978,ATT014786,arrival_time,missing_arrival_time,reject
2979,ATT004220,presenting_complaint,inconsistent_text_format,"fix (trim spaces, standardise case)"
2979,ATT004220,disposition,missing_disposition,fill with 'Unknown'
2979,ATT004220,"arrival_time, departure_time",mixed_date_format,fix (parse into one timestamp format)
2980,ATT002949,"arrival_time, departure_time",mixed_date_format,fix (parse into one timestamp format)
2982,ATT011196,"arrival_time, departure_time",mixed_date_format,fix (parse into one timestamp format)
2985,ATT008761,"arrival_time, departure_time",mixed_date_format,fix (parse into one timestamp format)
2986,ATT012891,presenting_complaint,inconsistent_text_format,"fix (trim spaces, standardise case)"
2990,ATT000964,presenting_complaint,inconsistent_text_format,"fix (trim spaces, standardise case)"
2991,ATT006815,disposition,inconsistent_text_format,"fix (trim spaces, standardise case)"
2992,ATT001960,"arrival_time, departure_time",mixed_date_format,fix (parse into one timestamp format)
2996,ATT004967,"arrival_time, departure_time",mixed_date_format,fix (parse into one timestamp format)
2998,ATT015777,presenting_complaint,inconsistent_text_format,"fix (trim spaces, standardise case)"
3002,ATT011044,"arrival_time, departure_time",mixed_date_format,fix (parse into one timestamp format)
3007,ATT007525,"arrival_time, departure_time",mixed_date_format,fix (parse into one timestamp format)
3009,ATT002153,presenting_complaint,inconsistent_text_format,"fix (trim spaces, standardise case)"
3009,ATT002153,disposition,missing_disposition,fill with 'Unknown'
3011,ATT012972,presenting_complaint,inconsistent_text_format,"fix (trim spaces, standardise case)"
3011,ATT012972,"arrival_time, departure_time",mixed_date_format,fix (parse into one timestamp format)
3012,ATT000928,departure_time,departure_before_arrival,reject
3012,ATT000928,disposition,inconsistent_text_format,"fix (trim spaces, standardise case)"
3014,ATT008608,"arrival_time, departure_time",mixed_date_format,fix (parse into one timestamp format)
3016,ATT017943,gp_practice_code,gp_code_lowercase,fix (upper-case)
3016,ATT017943,presenting_complaint,inconsistent_text_format,"fix (trim spaces, standardise case)"
3016,ATT017943,disposition,inconsistent_text_format,"fix (trim spaces, standardise case)"
3019,ATT015976,disposition,inconsistent_text_format,"fix (trim spaces, standardise case)"
3020,ATT013366,triage_category,invalid_triage_code,reject
3025,ATT005212,gp_practice_code,missing_gp_code,set to NULL and flag
3026,ATT018905,"arrival_time, departure_time",mixed_date_format,fix (parse into one timestamp format)
3027,ATT016400,departure_time,missing_departure_time,reject
3031,ATT013199,presenting_complaint,inconsistent_text_format,"fix (trim spaces, standardise case)"
3032,ATT007947,departure_time,missing_departure_time,reject
3032,ATT007947,"arrival_time, departure_time",mixed_date_format,fix (parse into one timestamp format)
3033,ATT002944,presenting_complaint,inconsistent_text_format,"fix (trim spaces, standardise case)"
3034,ATT016893,presenting_complaint,missing_presenting_complaint,fill with 'Unknown'
3035,ATT010278,"arrival_time, departure_time",mixed_date_format,fix (parse into one timestamp format)
3044,ATT008426,"arrival_time, departure_time",mixed_date_format,fix (parse into one timestamp format)
3046,ATT015187,disposition,missing_disposition,fill with 'Unknown'
3047,ATT013138,triage_category,invalid_triage_code,reject
3048,ATT012924,"arrival_time, departure_time",mixed_date_format,fix (parse into one timestamp format)
3050,ATT016453,gp_practice_code,missing_gp_code,set to NULL and flag
3051,ATT019546,"arrival_time, departure_time",mixed_date_format,fix (parse into one timestamp format)
3053,ATT004270,presenting_complaint,inconsistent_text_format,"fix (trim spaces, standardise case)"
3054,ATT019477,triage_category,invalid_triage_code,reject
3055,ATT012121,(entire row),duplicate_row,remove (keep first)
3056,ATT003687,"arrival_time, departure_time",mixed_date_format,fix (parse into one timestamp format)
3059,ATT009567,disposition,missing_disposition,fill with 'Unknown'
3060,ATT009889,gp_practice_code,missing_gp_code,set to NULL and flag
3060,ATT009889,triage_category,triage_decimal_format,fix (3.0 -> 3)
3065,ATT006474,gp_practice_code,gp_code_lowercase,fix (upper-case)
3070,ATT009787,"arrival_time, departure_time",mixed_date_format,fix (parse into one timestamp format)
3071,ATT006889,presenting_complaint,inconsistent_text_format,"fix (trim spaces, standardise case)"
3072,ATT009110,presenting_complaint,inconsistent_text_format,"fix (trim spaces, standardise case)"
3077,ATT018660,presenting_complaint,inconsistent_text_format,"fix (trim spaces, standardise case)"
3077,ATT018660,disposition,inconsistent_text_format,"fix (trim spaces, standardise case)"
3078,ATT019087,presenting_complaint,inconsistent_text_format,"fix (trim spaces, standardise case)"
3079,ATT019496,"arrival_time, departure_time",mixed_date_format,fix (parse into one timestamp format)
3080,ATT001558,departure_time,missing_departure_time,reject
3082,ATT014943,gp_practice_code,missing_gp_code,set to NULL and flag
3082,ATT014943,"arrival_time, departure_time",mixed_date_format,fix (parse into one timestamp format)
3084,ATT009164,"arrival_time, departure_time",mixed_date_format,fix (parse into one timestamp format)
3086,ATT014685,presenting_complaint,inconsistent_text_format,"fix (trim spaces, standardise case)"
3087,ATT004326,"arrival_time, departure_time",mixed_date_format,fix (parse into one timestamp format)
3092,ATT015300,"arrival_time, departure_time",mixed_date_format,fix (parse into one timestamp format)
3093,ATT008811,presenting_complaint,inconsistent_text_format,"fix (trim spaces, standardise case)"
3094,ATT002158,disposition,inconsistent_text_format,"fix (trim spaces, standardise case)"
3097,ATT013368,presenting_complaint,inconsistent_text_format,"fix (trim spaces, standardise case)"
3097,ATT013368,gp_practice_code,missing_gp_code,set to NULL and flag
3097,ATT013368,"arrival_time, departure_time",mixed_date_format,fix (parse into one timestamp format)
3099,ATT018193,disposition,inconsistent_text_format,"fix (trim spaces, standardise case)"
3100,ATT012267,"arrival_time, departure_time",mixed_date_format,fix (parse into one timestamp format)
3103,ATT011451,presenting_complaint,inconsistent_text_format,"fix (trim spaces, standardise case)"
3104,ATT002815,departure_time,missing_departure_time,reject
3111,ATT013207,presenting_complaint,inconsistent_text_format,"fix (trim spaces, standardise case)"
3111,ATT013207,triage_category,invalid_triage_code,reject
3112,ATT011428,disposition,inconsistent_text_format,"fix (trim spaces, standardise case)"
3115,ATT006400,disposition,inconsistent_text_format,"fix (trim spaces, standardise case)"
3116,ATT019466,presenting_complaint,missing_presenting_complaint,fill with 'Unknown'
3118,ATT013949,disposition,inconsistent_text_format,"fix (trim spaces, standardise case)"
3122,ATT017036,presenting_complaint,inconsistent_text_format,"fix (trim spaces, standardise case)"
3122,ATT017036,"arrival_time, departure_time",mixed_date_format,fix (parse into one timestamp format)
3123,ATT002499,disposition,inconsistent_text_format,"fix (trim spaces, standardise case)"
3126,ATT011425,departure_time,departure_before_arrival,reject
3126,ATT011425,presenting_complaint,inconsistent_text_format,"fix (trim spaces, standardise case)"
3126,ATT011425,"arrival_time, departure_time",mixed_date_format,fix (parse into one timestamp format)
3127,ATT002783,disposition,inconsistent_text_format,"fix (trim spaces, standardise case)"
3128,ATT002137,presenting_complaint,inconsistent_text_format,"fix (trim spaces, standardise case)"
3134,ATT009812,gp_practice_code,gp_code_lowercase,fix (upper-case)
3134,ATT009812,presenting_complaint,inconsistent_text_format,"fix (trim spaces, standardise case)"
3135,ATT002361,disposition,inconsistent_text_format,"fix (trim spaces, standardise case)"
3136,ATT008827,"arrival_time, departure_time",mixed_date_format,fix (parse into one timestamp format)
3137,ATT011007,disposition,inconsistent_text_format,"fix (trim spaces, standardise case)"
3139,ATT009452,presenting_complaint,inconsistent_text_format,"fix (trim spaces, standardise case)"
3139,ATT009452,"arrival_time, departure_time",mixed_date_format,fix (parse into one timestamp format)
3140,ATT012754,"arrival_time, departure_time",mixed_date_format,fix (parse into one timestamp format)
3144,ATT010370,disposition,inconsistent_text_format,"fix (trim spaces, standardise case)"
3144,ATT010370,gp_practice_code,malformed_gp_code,set to NULL and flag
3149,ATT006726,presenting_complaint,inconsistent_text_format,"fix (trim spaces, standardise case)"
3151,ATT001220,"arrival_time, departure_time",mixed_date_format,fix (parse into one timestamp format)
3163,ATT013737,disposition,inconsistent_text_format,"fix (trim spaces, standardise case)"
3166,ATT016093,presenting_complaint,inconsistent_text_format,"fix (trim spaces, standardise case)"
3167,ATT017526,"arrival_time, departure_time",mixed_date_format,fix (parse into one timestamp format)
3168,ATT007290,disposition,missing_disposition,fill with 'Unknown'
3172,ATT005334,departure_time,missing_departure_time,reject
3172,ATT005334,"arrival_time, departure_time",mixed_date_format,fix (parse into one timestamp format)
3176,ATT018554,presenting_complaint,inconsistent_text_format,"fix (trim spaces, standardise case)"
3180,ATT003376,"arrival_time, departure_time",mixed_date_format,fix (parse into one timestamp format)
3182,ATT018052,disposition,inconsistent_text_format,"fix (trim spaces, standardise case)"
3186,ATT010264,presenting_complaint,inconsistent_text_format,"fix (trim spaces, standardise case)"
3187,ATT014534,presenting_complaint,inconsistent_text_format,"fix (trim spaces, standardise case)"
3187,ATT014534,gp_practice_code,missing_gp_code,set to NULL and flag
3188,ATT006663,presenting_complaint,inconsistent_text_format,"fix (trim spaces, standardise case)"
3191,ATT004519,disposition,missing_disposition,fill with 'Unknown'
3198,ATT008973,presenting_complaint,inconsistent_text_format,"fix (trim spaces, standardise case)"
3198,ATT008973,triage_category,triage_decimal_format,fix (3.0 -> 3)
3199,ATT011073,"arrival_time, departure_time",mixed_date_format,fix (parse into one timestamp format)
3202,ATT005712,presenting_complaint,inconsistent_text_format,"fix (trim spaces, standardise case)"
3203,ATT007749,presenting_complaint,inconsistent_text_format,"fix (trim spaces, standardise case)"
3204,ATT007917,"arrival_time, departure_time",mixed_date_format,fix (parse into one timestamp format)
3209,ATT011647,"arrival_time, departure_time",mixed_date_format,fix (parse into one timestamp format)
3210,ATT017830,presenting_complaint,inconsistent_text_format,"fix (trim spaces, standardise case)"
3212,ATT008198,presenting_complaint,inconsistent_text_format,"fix (trim spaces, standardise case)"
3213,ATT011542,departure_time,departure_before_arrival,reject
3215,ATT003504,"arrival_time, departure_time",mixed_date_format,fix (parse into one timestamp format)
3217,ATT005816,presenting_complaint,inconsistent_text_format,"fix (trim spaces, standardise case)"
3217,ATT005816,triage_category,invalid_triage_code,reject
3223,ATT010118,"arrival_time, departure_time",mixed_date_format,fix (parse into one timestamp format)
3225,ATT001195,disposition,inconsistent_text_format,"fix (trim spaces, standardise case)"
3225,ATT001195,"arrival_time, departure_time",mixed_date_format,fix (parse into one timestamp format)
3228,ATT010181,disposition,inconsistent_text_format,"fix (trim spaces, standardise case)"
3228,ATT010181,"arrival_time, departure_time",mixed_date_format,fix (parse into one timestamp format)
3229,ATT000632,disposition,inconsistent_text_format,"fix (trim spaces, standardise case)"
3230,ATT006207,pseudo_patient_id,missing_patient_id,reject
3234,ATT009041,"arrival_time, departure_time",mixed_date_format,fix (parse into one timestamp format)
3236,ATT019178,presenting_complaint,inconsistent_text_format,"fix (trim spaces, standardise case)"
3236,ATT019178,"arrival_time, departure_time",mixed_date_format,fix (parse into one timestamp format)
3239,ATT003483,presenting_complaint,inconsistent_text_format,"fix (trim spaces, standardise case)"
3240,ATT018300,presenting_complaint,inconsistent_text_format,"fix (trim spaces, standardise case)"
3242,ATT011194,triage_category,triage_decimal_format,fix (3.0 -> 3)
3244,ATT003636,gp_practice_code,missing_gp_code,set to NULL and flag
3246,ATT001805,presenting_complaint,inconsistent_text_format,"fix (trim spaces, standardise case)"
3251,ATT004610,disposition,inconsistent_text_format,"fix (trim spaces, standardise case)"
3253,ATT004853,presenting_complaint,inconsistent_text_format,"fix (trim spaces, standardise case)"
3254,ATT017915,disposition,inconsistent_text_format,"fix (trim spaces, standardise case)"
3255,ATT007570,departure_time,extreme_length_of_stay,reject
3256,ATT001777,"arrival_time, departure_time",mixed_date_format,fix (parse into one timestamp format)
3258,ATT012506,disposition,inconsistent_text_format,"fix (trim spaces, standardise case)"
3260,ATT009712,presenting_complaint,inconsistent_text_format,"fix (trim spaces, standardise case)"
3261,ATT007048,gp_practice_code,missing_gp_code,set to NULL and flag
3262,ATT002703,"arrival_time, departure_time",mixed_date_format,fix (parse into one timestamp format)
3265,ATT011048,presenting_complaint,missing_presenting_complaint,fill with 'Unknown'
3268,ATT004919,presenting_complaint,inconsistent_text_format,"fix (trim spaces, standardise case)"
3269,ATT019890,presenting_complaint,inconsistent_text_format,"fix (trim spaces, standardise case)"
3270,ATT004881,presenting_complaint,inconsistent_text_format,"fix (trim spaces, standardise case)"
3272,ATT012514,presenting_complaint,missing_presenting_complaint,fill with 'Unknown'
3272,ATT012514,"arrival_time, departure_time",mixed_date_format,fix (parse into one timestamp format)
3275,ATT006700,presenting_complaint,inconsistent_text_format,"fix (trim spaces, standardise case)"
3275,ATT006700,departure_time,missing_departure_time,reject
3276,ATT015715,disposition,inconsistent_text_format,"fix (trim spaces, standardise case)"
3278,ATT007121,disposition,inconsistent_text_format,"fix (trim spaces, standardise case)"
3282,ATT005253,departure_time,missing_departure_time,reject
3283,ATT006078,presenting_complaint,inconsistent_text_format,"fix (trim spaces, standardise case)"
3284,ATT012102,disposition,inconsistent_text_format,"fix (trim spaces, standardise case)"
3285,ATT006518,presenting_complaint,missing_presenting_complaint,fill with 'Unknown'
3287,ATT003951,presenting_complaint,inconsistent_text_format,"fix (trim spaces, standardise case)"
3290,ATT011655,disposition,inconsistent_text_format,"fix (trim spaces, standardise case)"
3290,ATT011655,gp_practice_code,missing_gp_code,set to NULL and flag
3292,ATT015492,"arrival_time, departure_time",mixed_date_format,fix (parse into one timestamp format)
3294,ATT002068,presenting_complaint,inconsistent_text_format,"fix (trim spaces, standardise case)"
3297,ATT003269,gp_practice_code,missing_gp_code,set to NULL and flag
3304,ATT019117,departure_time,departure_before_arrival,reject
3306,ATT011528,"arrival_time, departure_time",mixed_date_format,fix (parse into one timestamp format)
3307,ATT016732,"arrival_time, departure_time",mixed_date_format,fix (parse into one timestamp format)
3309,ATT013637,presenting_complaint,inconsistent_text_format,"fix (trim spaces, standardise case)"
3310,ATT017288,presenting_complaint,missing_presenting_complaint,fill with 'Unknown'
3310,ATT017288,"arrival_time, departure_time",mixed_date_format,fix (parse into one timestamp format)
3313,ATT003071,"arrival_time, departure_time",mixed_date_format,fix (parse into one timestamp format)
3314,ATT008132,"arrival_time, departure_time",mixed_date_format,fix (parse into one timestamp format)
3323,ATT005999,presenting_complaint,inconsistent_text_format,"fix (trim spaces, standardise case)"
3329,ATT012750,disposition,inconsistent_text_format,"fix (trim spaces, standardise case)"
3330,ATT019736,presenting_complaint,missing_presenting_complaint,fill with 'Unknown'
3331,ATT011824,presenting_complaint,missing_presenting_complaint,fill with 'Unknown'
3333,ATT006219,"arrival_time, departure_time",mixed_date_format,fix (parse into one timestamp format)
3334,ATT009932,disposition,inconsistent_text_format,"fix (trim spaces, standardise case)"
3335,ATT008872,"arrival_time, departure_time",mixed_date_format,fix (parse into one timestamp format)
3340,ATT006075,"arrival_time, departure_time",mixed_date_format,fix (parse into one timestamp format)
3343,ATT004206,presenting_complaint,inconsistent_text_format,"fix (trim spaces, standardise case)"
3343,ATT004206,"arrival_time, departure_time",mixed_date_format,fix (parse into one timestamp format)
3351,ATT006326,"arrival_time, departure_time",mixed_date_format,fix (parse into one timestamp format)
3358,ATT019183,disposition,inconsistent_text_format,"fix (trim spaces, standardise case)"
3359,ATT001304,presenting_complaint,missing_presenting_complaint,fill with 'Unknown'
3360,ATT019319,presenting_complaint,missing_presenting_complaint,fill with 'Unknown'
3361,ATT007104,gp_practice_code,missing_gp_code,set to NULL and flag
3362,ATT014695,disposition,inconsistent_text_format,"fix (trim spaces, standardise case)"
3363,ATT017406,"arrival_time, departure_time",mixed_date_format,fix (parse into one timestamp format)
3365,ATT005077,"arrival_time, departure_time",mixed_date_format,fix (parse into one timestamp format)
3366,ATT001374,presenting_complaint,missing_presenting_complaint,fill with 'Unknown'
3366,ATT001374,"arrival_time, departure_time",mixed_date_format,fix (parse into one timestamp format)
3371,ATT001136,presenting_complaint,inconsistent_text_format,"fix (trim spaces, standardise case)"
3378,ATT017465,gp_practice_code,missing_gp_code,set to NULL and flag
3383,ATT003949,departure_time,departure_before_arrival,reject
3383,ATT003949,disposition,inconsistent_text_format,"fix (trim spaces, standardise case)"
3384,ATT018999,"arrival_time, departure_time",mixed_date_format,fix (parse into one timestamp format)
3388,ATT003580,presenting_complaint,inconsistent_text_format,"fix (trim spaces, standardise case)"
3389,ATT012866,"arrival_time, departure_time",mixed_date_format,fix (parse into one timestamp format)
3392,ATT018509,"arrival_time, departure_time",mixed_date_format,fix (parse into one timestamp format)
3393,ATT011851,"arrival_time, departure_time",mixed_date_format,fix (parse into one timestamp format)
3395,ATT018787,"arrival_time, departure_time",mixed_date_format,fix (parse into one timestamp format)
3397,ATT000055,presenting_complaint,inconsistent_text_format,"fix (trim spaces, standardise case)"
3399,ATT019216,"arrival_time, departure_time",mixed_date_format,fix (parse into one timestamp format)
3401,ATT008095,presenting_complaint,inconsistent_text_format,"fix (trim spaces, standardise case)"
3401,ATT008095,"arrival_time, departure_time",mixed_date_format,fix (parse into one timestamp format)
3405,ATT013022,"arrival_time, departure_time",mixed_date_format,fix (parse into one timestamp format)
3407,ATT010789,disposition,inconsistent_text_format,"fix (trim spaces, standardise case)"
3407,ATT010789,gp_practice_code,missing_gp_code,set to NULL and flag
3411,ATT005450,presenting_complaint,missing_presenting_complaint,fill with 'Unknown'
3413,ATT005484,disposition,inconsistent_text_format,"fix (trim spaces, standardise case)"
3413,ATT005484,presenting_complaint,missing_presenting_complaint,fill with 'Unknown'
3415,ATT010206,disposition,inconsistent_text_format,"fix (trim spaces, standardise case)"
3423,ATT000665,arrival_time,missing_arrival_time,reject
3425,ATT014727,presenting_complaint,inconsistent_text_format,"fix (trim spaces, standardise case)"
3431,ATT018685,presenting_complaint,inconsistent_text_format,"fix (trim spaces, standardise case)"
3433,ATT015987,disposition,inconsistent_text_format,"fix (trim spaces, standardise case)"
3435,ATT005886,presenting_complaint,inconsistent_text_format,"fix (trim spaces, standardise case)"
3440,ATT008747,gp_practice_code,missing_gp_code,set to NULL and flag
3441,ATT011264,presenting_complaint,inconsistent_text_format,"fix (trim spaces, standardise case)"
3441,ATT011264,"arrival_time, departure_time",mixed_date_format,fix (parse into one timestamp format)
3444,ATT016494,disposition,inconsistent_text_format,"fix (trim spaces, standardise case)"
3447,ATT000609,triage_category,triage_decimal_format,fix (3.0 -> 3)
3448,ATT006596,"arrival_time, departure_time",mixed_date_format,fix (parse into one timestamp format)
3450,ATT000020,"arrival_time, departure_time",mixed_date_format,fix (parse into one timestamp format)
3451,ATT001339,presenting_complaint,missing_presenting_complaint,fill with 'Unknown'
3452,ATT009043,presenting_complaint,inconsistent_text_format,"fix (trim spaces, standardise case)"
3453,ATT004743,triage_category,triage_decimal_format,fix (3.0 -> 3)
3455,ATT004689,disposition,inconsistent_text_format,"fix (trim spaces, standardise case)"
3459,ATT018346,presenting_complaint,missing_presenting_complaint,fill with 'Unknown'
3462,ATT013120,presenting_complaint,missing_presenting_complaint,fill with 'Unknown'
3466,ATT019902,presenting_complaint,inconsistent_text_format,"fix (trim spaces, standardise case)"
3469,ATT010679,presenting_complaint,inconsistent_text_format,"fix (trim spaces, standardise case)"
3472,ATT002426,presenting_complaint,inconsistent_text_format,"fix (trim spaces, standardise case)"
3473,ATT010266,"arrival_time, departure_time",mixed_date_format,fix (parse into one timestamp format)
3476,ATT009669,disposition,inconsistent_text_format,"fix (trim spaces, standardise case)"
3476,ATT009669,departure_time,missing_departure_time,reject
3477,ATT018562,presenting_complaint,inconsistent_text_format,"fix (trim spaces, standardise case)"
3477,ATT018562,triage_category,triage_decimal_format,fix (3.0 -> 3)
3479,ATT009148,presenting_complaint,inconsistent_text_format,"fix (trim spaces, standardise case)"
3479,ATT009148,"arrival_time, departure_time",mixed_date_format,fix (parse into one timestamp format)
3480,ATT011370,presenting_complaint,inconsistent_text_format,"fix (trim spaces, standardise case)"
3481,ATT002959,presenting_complaint,inconsistent_text_format,"fix (trim spaces, standardise case)"
3481,ATT002959,"arrival_time, departure_time",mixed_date_format,fix (parse into one timestamp format)
3485,ATT012794,"arrival_time, departure_time",mixed_date_format,fix (parse into one timestamp format)
3493,ATT016344,presenting_complaint,inconsistent_text_format,"fix (trim spaces, standardise case)"
3493,ATT016344,"arrival_time, departure_time",mixed_date_format,fix (parse into one timestamp format)
3495,ATT003779,disposition,inconsistent_text_format,"fix (trim spaces, standardise case)"
3495,ATT003779,presenting_complaint,missing_presenting_complaint,fill with 'Unknown'
3499,ATT014461,gp_practice_code,malformed_gp_code,set to NULL and flag
3502,ATT019597,disposition,inconsistent_text_format,"fix (trim spaces, standardise case)"
3504,ATT011629,presenting_complaint,missing_presenting_complaint,fill with 'Unknown'
3504,ATT011629,"arrival_time, departure_time",mixed_date_format,fix (parse into one timestamp format)
3505,ATT010667,triage_category,invalid_triage_code,reject
3507,ATT000658,"arrival_time, departure_time",mixed_date_format,fix (parse into one timestamp format)
3508,ATT007915,presenting_complaint,missing_presenting_complaint,fill with 'Unknown'
3509,ATT000752,pseudo_patient_id,missing_patient_id,reject
3509,ATT000752,"arrival_time, departure_time",mixed_date_format,fix (parse into one timestamp format)
3510,ATT002082,"arrival_time, departure_time",mixed_date_format,fix (parse into one timestamp format)
3513,ATT010808,presenting_complaint,inconsistent_text_format,"fix (trim spaces, standardise case)"
3516,ATT000844,"arrival_time, departure_time",mixed_date_format,fix (parse into one timestamp format)
3517,ATT003653,departure_time,departure_before_arrival,reject
3517,ATT003653,"arrival_time, departure_time",mixed_date_format,fix (parse into one timestamp format)
3519,ATT015834,gp_practice_code,gp_code_lowercase,fix (upper-case)
3525,ATT008819,disposition,inconsistent_text_format,"fix (trim spaces, standardise case)"
3525,ATT008819,"arrival_time, departure_time",mixed_date_format,fix (parse into one timestamp format)
3528,ATT000554,"arrival_time, departure_time",mixed_date_format,fix (parse into one timestamp format)
3533,ATT011507,disposition,inconsistent_text_format,"fix (trim spaces, standardise case)"
3535,ATT009995,presenting_complaint,inconsistent_text_format,"fix (trim spaces, standardise case)"
3537,ATT017596,presenting_complaint,inconsistent_text_format,"fix (trim spaces, standardise case)"
3537,ATT017596,"arrival_time, departure_time",mixed_date_format,fix (parse into one timestamp format)
3538,ATT015323,disposition,inconsistent_text_format,"fix (trim spaces, standardise case)"
3538,ATT015323,gp_practice_code,missing_gp_code,set to NULL and flag
3538,ATT015323,"arrival_time, departure_time",mixed_date_format,fix (parse into one timestamp format)
3539,ATT000048,disposition,inconsistent_text_format,"fix (trim spaces, standardise case)"
3544,ATT015956,disposition,inconsistent_text_format,"fix (trim spaces, standardise case)"
3546,ATT015887,"arrival_time, departure_time",mixed_date_format,fix (parse into one timestamp format)
3549,ATT003953,presenting_complaint,inconsistent_text_format,"fix (trim spaces, standardise case)"
3551,ATT017249,"arrival_time, departure_time",mixed_date_format,fix (parse into one timestamp format)
3552,ATT001945,gp_practice_code,missing_gp_code,set to NULL and flag
3554,ATT001451,disposition,inconsistent_text_format,"fix (trim spaces, standardise case)"
3556,ATT006498,"arrival_time, departure_time",mixed_date_format,fix (parse into one timestamp format)
3559,ATT018904,triage_category,triage_decimal_format,fix (3.0 -> 3)
3563,ATT007977,disposition,inconsistent_text_format,"fix (trim spaces, standardise case)"
3564,ATT010825,"arrival_time, departure_time",mixed_date_format,fix (parse into one timestamp format)
3569,ATT010009,disposition,inconsistent_text_format,"fix (trim spaces, standardise case)"
3569,ATT010009,"arrival_time, departure_time",mixed_date_format,fix (parse into one timestamp format)
3572,ATT010869,"arrival_time, departure_time",mixed_date_format,fix (parse into one timestamp format)
3575,ATT014602,"arrival_time, departure_time",mixed_date_format,fix (parse into one timestamp format)
3579,ATT015710,"arrival_time, departure_time",mixed_date_format,fix (parse into one timestamp format)
3582,ATT015332,arrival_time,future_dated_attendance,reject
3584,ATT004450,presenting_complaint,inconsistent_text_format,"fix (trim spaces, standardise case)"
3584,ATT004450,gp_practice_code,missing_gp_code,set to NULL and flag
3584,ATT004450,"arrival_time, departure_time",mixed_date_format,fix (parse into one timestamp format)
3586,ATT014177,departure_time,departure_before_arrival,reject
3587,ATT018643,departure_time,departure_before_arrival,reject
3588,ATT004820,presenting_complaint,inconsistent_text_format,"fix (trim spaces, standardise case)"
3590,ATT016028,(entire row),duplicate_row,remove (keep first)
3591,ATT015962,disposition,inconsistent_text_format,"fix (trim spaces, standardise case)"
3592,ATT009502,disposition,inconsistent_text_format,"fix (trim spaces, standardise case)"
3592,ATT009502,departure_time,missing_departure_time,reject
3593,ATT008666,presenting_complaint,inconsistent_text_format,"fix (trim spaces, standardise case)"
3599,ATT019513,"arrival_time, departure_time",mixed_date_format,fix (parse into one timestamp format)
3601,ATT018457,gp_practice_code,missing_gp_code,set to NULL and flag
3604,ATT004780,presenting_complaint,inconsistent_text_format,"fix (trim spaces, standardise case)"
3604,ATT004780,"arrival_time, departure_time",mixed_date_format,fix (parse into one timestamp format)
3606,ATT013116,"arrival_time, departure_time",mixed_date_format,fix (parse into one timestamp format)
3610,ATT000730,presenting_complaint,inconsistent_text_format,"fix (trim spaces, standardise case)"
3611,ATT017714,"arrival_time, departure_time",mixed_date_format,fix (parse into one timestamp format)
3612,ATT017172,presenting_complaint,missing_presenting_complaint,fill with 'Unknown'
3618,ATT000543,departure_time,missing_departure_time,reject
3619,ATT008508,disposition,missing_disposition,fill with 'Unknown'
3620,ATT001066,"arrival_time, departure_time",mixed_date_format,fix (parse into one timestamp format)
3623,ATT000147,disposition,inconsistent_text_format,"fix (trim spaces, standardise case)"
3624,ATT008361,disposition,inconsistent_text_format,"fix (trim spaces, standardise case)"
3629,ATT003596,disposition,inconsistent_text_format,"fix (trim spaces, standardise case)"
3629,ATT003596,"arrival_time, departure_time",mixed_date_format,fix (parse into one timestamp format)
3631,ATT012082,gp_practice_code,missing_gp_code,set to NULL and flag
3633,ATT005381,triage_category,triage_decimal_format,fix (3.0 -> 3)
3635,ATT001953,presenting_complaint,inconsistent_text_format,"fix (trim spaces, standardise case)"
3638,ATT001595,"arrival_time, departure_time",mixed_date_format,fix (parse into one timestamp format)
3640,ATT014765,presenting_complaint,inconsistent_text_format,"fix (trim spaces, standardise case)"
3641,ATT008342,"arrival_time, departure_time",mixed_date_format,fix (parse into one timestamp format)
3647,ATT000845,(entire row),duplicate_row,remove (keep first)
3655,ATT014394,gp_practice_code,missing_gp_code,set to NULL and flag
3658,ATT016438,disposition,inconsistent_text_format,"fix (trim spaces, standardise case)"
3659,ATT010019,presenting_complaint,inconsistent_text_format,"fix (trim spaces, standardise case)"
3661,ATT019225,presenting_complaint,inconsistent_text_format,"fix (trim spaces, standardise case)"
3663,ATT014733,disposition,inconsistent_text_format,"fix (trim spaces, standardise case)"
3666,ATT011133,"arrival_time, departure_time",mixed_date_format,fix (parse into one timestamp format)
3668,ATT008019,"arrival_time, departure_time",mixed_date_format,fix (parse into one timestamp format)
3670,ATT010446,presenting_complaint,inconsistent_text_format,"fix (trim spaces, standardise case)"
3670,ATT010446,"arrival_time, departure_time",mixed_date_format,fix (parse into one timestamp format)
3671,ATT004732,"arrival_time, departure_time",mixed_date_format,fix (parse into one timestamp format)
3677,ATT003801,presenting_complaint,inconsistent_text_format,"fix (trim spaces, standardise case)"
3677,ATT003801,triage_category,invalid_triage_code,reject
3678,ATT003586,presenting_complaint,inconsistent_text_format,"fix (trim spaces, standardise case)"
3680,ATT009101,arrival_time,missing_arrival_time,reject
3680,ATT009101,"arrival_time, departure_time",mixed_date_format,fix (parse into one timestamp format)
3681,ATT017588,presenting_complaint,missing_presenting_complaint,fill with 'Unknown'
3683,ATT017438,gp_practice_code,missing_gp_code,set to NULL and flag
3686,ATT016850,presenting_complaint,inconsistent_text_format,"fix (trim spaces, standardise case)"
3690,ATT008230,"arrival_time, departure_time",mixed_date_format,fix (parse into one timestamp format)
3692,ATT014354,presenting_complaint,inconsistent_text_format,"fix (trim spaces, standardise case)"
3692,ATT014354,disposition,inconsistent_text_format,"fix (trim spaces, standardise case)"
3693,ATT016115,"arrival_time, departure_time",mixed_date_format,fix (parse into one timestamp format)
3694,ATT017786,triage_category,triage_decimal_format,fix (3.0 -> 3)
3695,ATT018671,presenting_complaint,missing_presenting_complaint,fill with 'Unknown'
3696,ATT012080,presenting_complaint,inconsistent_text_format,"fix (trim spaces, standardise case)"
3703,ATT003450,presenting_complaint,inconsistent_text_format,"fix (trim spaces, standardise case)"
3704,ATT007041,presenting_complaint,missing_presenting_complaint,fill with 'Unknown'
3705,ATT005333,disposition,inconsistent_text_format,"fix (trim spaces, standardise case)"
3706,ATT009179,presenting_complaint,inconsistent_text_format,"fix (trim spaces, standardise case)"
3709,ATT015249,departure_time,missing_departure_time,reject
3711,ATT005938,"arrival_time, departure_time",mixed_date_format,fix (parse into one timestamp format)
3714,ATT017642,disposition,missing_disposition,fill with 'Unknown'
3714,ATT017642,"arrival_time, departure_time",mixed_date_format,fix (parse into one timestamp format)
3715,ATT004606,disposition,inconsistent_text_format,"fix (trim spaces, standardise case)"
3716,ATT014936,gp_practice_code,gp_code_lowercase,fix (upper-case)
3717,ATT015378,presenting_complaint,inconsistent_text_format,"fix (trim spaces, standardise case)"
3718,ATT007832,gp_practice_code,missing_gp_code,set to NULL and flag
3720,ATT016739,gp_practice_code,missing_gp_code,set to NULL and flag
3721,ATT001176,pseudo_patient_id,missing_patient_id,reject
3723,ATT011592,presenting_complaint,inconsistent_text_format,"fix (trim spaces, standardise case)"
3723,ATT011592,"arrival_time, departure_time",mixed_date_format,fix (parse into one timestamp format)
3724,ATT017568,"arrival_time, departure_time",mixed_date_format,fix (parse into one timestamp format)
3729,ATT005195,presenting_complaint,missing_presenting_complaint,fill with 'Unknown'
3731,ATT009689,"arrival_time, departure_time",mixed_date_format,fix (parse into one timestamp format)
3733,ATT007828,presenting_complaint,inconsistent_text_format,"fix (trim spaces, standardise case)"
3734,ATT015908,disposition,inconsistent_text_format,"fix (trim spaces, standardise case)"
3735,ATT006114,"arrival_time, departure_time",mixed_date_format,fix (parse into one timestamp format)
3739,ATT013190,"arrival_time, departure_time",mixed_date_format,fix (parse into one timestamp format)
3740,ATT004974,triage_category,invalid_triage_code,reject
3746,ATT006007,gp_practice_code,missing_gp_code,set to NULL and flag
3747,ATT006881,presenting_complaint,inconsistent_text_format,"fix (trim spaces, standardise case)"
3751,ATT001167,"arrival_time, departure_time",mixed_date_format,fix (parse into one timestamp format)
3752,ATT015852,presenting_complaint,inconsistent_text_format,"fix (trim spaces, standardise case)"
3753,ATT009971,"arrival_time, departure_time",mixed_date_format,fix (parse into one timestamp format)
3756,ATT009852,disposition,inconsistent_text_format,"fix (trim spaces, standardise case)"
3759,ATT010793,gp_practice_code,malformed_gp_code,set to NULL and flag
3760,ATT006226,"arrival_time, departure_time",mixed_date_format,fix (parse into one timestamp format)
3768,ATT014195,"arrival_time, departure_time",mixed_date_format,fix (parse into one timestamp format)
3771,ATT004141,disposition,inconsistent_text_format,"fix (trim spaces, standardise case)"
3771,ATT004141,"arrival_time, departure_time",mixed_date_format,fix (parse into one timestamp format)
3774,ATT008765,"arrival_time, departure_time",mixed_date_format,fix (parse into one timestamp format)
3775,ATT019981,"arrival_time, departure_time",mixed_date_format,fix (parse into one timestamp format)
3776,ATT007439,presenting_complaint,inconsistent_text_format,"fix (trim spaces, standardise case)"
3776,ATT007439,"arrival_time, departure_time",mixed_date_format,fix (parse into one timestamp format)
3777,ATT017255,disposition,inconsistent_text_format,"fix (trim spaces, standardise case)"
3781,ATT007781,presenting_complaint,inconsistent_text_format,"fix (trim spaces, standardise case)"
3781,ATT007781,"arrival_time, departure_time",mixed_date_format,fix (parse into one timestamp format)
3784,ATT016182,"arrival_time, departure_time",mixed_date_format,fix (parse into one timestamp format)
3785,ATT011864,gp_practice_code,gp_code_lowercase,fix (upper-case)
3785,ATT011864,"arrival_time, departure_time",mixed_date_format,fix (parse into one timestamp format)
3786,ATT009398,gp_practice_code,missing_gp_code,set to NULL and flag
3789,ATT013229,gp_practice_code,malformed_gp_code,set to NULL and flag
3790,ATT012342,"arrival_time, departure_time",mixed_date_format,fix (parse into one timestamp format)
3793,ATT017193,presenting_complaint,missing_presenting_complaint,fill with 'Unknown'
3794,ATT006419,gp_practice_code,malformed_gp_code,set to NULL and flag
3797,ATT016928,gp_practice_code,gp_code_lowercase,fix (upper-case)
3798,ATT005755,presenting_complaint,inconsistent_text_format,"fix (trim spaces, standardise case)"
3801,ATT012933,"arrival_time, departure_time",mixed_date_format,fix (parse into one timestamp format)
3802,ATT006253,presenting_complaint,inconsistent_text_format,"fix (trim spaces, standardise case)"
3802,ATT006253,"arrival_time, departure_time",mixed_date_format,fix (parse into one timestamp format)
3803,ATT012634,gp_practice_code,missing_gp_code,set to NULL and flag
3804,ATT003296,"arrival_time, departure_time",mixed_date_format,fix (parse into one timestamp format)
3806,ATT015932,disposition,inconsistent_text_format,"fix (trim spaces, standardise case)"
3808,ATT005736,presenting_complaint,inconsistent_text_format,"fix (trim spaces, standardise case)"
3811,ATT006456,departure_time,missing_departure_time,reject
3811,ATT006456,"arrival_time, departure_time",mixed_date_format,fix (parse into one timestamp format)
3813,ATT009479,triage_category,invalid_triage_code,reject
3818,ATT016718,"arrival_time, departure_time",mixed_date_format,fix (parse into one timestamp format)
3819,ATT006254,presenting_complaint,inconsistent_text_format,"fix (trim spaces, standardise case)"
3819,ATT006254,"arrival_time, departure_time",mixed_date_format,fix (parse into one timestamp format)
3820,ATT018844,"arrival_time, departure_time",mixed_date_format,fix (parse into one timestamp format)
3824,ATT005558,"arrival_time, departure_time",mixed_date_format,fix (parse into one timestamp format)
3826,ATT005702,disposition,missing_disposition,fill with 'Unknown'
3829,ATT009998,departure_time,missing_departure_time,reject
3831,ATT009403,presenting_complaint,inconsistent_text_format,"fix (trim spaces, standardise case)"
3833,ATT003016,gp_practice_code,gp_code_lowercase,fix (upper-case)
3834,ATT013937,"arrival_time, departure_time",mixed_date_format,fix (parse into one timestamp format)
3837,ATT015528,presenting_complaint,missing_presenting_complaint,fill with 'Unknown'
3837,ATT015528,"arrival_time, departure_time",mixed_date_format,fix (parse into one timestamp format)
3839,ATT019714,presenting_complaint,inconsistent_text_format,"fix (trim spaces, standardise case)"
3839,ATT019714,"arrival_time, departure_time",mixed_date_format,fix (parse into one timestamp format)
3841,ATT013610,departure_time,departure_before_arrival,reject
3843,ATT017921,disposition,inconsistent_text_format,"fix (trim spaces, standardise case)"
3844,ATT002486,"arrival_time, departure_time",mixed_date_format,fix (parse into one timestamp format)
3845,ATT012448,presenting_complaint,inconsistent_text_format,"fix (trim spaces, standardise case)"
3845,ATT012448,disposition,inconsistent_text_format,"fix (trim spaces, standardise case)"
3847,ATT015067,disposition,inconsistent_text_format,"fix (trim spaces, standardise case)"
3848,ATT019696,"arrival_time, departure_time",mixed_date_format,fix (parse into one timestamp format)
3851,ATT008292,presenting_complaint,inconsistent_text_format,"fix (trim spaces, standardise case)"
3853,ATT019494,arrival_time,missing_arrival_time,reject
3853,ATT019494,"arrival_time, departure_time",mixed_date_format,fix (parse into one timestamp format)
3854,ATT006308,presenting_complaint,inconsistent_text_format,"fix (trim spaces, standardise case)"
3855,ATT001340,presenting_complaint,missing_presenting_complaint,fill with 'Unknown'
3858,ATT009013,disposition,inconsistent_text_format,"fix (trim spaces, standardise case)"
3865,ATT006096,disposition,inconsistent_text_format,"fix (trim spaces, standardise case)"
3867,ATT019325,departure_time,missing_departure_time,reject
3868,ATT014933,disposition,inconsistent_text_format,"fix (trim spaces, standardise case)"
3868,ATT014933,triage_category,triage_decimal_format,fix (3.0 -> 3)
3871,ATT018873,arrival_time,missing_arrival_time,reject
3872,ATT009249,gp_practice_code,missing_gp_code,set to NULL and flag
3873,ATT011496,"arrival_time, departure_time",mixed_date_format,fix (parse into one timestamp format)
3878,ATT013936,triage_category,triage_decimal_format,fix (3.0 -> 3)
3880,ATT011300,presenting_complaint,inconsistent_text_format,"fix (trim spaces, standardise case)"
3880,ATT011300,"arrival_time, departure_time",mixed_date_format,fix (parse into one timestamp format)
3884,ATT008617,"arrival_time, departure_time",mixed_date_format,fix (parse into one timestamp format)
3886,ATT009648,"arrival_time, departure_time",mixed_date_format,fix (parse into one timestamp format)
3890,ATT011317,presenting_complaint,inconsistent_text_format,"fix (trim spaces, standardise case)"
3895,ATT016297,disposition,inconsistent_text_format,"fix (trim spaces, standardise case)"
3898,ATT013218,disposition,inconsistent_text_format,"fix (trim spaces, standardise case)"
3898,ATT013218,"arrival_time, departure_time",mixed_date_format,fix (parse into one timestamp format)
3902,ATT003821,presenting_complaint,inconsistent_text_format,"fix (trim spaces, standardise case)"
3904,ATT002728,presenting_complaint,inconsistent_text_format,"fix (trim spaces, standardise case)"
3905,ATT015575,presenting_complaint,inconsistent_text_format,"fix (trim spaces, standardise case)"
3905,ATT015575,disposition,inconsistent_text_format,"fix (trim spaces, standardise case)"
3907,ATT005747,"arrival_time, departure_time",mixed_date_format,fix (parse into one timestamp format)
3908,ATT015580,"arrival_time, departure_time",mixed_date_format,fix (parse into one timestamp format)
3911,ATT002975,"arrival_time, departure_time",mixed_date_format,fix (parse into one timestamp format)
3913,ATT017132,gp_practice_code,malformed_gp_code,set to NULL and flag
3918,ATT006799,"arrival_time, departure_time",mixed_date_format,fix (parse into one timestamp format)
3919,ATT016255,presenting_complaint,inconsistent_text_format,"fix (trim spaces, standardise case)"
3919,ATT016255,disposition,inconsistent_text_format,"fix (trim spaces, standardise case)"
3922,ATT017896,"arrival_time, departure_time",mixed_date_format,fix (parse into one timestamp format)
3924,ATT001209,gp_practice_code,gp_code_lowercase,fix (upper-case)
3931,ATT015248,departure_time,departure_before_arrival,reject
3931,ATT015248,presenting_complaint,inconsistent_text_format,"fix (trim spaces, standardise case)"
3932,ATT010770,gp_practice_code,missing_gp_code,set to NULL and flag
3935,ATT017182,"arrival_time, departure_time",mixed_date_format,fix (parse into one timestamp format)
3940,ATT003509,"arrival_time, departure_time",mixed_date_format,fix (parse into one timestamp format)
3942,ATT014416,disposition,inconsistent_text_format,"fix (trim spaces, standardise case)"
3945,ATT001412,"arrival_time, departure_time",mixed_date_format,fix (parse into one timestamp format)
3949,ATT009940,disposition,missing_disposition,fill with 'Unknown'
3950,ATT002615,"arrival_time, departure_time",mixed_date_format,fix (parse into one timestamp format)
3952,ATT005237,disposition,inconsistent_text_format,"fix (trim spaces, standardise case)"
3955,ATT002637,"arrival_time, departure_time",mixed_date_format,fix (parse into one timestamp format)
3956,ATT011663,departure_time,departure_before_arrival,reject
3956,ATT011663,presenting_complaint,inconsistent_text_format,"fix (trim spaces, standardise case)"
3957,ATT009564,presenting_complaint,inconsistent_text_format,"fix (trim spaces, standardise case)"
3959,ATT009335,presenting_complaint,inconsistent_text_format,"fix (trim spaces, standardise case)"
3960,ATT019187,presenting_complaint,inconsistent_text_format,"fix (trim spaces, standardise case)"
3963,ATT006247,(entire row),duplicate_row,remove (keep first)
3965,ATT010432,"arrival_time, departure_time",mixed_date_format,fix (parse into one timestamp format)
3967,ATT003046,presenting_complaint,inconsistent_text_format,"fix (trim spaces, standardise case)"
3968,ATT005935,presenting_complaint,inconsistent_text_format,"fix (trim spaces, standardise case)"
3972,ATT008825,"arrival_time, departure_time",mixed_date_format,fix (parse into one timestamp format)
3973,ATT007102,disposition,inconsistent_text_format,"fix (trim spaces, standardise case)"
3973,ATT007102,"arrival_time, departure_time",mixed_date_format,fix (parse into one timestamp format)
3975,ATT017751,disposition,inconsistent_text_format,"fix (trim spaces, standardise case)"
3975,ATT017751,"arrival_time, departure_time",mixed_date_format,fix (parse into one timestamp format)
3977,ATT014275,"arrival_time, departure_time",mixed_date_format,fix (parse into one timestamp format)
3980,ATT012845,presenting_complaint,inconsistent_text_format,"fix (trim spaces, standardise case)"
3981,ATT002951,"arrival_time, departure_time",mixed_date_format,fix (parse into one timestamp format)
3986,ATT007810,"arrival_time, departure_time",mixed_date_format,fix (parse into one timestamp format)
3989,ATT003015,pseudo_patient_id,missing_patient_id,reject
3998,ATT017891,gp_practice_code,malformed_gp_code,set to NULL and flag
4002,ATT006542,presenting_complaint,inconsistent_text_format,"fix (trim spaces, standardise case)"
4009,ATT008214,departure_time,missing_departure_time,reject
4011,ATT015057,gp_practice_code,missing_gp_code,set to NULL and flag
4013,ATT008577,presenting_complaint,inconsistent_text_format,"fix (trim spaces, standardise case)"
4017,ATT010337,"arrival_time, departure_time",mixed_date_format,fix (parse into one timestamp format)
4018,ATT008196,presenting_complaint,inconsistent_text_format,"fix (trim spaces, standardise case)"
4019,ATT009234,departure_time,missing_departure_time,reject
4020,ATT009793,"arrival_time, departure_time",mixed_date_format,fix (parse into one timestamp format)
4024,ATT018109,gp_practice_code,gp_code_lowercase,fix (upper-case)
4025,ATT012188,departure_time,extreme_length_of_stay,reject
4027,ATT019037,arrival_time,missing_arrival_time,reject
4028,ATT016813,gp_practice_code,gp_code_lowercase,fix (upper-case)
4033,ATT001062,(entire row),duplicate_row,remove (keep first)
4037,ATT001999,"arrival_time, departure_time",mixed_date_format,fix (parse into one timestamp format)
4040,ATT018472,gp_practice_code,missing_gp_code,set to NULL and flag
4044,ATT011188,presenting_complaint,inconsistent_text_format,"fix (trim spaces, standardise case)"
4044,ATT011188,gp_practice_code,missing_gp_code,set to NULL and flag
4046,ATT008757,"arrival_time, departure_time",mixed_date_format,fix (parse into one timestamp format)
4047,ATT006789,gp_practice_code,gp_code_lowercase,fix (upper-case)
4048,ATT014852,disposition,inconsistent_text_format,"fix (trim spaces, standardise case)"
4049,ATT015674,disposition,inconsistent_text_format,"fix (trim spaces, standardise case)"
4052,ATT002147,gp_practice_code,malformed_gp_code,set to NULL and flag
4054,ATT011634,departure_time,departure_before_arrival,reject
4061,ATT000587,"arrival_time, departure_time",mixed_date_format,fix (parse into one timestamp format)
4067,ATT002954,presenting_complaint,inconsistent_text_format,"fix (trim spaces, standardise case)"
4067,ATT002954,disposition,inconsistent_text_format,"fix (trim spaces, standardise case)"
4068,ATT002267,"arrival_time, departure_time",mixed_date_format,fix (parse into one timestamp format)
4069,ATT013988,triage_category,triage_decimal_format,fix (3.0 -> 3)
4074,ATT018083,arrival_time,missing_arrival_time,reject
4075,ATT010139,"arrival_time, departure_time",mixed_date_format,fix (parse into one timestamp format)
4077,ATT004591,gp_practice_code,missing_gp_code,set to NULL and flag
4080,ATT016894,gp_practice_code,missing_gp_code,set to NULL and flag
4083,ATT017717,disposition,inconsistent_text_format,"fix (trim spaces, standardise case)"
4083,ATT017717,presenting_complaint,missing_presenting_complaint,fill with 'Unknown'
4085,ATT015534,gp_practice_code,missing_gp_code,set to NULL and flag
4089,ATT008930,departure_time,missing_departure_time,reject
4091,ATT013422,"arrival_time, departure_time",mixed_date_format,fix (parse into one timestamp format)
4093,ATT002639,disposition,inconsistent_text_format,"fix (trim spaces, standardise case)"
4093,ATT002639,"arrival_time, departure_time",mixed_date_format,fix (parse into one timestamp format)
4095,ATT007686,(entire row),duplicate_row,remove (keep first)
4095,ATT007686,"arrival_time, departure_time",mixed_date_format,fix (parse into one timestamp format)
4097,ATT004626,presenting_complaint,inconsistent_text_format,"fix (trim spaces, standardise case)"
4097,ATT004626,gp_practice_code,malformed_gp_code,set to NULL and flag
4097,ATT004626,"arrival_time, departure_time",mixed_date_format,fix (parse into one timestamp format)
4098,ATT013898,gp_practice_code,missing_gp_code,set to NULL and flag
4101,ATT000223,"arrival_time, departure_time",mixed_date_format,fix (parse into one timestamp format)
4102,ATT003546,disposition,inconsistent_text_format,"fix (trim spaces, standardise case)"
4102,ATT003546,gp_practice_code,missing_gp_code,set to NULL and flag
4103,ATT015695,presenting_complaint,inconsistent_text_format,"fix (trim spaces, standardise case)"
4104,ATT002443,"arrival_time, departure_time",mixed_date_format,fix (parse into one timestamp format)
4106,ATT016325,disposition,inconsistent_text_format,"fix (trim spaces, standardise case)"
4112,ATT011767,arrival_time,missing_arrival_time,reject
4115,ATT002557,presenting_complaint,inconsistent_text_format,"fix (trim spaces, standardise case)"
4116,ATT017186,presenting_complaint,inconsistent_text_format,"fix (trim spaces, standardise case)"
4119,ATT000903,presenting_complaint,inconsistent_text_format,"fix (trim spaces, standardise case)"
4119,ATT000903,disposition,inconsistent_text_format,"fix (trim spaces, standardise case)"
4120,ATT014109,"arrival_time, departure_time",mixed_date_format,fix (parse into one timestamp format)
4121,ATT000182,gp_practice_code,missing_gp_code,set to NULL and flag
4122,ATT009993,"arrival_time, departure_time",mixed_date_format,fix (parse into one timestamp format)
4124,ATT001854,"arrival_time, departure_time",mixed_date_format,fix (parse into one timestamp format)
4125,ATT004231,disposition,inconsistent_text_format,"fix (trim spaces, standardise case)"
4126,ATT013568,disposition,inconsistent_text_format,"fix (trim spaces, standardise case)"
4136,ATT011837,disposition,inconsistent_text_format,"fix (trim spaces, standardise case)"
4139,ATT005129,"arrival_time, departure_time",mixed_date_format,fix (parse into one timestamp format)
4140,ATT007015,"arrival_time, departure_time",mixed_date_format,fix (parse into one timestamp format)
4141,ATT015215,disposition,inconsistent_text_format,"fix (trim spaces, standardise case)"
4146,ATT010935,presenting_complaint,inconsistent_text_format,"fix (trim spaces, standardise case)"
4146,ATT010935,disposition,inconsistent_text_format,"fix (trim spaces, standardise case)"
4147,ATT018365,"arrival_time, departure_time",mixed_date_format,fix (parse into one timestamp format)
4148,ATT013463,presenting_complaint,inconsistent_text_format,"fix (trim spaces, standardise case)"
4149,ATT015312,gp_practice_code,gp_code_lowercase,fix (upper-case)
4150,ATT008619,presenting_complaint,inconsistent_text_format,"fix (trim spaces, standardise case)"
4151,ATT006886,disposition,inconsistent_text_format,"fix (trim spaces, standardise case)"
4151,ATT006886,"arrival_time, departure_time",mixed_date_format,fix (parse into one timestamp format)
4153,ATT017026,gp_practice_code,gp_code_lowercase,fix (upper-case)
4154,ATT004000,gp_practice_code,gp_code_lowercase,fix (upper-case)
4157,ATT002087,gp_practice_code,gp_code_lowercase,fix (upper-case)
4159,ATT016047,disposition,inconsistent_text_format,"fix (trim spaces, standardise case)"
4159,ATT016047,"arrival_time, departure_time",mixed_date_format,fix (parse into one timestamp format)
4160,ATT002590,disposition,inconsistent_text_format,"fix (trim spaces, standardise case)"
4161,ATT004334,departure_time,departure_before_arrival,reject
4163,ATT002233,(entire row),duplicate_row,remove (keep first)
4167,ATT019362,departure_time,departure_before_arrival,reject
4168,ATT012031,departure_time,extreme_length_of_stay,reject
4170,ATT019991,presenting_complaint,missing_presenting_complaint,fill with 'Unknown'
4172,ATT001040,presenting_complaint,inconsistent_text_format,"fix (trim spaces, standardise case)"
4173,ATT014792,presenting_complaint,inconsistent_text_format,"fix (trim spaces, standardise case)"
4180,ATT005349,gp_practice_code,malformed_gp_code,set to NULL and flag
4180,ATT005349,"arrival_time, departure_time",mixed_date_format,fix (parse into one timestamp format)
4181,ATT002096,presenting_complaint,missing_presenting_complaint,fill with 'Unknown'
4189,ATT014958,"arrival_time, departure_time",mixed_date_format,fix (parse into one timestamp format)
4192,ATT006959,departure_time,missing_departure_time,reject
4192,ATT006959,"arrival_time, departure_time",mixed_date_format,fix (parse into one timestamp format)
4193,ATT000935,"arrival_time, departure_time",mixed_date_format,fix (parse into one timestamp format)
4194,ATT006837,gp_practice_code,gp_code_lowercase,fix (upper-case)
4196,ATT018658,presenting_complaint,inconsistent_text_format,"fix (trim spaces, standardise case)"
4196,ATT018658,disposition,inconsistent_text_format,"fix (trim spaces, standardise case)"
4197,ATT001344,"arrival_time, departure_time",mixed_date_format,fix (parse into one timestamp format)
4198,ATT005200,gp_practice_code,missing_gp_code,set to NULL and flag
4199,ATT000360,gp_practice_code,missing_gp_code,set to NULL and flag
4202,ATT000960,presenting_complaint,inconsistent_text_format,"fix (trim spaces, standardise case)"
4207,ATT002055,"arrival_time, departure_time",mixed_date_format,fix (parse into one timestamp format)
4208,ATT009353,presenting_complaint,inconsistent_text_format,"fix (trim spaces, standardise case)"
4209,ATT019105,presenting_complaint,inconsistent_text_format,"fix (trim spaces, standardise case)"
4211,ATT013952,presenting_complaint,inconsistent_text_format,"fix (trim spaces, standardise case)"
4211,ATT013952,gp_practice_code,missing_gp_code,set to NULL and flag
4213,ATT019727,presenting_complaint,inconsistent_text_format,"fix (trim spaces, standardise case)"
4213,ATT019727,"arrival_time, departure_time",mixed_date_format,fix (parse into one timestamp format)
4216,ATT018729,"arrival_time, departure_time",mixed_date_format,fix (parse into one timestamp format)
4217,ATT015920,presenting_complaint,inconsistent_text_format,"fix (trim spaces, standardise case)"
4217,ATT015920,disposition,inconsistent_text_format,"fix (trim spaces, standardise case)"
4220,ATT019479,triage_category,invalid_triage_code,reject
4222,ATT019136,triage_category,invalid_triage_code,reject
4223,ATT003609,"arrival_time, departure_time",mixed_date_format,fix (parse into one timestamp format)
4232,ATT006581,"arrival_time, departure_time",mixed_date_format,fix (parse into one timestamp format)
4234,ATT011829,(entire row),duplicate_row,remove (keep first)
4237,ATT002395,triage_category,invalid_triage_code,reject
4242,ATT013350,departure_time,extreme_length_of_stay,reject
4242,ATT013350,"arrival_time, departure_time",mixed_date_format,fix (parse into one timestamp format)
4243,ATT013113,"arrival_time, departure_time",mixed_date_format,fix (parse into one timestamp format)
4249,ATT003538,disposition,inconsistent_text_format,"fix (trim spaces, standardise case)"
4250,ATT013935,"arrival_time, departure_time",mixed_date_format,fix (parse into one timestamp format)
4251,ATT013825,disposition,inconsistent_text_format,"fix (trim spaces, standardise case)"
4252,ATT002747,presenting_complaint,inconsistent_text_format,"fix (trim spaces, standardise case)"
4256,ATT007069,disposition,inconsistent_text_format,"fix (trim spaces, standardise case)"
4256,ATT007069,"arrival_time, departure_time",mixed_date_format,fix (parse into one timestamp format)
4259,ATT008915,departure_time,missing_departure_time,reject
4260,ATT008127,presenting_complaint,inconsistent_text_format,"fix (trim spaces, standardise case)"
4260,ATT008127,"arrival_time, departure_time",mixed_date_format,fix (parse into one timestamp format)
4265,ATT009892,"arrival_time, departure_time",mixed_date_format,fix (parse into one timestamp format)
4273,ATT009585,presenting_complaint,inconsistent_text_format,"fix (trim spaces, standardise case)"
4274,ATT000938,disposition,inconsistent_text_format,"fix (trim spaces, standardise case)"
4274,ATT000938,"arrival_time, departure_time",mixed_date_format,fix (parse into one timestamp format)
4275,ATT013507,"arrival_time, departure_time",mixed_date_format,fix (parse into one timestamp format)
4276,ATT007140,"arrival_time, departure_time",mixed_date_format,fix (parse into one timestamp format)
4278,ATT002135,departure_time,missing_departure_time,reject
4284,ATT014615,presenting_complaint,inconsistent_text_format,"fix (trim spaces, standardise case)"
4288,ATT001086,disposition,inconsistent_text_format,"fix (trim spaces, standardise case)"
4290,ATT009287,gp_practice_code,missing_gp_code,set to NULL and flag
4291,ATT014327,disposition,inconsistent_text_format,"fix (trim spaces, standardise case)"
4294,ATT004346,"arrival_time, departure_time",mixed_date_format,fix (parse into one timestamp format)
4297,ATT017646,"arrival_time, departure_time",mixed_date_format,fix (parse into one timestamp format)
4300,ATT001770,presenting_complaint,inconsistent_text_format,"fix (trim spaces, standardise case)"
4301,ATT009738,triage_category,invalid_triage_code,reject
4302,ATT009192,presenting_complaint,missing_presenting_complaint,fill with 'Unknown'
4302,ATT009192,triage_category,triage_decimal_format,fix (3.0 -> 3)
4306,ATT000131,"arrival_time, departure_time",mixed_date_format,fix (parse into one timestamp format)
4307,ATT013417,disposition,inconsistent_text_format,"fix (trim spaces, standardise case)"
4308,ATT013037,presenting_complaint,inconsistent_text_format,"fix (trim spaces, standardise case)"
4309,ATT012560,gp_practice_code,gp_code_lowercase,fix (upper-case)
4310,ATT007754,departure_time,missing_departure_time,reject
4312,ATT015298,"arrival_time, departure_time",mixed_date_format,fix (parse into one timestamp format)
4314,ATT010925,arrival_time,future_dated_attendance,reject
4316,ATT016819,presenting_complaint,inconsistent_text_format,"fix (trim spaces, standardise case)"
4316,ATT016819,"arrival_time, departure_time",mixed_date_format,fix (parse into one timestamp format)
4317,ATT002451,(entire row),duplicate_row,remove (keep first)
4320,ATT013896,"arrival_time, departure_time",mixed_date_format,fix (parse into one timestamp format)
4321,ATT004389,gp_practice_code,missing_gp_code,set to NULL and flag
4321,ATT004389,"arrival_time, departure_time",mixed_date_format,fix (parse into one timestamp format)
4328,ATT016848,disposition,inconsistent_text_format,"fix (trim spaces, standardise case)"
4331,ATT005763,disposition,inconsistent_text_format,"fix (trim spaces, standardise case)"
4332,ATT003941,triage_category,invalid_triage_code,reject
4334,ATT009978,gp_practice_code,missing_gp_code,set to NULL and flag
4342,ATT000450,presenting_complaint,inconsistent_text_format,"fix (trim spaces, standardise case)"
4345,ATT011840,"arrival_time, departure_time",mixed_date_format,fix (parse into one timestamp format)
4348,ATT017134,"arrival_time, departure_time",mixed_date_format,fix (parse into one timestamp format)
4349,ATT006245,"arrival_time, departure_time",mixed_date_format,fix (parse into one timestamp format)
4350,ATT000536,presenting_complaint,missing_presenting_complaint,fill with 'Unknown'
4350,ATT000536,"arrival_time, departure_time",mixed_date_format,fix (parse into one timestamp format)
4351,ATT007349,gp_practice_code,malformed_gp_code,set to NULL and flag
4352,ATT019371,(entire row),duplicate_row,remove (keep first)
4352,ATT019371,"arrival_time, departure_time",mixed_date_format,fix (parse into one timestamp format)
4356,ATT012571,"arrival_time, departure_time",mixed_date_format,fix (parse into one timestamp format)
4357,ATT011001,"arrival_time, departure_time",mixed_date_format,fix (parse into one timestamp format)
4360,ATT014794,"arrival_time, departure_time",mixed_date_format,fix (parse into one timestamp format)
4361,ATT006330,disposition,inconsistent_text_format,"fix (trim spaces, standardise case)"
4364,ATT019927,"arrival_time, departure_time",mixed_date_format,fix (parse into one timestamp format)
4366,ATT011193,departure_time,missing_departure_time,reject
4371,ATT000455,"arrival_time, departure_time",mixed_date_format,fix (parse into one timestamp format)
4374,ATT013344,disposition,inconsistent_text_format,"fix (trim spaces, standardise case)"
4375,ATT003853,disposition,inconsistent_text_format,"fix (trim spaces, standardise case)"
4376,ATT000183,"arrival_time, departure_time",mixed_date_format,fix (parse into one timestamp format)
4378,ATT004742,presenting_complaint,inconsistent_text_format,"fix (trim spaces, standardise case)"
4379,ATT005353,presenting_complaint,inconsistent_text_format,"fix (trim spaces, standardise case)"
4389,ATT001708,"arrival_time, departure_time",mixed_date_format,fix (parse into one timestamp format)
4393,ATT001303,"arrival_time, departure_time",mixed_date_format,fix (parse into one timestamp format)
4395,ATT009230,gp_practice_code,missing_gp_code,set to NULL and flag
4402,ATT007277,disposition,inconsistent_text_format,"fix (trim spaces, standardise case)"
4403,ATT010273,departure_time,departure_before_arrival,reject
4406,ATT006724,presenting_complaint,inconsistent_text_format,"fix (trim spaces, standardise case)"
4406,ATT006724,gp_practice_code,missing_gp_code,set to NULL and flag
4412,ATT001038,disposition,inconsistent_text_format,"fix (trim spaces, standardise case)"
4417,ATT007169,disposition,inconsistent_text_format,"fix (trim spaces, standardise case)"
4419,ATT013013,"arrival_time, departure_time",mixed_date_format,fix (parse into one timestamp format)
4421,ATT010012,presenting_complaint,inconsistent_text_format,"fix (trim spaces, standardise case)"
4421,ATT010012,disposition,inconsistent_text_format,"fix (trim spaces, standardise case)"
4424,ATT018128,"arrival_time, departure_time",mixed_date_format,fix (parse into one timestamp format)
4425,ATT008622,triage_category,invalid_triage_code,reject
4427,ATT008887,gp_practice_code,missing_gp_code,set to NULL and flag
4431,ATT002698,"arrival_time, departure_time",mixed_date_format,fix (parse into one timestamp format)
4433,ATT016723,(entire row),duplicate_row,remove (keep first)
4434,ATT018197,"arrival_time, departure_time",mixed_date_format,fix (parse into one timestamp format)
4437,ATT015590,presenting_complaint,inconsistent_text_format,"fix (trim spaces, standardise case)"
4437,ATT015590,"arrival_time, departure_time",mixed_date_format,fix (parse into one timestamp format)
4438,ATT010011,"arrival_time, departure_time",mixed_date_format,fix (parse into one timestamp format)
4439,ATT014899,"arrival_time, departure_time",mixed_date_format,fix (parse into one timestamp format)
4442,ATT014382,presenting_complaint,inconsistent_text_format,"fix (trim spaces, standardise case)"
4443,ATT004520,presenting_complaint,inconsistent_text_format,"fix (trim spaces, standardise case)"
4445,ATT016119,presenting_complaint,inconsistent_text_format,"fix (trim spaces, standardise case)"
4448,ATT001334,disposition,inconsistent_text_format,"fix (trim spaces, standardise case)"
4451,ATT011334,presenting_complaint,inconsistent_text_format,"fix (trim spaces, standardise case)"
4452,ATT011417,disposition,inconsistent_text_format,"fix (trim spaces, standardise case)"
4461,ATT010958,presenting_complaint,inconsistent_text_format,"fix (trim spaces, standardise case)"
4461,ATT010958,disposition,inconsistent_text_format,"fix (trim spaces, standardise case)"
4462,ATT003921,disposition,missing_disposition,fill with 'Unknown'
4464,ATT009959,triage_category,triage_decimal_format,fix (3.0 -> 3)
4465,ATT007062,presenting_complaint,inconsistent_text_format,"fix (trim spaces, standardise case)"
4467,ATT010250,"arrival_time, departure_time",mixed_date_format,fix (parse into one timestamp format)
4475,ATT004117,presenting_complaint,inconsistent_text_format,"fix (trim spaces, standardise case)"
4482,ATT015655,"arrival_time, departure_time",mixed_date_format,fix (parse into one timestamp format)
4483,ATT013909,gp_practice_code,missing_gp_code,set to NULL and flag
4484,ATT003252,departure_time,departure_before_arrival,reject
4484,ATT003252,presenting_complaint,inconsistent_text_format,"fix (trim spaces, standardise case)"
4486,ATT006403,departure_time,missing_departure_time,reject
4490,ATT005372,"arrival_time, departure_time",mixed_date_format,fix (parse into one timestamp format)
4491,ATT004672,"arrival_time, departure_time",mixed_date_format,fix (parse into one timestamp format)
4497,ATT002657,gp_practice_code,missing_gp_code,set to NULL and flag
4499,ATT006243,"arrival_time, departure_time",mixed_date_format,fix (parse into one timestamp format)
4503,ATT011013,"arrival_time, departure_time",mixed_date_format,fix (parse into one timestamp format)
4506,ATT017461,disposition,inconsistent_text_format,"fix (trim spaces, standardise case)"
4507,ATT001836,presenting_complaint,inconsistent_text_format,"fix (trim spaces, standardise case)"
4507,ATT001836,disposition,inconsistent_text_format,"fix (trim spaces, standardise case)"
4507,ATT001836,"arrival_time, departure_time",mixed_date_format,fix (parse into one timestamp format)
4508,ATT005490,"arrival_time, departure_time",mixed_date_format,fix (parse into one timestamp format)
4510,ATT008268,presenting_complaint,missing_presenting_complaint,fill with 'Unknown'
4512,ATT013678,presenting_complaint,inconsistent_text_format,"fix (trim spaces, standardise case)"
4512,ATT013678,"arrival_time, departure_time",mixed_date_format,fix (parse into one timestamp format)
4520,ATT004489,presenting_complaint,inconsistent_text_format,"fix (trim spaces, standardise case)"
4520,ATT004489,disposition,inconsistent_text_format,"fix (trim spaces, standardise case)"
4525,ATT010873,gp_practice_code,missing_gp_code,set to NULL and flag
4525,ATT010873,"arrival_time, departure_time",mixed_date_format,fix (parse into one timestamp format)
4527,ATT006003,"arrival_time, departure_time",mixed_date_format,fix (parse into one timestamp format)
4529,ATT004951,"arrival_time, departure_time",mixed_date_format,fix (parse into one timestamp format)
4530,ATT015648,disposition,inconsistent_text_format,"fix (trim spaces, standardise case)"
4531,ATT017407,gp_practice_code,missing_gp_code,set to NULL and flag
4533,ATT011359,disposition,inconsistent_text_format,"fix (trim spaces, standardise case)"
4534,ATT017809,"arrival_time, departure_time",mixed_date_format,fix (parse into one timestamp format)
4535,ATT012676,presenting_complaint,inconsistent_text_format,"fix (trim spaces, standardise case)"
4539,ATT014405,disposition,inconsistent_text_format,"fix (trim spaces, standardise case)"
4542,ATT014422,disposition,inconsistent_text_format,"fix (trim spaces, standardise case)"
4544,ATT018399,presenting_complaint,inconsistent_text_format,"fix (trim spaces, standardise case)"
4546,ATT002719,triage_category,invalid_triage_code,reject
4549,ATT002641,disposition,inconsistent_text_format,"fix (trim spaces, standardise case)"
4552,ATT002653,"arrival_time, departure_time",mixed_date_format,fix (parse into one timestamp format)
4554,ATT007052,"arrival_time, departure_time",mixed_date_format,fix (parse into one timestamp format)
4557,ATT001337,"arrival_time, departure_time",mixed_date_format,fix (parse into one timestamp format)
4560,ATT011803,"arrival_time, departure_time",mixed_date_format,fix (parse into one timestamp format)
4563,ATT004287,"arrival_time, departure_time",mixed_date_format,fix (parse into one timestamp format)
4569,ATT007039,disposition,inconsistent_text_format,"fix (trim spaces, standardise case)"
4570,ATT000381,presenting_complaint,inconsistent_text_format,"fix (trim spaces, standardise case)"
4572,ATT014127,"arrival_time, departure_time",mixed_date_format,fix (parse into one timestamp format)
4573,ATT016667,"arrival_time, departure_time",mixed_date_format,fix (parse into one timestamp format)
4574,ATT018745,triage_category,triage_decimal_format,fix (3.0 -> 3)
4576,ATT000136,gp_practice_code,gp_code_lowercase,fix (upper-case)
4577,ATT009385,gp_practice_code,gp_code_lowercase,fix (upper-case)
4578,ATT008355,presenting_complaint,inconsistent_text_format,"fix (trim spaces, standardise case)"
4579,ATT014493,disposition,inconsistent_text_format,"fix (trim spaces, standardise case)"
4581,ATT015841,disposition,inconsistent_text_format,"fix (trim spaces, standardise case)"
4585,ATT005928,"arrival_time, departure_time",mixed_date_format,fix (parse into one timestamp format)
4592,ATT008365,presenting_complaint,inconsistent_text_format,"fix (trim spaces, standardise case)"
4593,ATT015727,"arrival_time, departure_time",mixed_date_format,fix (parse into one timestamp format)
4596,ATT003289,gp_practice_code,missing_gp_code,set to NULL and flag
4597,ATT009444,"arrival_time, departure_time",mixed_date_format,fix (parse into one timestamp format)
4598,ATT000426,disposition,inconsistent_text_format,"fix (trim spaces, standardise case)"
4598,ATT000426,presenting_complaint,missing_presenting_complaint,fill with 'Unknown'
4600,ATT017793,presenting_complaint,inconsistent_text_format,"fix (trim spaces, standardise case)"
4600,ATT017793,gp_practice_code,malformed_gp_code,set to NULL and flag
4600,ATT017793,"arrival_time, departure_time",mixed_date_format,fix (parse into one timestamp format)
4601,ATT006689,disposition,inconsistent_text_format,"fix (trim spaces, standardise case)"
4601,ATT006689,"arrival_time, departure_time",mixed_date_format,fix (parse into one timestamp format)
4602,ATT011867,presenting_complaint,inconsistent_text_format,"fix (trim spaces, standardise case)"
4604,ATT011609,gp_practice_code,missing_gp_code,set to NULL and flag
4608,ATT018290,presenting_complaint,inconsistent_text_format,"fix (trim spaces, standardise case)"
4611,ATT008077,disposition,inconsistent_text_format,"fix (trim spaces, standardise case)"
4611,ATT008077,gp_practice_code,missing_gp_code,set to NULL and flag
4612,ATT003215,"arrival_time, departure_time",mixed_date_format,fix (parse into one timestamp format)
4619,ATT018037,presenting_complaint,missing_presenting_complaint,fill with 'Unknown'
4620,ATT009893,"arrival_time, departure_time",mixed_date_format,fix (parse into one timestamp format)
4621,ATT019250,gp_practice_code,gp_code_lowercase,fix (upper-case)
4627,ATT015981,gp_practice_code,missing_gp_code,set to NULL and flag
4628,ATT017268,disposition,missing_disposition,fill with 'Unknown'
4629,ATT003235,departure_time,departure_before_arrival,reject
4631,ATT002727,gp_practice_code,missing_gp_code,set to NULL and flag
4632,ATT001114,triage_category,invalid_triage_code,reject
4634,ATT016953,presenting_complaint,inconsistent_text_format,"fix (trim spaces, standardise case)"
4635,ATT000374,presenting_complaint,inconsistent_text_format,"fix (trim spaces, standardise case)"
4641,ATT011308,departure_time,departure_before_arrival,reject
4642,ATT004305,"arrival_time, departure_time",mixed_date_format,fix (parse into one timestamp format)
4647,ATT008688,departure_time,departure_before_arrival,reject
4651,ATT010326,"arrival_time, departure_time",mixed_date_format,fix (parse into one timestamp format)
4652,ATT006818,arrival_time,future_dated_attendance,reject
4653,ATT007579,presenting_complaint,inconsistent_text_format,"fix (trim spaces, standardise case)"
4664,ATT007797,presenting_complaint,inconsistent_text_format,"fix (trim spaces, standardise case)"
4665,ATT010854,presenting_complaint,inconsistent_text_format,"fix (trim spaces, standardise case)"
4666,ATT018861,gp_practice_code,malformed_gp_code,set to NULL and flag
4667,ATT008456,"arrival_time, departure_time",mixed_date_format,fix (parse into one timestamp format)
4671,ATT004623,presenting_complaint,inconsistent_text_format,"fix (trim spaces, standardise case)"
4672,ATT000567,"arrival_time, departure_time",mixed_date_format,fix (parse into one timestamp format)
4677,ATT001306,presenting_complaint,missing_presenting_complaint,fill with 'Unknown'
4679,ATT004304,disposition,inconsistent_text_format,"fix (trim spaces, standardise case)"
4679,ATT004304,gp_practice_code,missing_gp_code,set to NULL and flag
4683,ATT011458,presenting_complaint,inconsistent_text_format,"fix (trim spaces, standardise case)"
4684,ATT005437,"arrival_time, departure_time",mixed_date_format,fix (parse into one timestamp format)
4690,ATT001796,"arrival_time, departure_time",mixed_date_format,fix (parse into one timestamp format)
4693,ATT001965,disposition,missing_disposition,fill with 'Unknown'
4695,ATT004985,"arrival_time, departure_time",mixed_date_format,fix (parse into one timestamp format)
4704,ATT006642,(entire row),duplicate_row,remove (keep first)
4705,ATT006888,disposition,missing_disposition,fill with 'Unknown'
4706,ATT011145,presenting_complaint,inconsistent_text_format,"fix (trim spaces, standardise case)"
4711,ATT001517,"arrival_time, departure_time",mixed_date_format,fix (parse into one timestamp format)
4713,ATT008723,"arrival_time, departure_time",mixed_date_format,fix (parse into one timestamp format)
4714,ATT008497,"arrival_time, departure_time",mixed_date_format,fix (parse into one timestamp format)
4718,ATT007531,departure_time,missing_departure_time,reject
4719,ATT003182,presenting_complaint,missing_presenting_complaint,fill with 'Unknown'
4719,ATT003182,"arrival_time, departure_time",mixed_date_format,fix (parse into one timestamp format)
4722,ATT014627,gp_practice_code,missing_gp_code,set to NULL and flag
4731,ATT017610,disposition,inconsistent_text_format,"fix (trim spaces, standardise case)"
4733,ATT013228,presenting_complaint,inconsistent_text_format,"fix (trim spaces, standardise case)"
4733,ATT013228,gp_practice_code,missing_gp_code,set to NULL and flag
4733,ATT013228,"arrival_time, departure_time",mixed_date_format,fix (parse into one timestamp format)
4740,ATT008405,"arrival_time, departure_time",mixed_date_format,fix (parse into one timestamp format)
4742,ATT009935,"arrival_time, departure_time",mixed_date_format,fix (parse into one timestamp format)
4744,ATT000151,disposition,inconsistent_text_format,"fix (trim spaces, standardise case)"
4744,ATT000151,"arrival_time, departure_time",mixed_date_format,fix (parse into one timestamp format)
4745,ATT006139,presenting_complaint,missing_presenting_complaint,fill with 'Unknown'
4748,ATT012302,presenting_complaint,inconsistent_text_format,"fix (trim spaces, standardise case)"
4748,ATT012302,"arrival_time, departure_time",mixed_date_format,fix (parse into one timestamp format)
4753,ATT011037,"arrival_time, departure_time",mixed_date_format,fix (parse into one timestamp format)
4754,ATT005864,"arrival_time, departure_time",mixed_date_format,fix (parse into one timestamp format)
4757,ATT011042,"arrival_time, departure_time",mixed_date_format,fix (parse into one timestamp format)
4758,ATT004316,presenting_complaint,missing_presenting_complaint,fill with 'Unknown'
4758,ATT004316,"arrival_time, departure_time",mixed_date_format,fix (parse into one timestamp format)
4759,ATT012594,disposition,inconsistent_text_format,"fix (trim spaces, standardise case)"
4763,ATT014373,presenting_complaint,inconsistent_text_format,"fix (trim spaces, standardise case)"
4765,ATT013109,"arrival_time, departure_time",mixed_date_format,fix (parse into one timestamp format)
4766,ATT001277,presenting_complaint,inconsistent_text_format,"fix (trim spaces, standardise case)"
4766,ATT001277,"arrival_time, departure_time",mixed_date_format,fix (parse into one timestamp format)
4768,ATT006341,"arrival_time, departure_time",mixed_date_format,fix (parse into one timestamp format)
4771,ATT000117,disposition,missing_disposition,fill with 'Unknown'
4773,ATT007901,disposition,inconsistent_text_format,"fix (trim spaces, standardise case)"
4773,ATT007901,gp_practice_code,missing_gp_code,set to NULL and flag
4773,ATT007901,"arrival_time, departure_time",mixed_date_format,fix (parse into one timestamp format)
4776,ATT001113,"arrival_time, departure_time",mixed_date_format,fix (parse into one timestamp format)
4777,ATT010385,disposition,inconsistent_text_format,"fix (trim spaces, standardise case)"
4787,ATT015996,disposition,inconsistent_text_format,"fix (trim spaces, standardise case)"
4789,ATT014196,"arrival_time, departure_time",mixed_date_format,fix (parse into one timestamp format)
4792,ATT015080,presenting_complaint,inconsistent_text_format,"fix (trim spaces, standardise case)"
4794,ATT017712,disposition,inconsistent_text_format,"fix (trim spaces, standardise case)"
4796,ATT017247,gp_practice_code,missing_gp_code,set to NULL and flag
4796,ATT017247,"arrival_time, departure_time",mixed_date_format,fix (parse into one timestamp format)
4798,ATT011541,disposition,inconsistent_text_format,"fix (trim spaces, standardise case)"
4799,ATT003059,"arrival_time, departure_time",mixed_date_format,fix (parse into one timestamp format)
4800,ATT015275,disposition,inconsistent_text_format,"fix (trim spaces, standardise case)"
4802,ATT014751,gp_practice_code,missing_gp_code,set to NULL and flag
4802,ATT014751,"arrival_time, departure_time",mixed_date_format,fix (parse into one timestamp format)
4804,ATT016181,disposition,missing_disposition,fill with 'Unknown'
4805,ATT005006,pseudo_patient_id,missing_patient_id,reject
4809,ATT018186,disposition,inconsistent_text_format,"fix (trim spaces, standardise case)"
4809,ATT018186,"arrival_time, departure_time",mixed_date_format,fix (parse into one timestamp format)
4821,ATT003852,"arrival_time, departure_time",mixed_date_format,fix (parse into one timestamp format)
4822,ATT003939,"arrival_time, departure_time",mixed_date_format,fix (parse into one timestamp format)
4827,ATT015256,disposition,inconsistent_text_format,"fix (trim spaces, standardise case)"
4828,ATT014863,disposition,inconsistent_text_format,"fix (trim spaces, standardise case)"
4833,ATT019252,triage_category,invalid_triage_code,reject
4836,ATT019068,disposition,inconsistent_text_format,"fix (trim spaces, standardise case)"
4836,ATT019068,"arrival_time, departure_time",mixed_date_format,fix (parse into one timestamp format)
4838,ATT017695,arrival_time,missing_arrival_time,reject
4841,ATT011973,disposition,inconsistent_text_format,"fix (trim spaces, standardise case)"
4842,ATT013251,presenting_complaint,inconsistent_text_format,"fix (trim spaces, standardise case)"
4843,ATT014579,gp_practice_code,gp_code_lowercase,fix (upper-case)
4844,ATT000399,presenting_complaint,inconsistent_text_format,"fix (trim spaces, standardise case)"
4844,ATT000399,disposition,inconsistent_text_format,"fix (trim spaces, standardise case)"
4846,ATT018573,pseudo_patient_id,missing_patient_id,reject
4847,ATT000150,disposition,inconsistent_text_format,"fix (trim spaces, standardise case)"
4848,ATT003070,disposition,inconsistent_text_format,"fix (trim spaces, standardise case)"
4850,ATT000095,triage_category,triage_decimal_format,fix (3.0 -> 3)
4856,ATT014696,"arrival_time, departure_time",mixed_date_format,fix (parse into one timestamp format)
4860,ATT014214,disposition,inconsistent_text_format,"fix (trim spaces, standardise case)"
4861,ATT007370,gp_practice_code,malformed_gp_code,set to NULL and flag
4866,ATT019231,disposition,inconsistent_text_format,"fix (trim spaces, standardise case)"
4868,ATT013685,gp_practice_code,malformed_gp_code,set to NULL and flag
4869,ATT005117,disposition,inconsistent_text_format,"fix (trim spaces, standardise case)"
4871,ATT008089,disposition,inconsistent_text_format,"fix (trim spaces, standardise case)"
4873,ATT001930,disposition,inconsistent_text_format,"fix (trim spaces, standardise case)"
4874,ATT008345,"arrival_time, departure_time",mixed_date_format,fix (parse into one timestamp format)
4875,ATT006068,gp_practice_code,missing_gp_code,set to NULL and flag
4875,ATT006068,"arrival_time, departure_time",mixed_date_format,fix (parse into one timestamp format)
4878,ATT012326,presenting_complaint,missing_presenting_complaint,fill with 'Unknown'
4880,ATT001635,presenting_complaint,inconsistent_text_format,"fix (trim spaces, standardise case)"
4880,ATT001635,"arrival_time, departure_time",mixed_date_format,fix (parse into one timestamp format)
4884,ATT005027,presenting_complaint,inconsistent_text_format,"fix (trim spaces, standardise case)"
4886,ATT003319,"arrival_time, departure_time",mixed_date_format,fix (parse into one timestamp format)
4889,ATT001480,"arrival_time, departure_time",mixed_date_format,fix (parse into one timestamp format)
4891,ATT011439,"arrival_time, departure_time",mixed_date_format,fix (parse into one timestamp format)
4893,ATT005513,"arrival_time, departure_time",mixed_date_format,fix (parse into one timestamp format)
4895,ATT012977,"arrival_time, departure_time",mixed_date_format,fix (parse into one timestamp format)
4896,ATT019447,gp_practice_code,missing_gp_code,set to NULL and flag
4898,ATT015634,"arrival_time, departure_time",mixed_date_format,fix (parse into one timestamp format)
4901,ATT010959,departure_time,extreme_length_of_stay,reject
4901,ATT010959,presenting_complaint,inconsistent_text_format,"fix (trim spaces, standardise case)"
4904,ATT002689,presenting_complaint,missing_presenting_complaint,fill with 'Unknown'
4907,ATT019728,departure_time,missing_departure_time,reject
4910,ATT009396,"arrival_time, departure_time",mixed_date_format,fix (parse into one timestamp format)
4916,ATT008542,presenting_complaint,inconsistent_text_format,"fix (trim spaces, standardise case)"
4918,ATT015864,disposition,inconsistent_text_format,"fix (trim spaces, standardise case)"
4920,ATT013759,presenting_complaint,inconsistent_text_format,"fix (trim spaces, standardise case)"
4922,ATT007485,"arrival_time, departure_time",mixed_date_format,fix (parse into one timestamp format)
4925,ATT009339,"arrival_time, departure_time",mixed_date_format,fix (parse into one timestamp format)
4926,ATT009098,arrival_time,missing_arrival_time,reject
4927,ATT009631,gp_practice_code,gp_code_lowercase,fix (upper-case)
4927,ATT009631,disposition,inconsistent_text_format,"fix (trim spaces, standardise case)"
4936,ATT001640,presenting_complaint,inconsistent_text_format,"fix (trim spaces, standardise case)"
4936,ATT001640,"arrival_time, departure_time",mixed_date_format,fix (parse into one timestamp format)
4937,ATT009393,presenting_complaint,inconsistent_text_format,"fix (trim spaces, standardise case)"
4942,ATT018080,triage_category,triage_decimal_format,fix (3.0 -> 3)
4945,ATT012500,presenting_complaint,inconsistent_text_format,"fix (trim spaces, standardise case)"
4949,ATT001585,"arrival_time, departure_time",mixed_date_format,fix (parse into one timestamp format)
4951,ATT010528,departure_time,missing_departure_time,reject
4952,ATT014774,disposition,inconsistent_text_format,"fix (trim spaces, standardise case)"
4954,ATT009498,disposition,inconsistent_text_format,"fix (trim spaces, standardise case)"
4957,ATT008117,"arrival_time, departure_time",mixed_date_format,fix (parse into one timestamp format)
4959,ATT007614,presenting_complaint,inconsistent_text_format,"fix (trim spaces, standardise case)"
4962,ATT015259,"arrival_time, departure_time",mixed_date_format,fix (parse into one timestamp format)
4963,ATT016934,presenting_complaint,inconsistent_text_format,"fix (trim spaces, standardise case)"
4968,ATT014551,presenting_complaint,inconsistent_text_format,"fix (trim spaces, standardise case)"
4972,ATT015983,presenting_complaint,inconsistent_text_format,"fix (trim spaces, standardise case)"
4973,ATT009469,"arrival_time, departure_time",mixed_date_format,fix (parse into one timestamp format)
4980,ATT000765,triage_category,triage_decimal_format,fix (3.0 -> 3)
4982,ATT004343,disposition,inconsistent_text_format,"fix (trim spaces, standardise case)"
4982,ATT004343,presenting_complaint,missing_presenting_complaint,fill with 'Unknown'
4987,ATT016493,"arrival_time, departure_time",mixed_date_format,fix (parse into one timestamp format)
4990,ATT001456,disposition,inconsistent_text_format,"fix (trim spaces, standardise case)"
4991,ATT018498,presenting_complaint,inconsistent_text_format,"fix (trim spaces, standardise case)"
4993,ATT009888,disposition,inconsistent_text_format,"fix (trim spaces, standardise case)"
4996,ATT015413,presenting_complaint,inconsistent_text_format,"fix (trim spaces, standardise case)"
4999,ATT014413,gp_practice_code,missing_gp_code,set to NULL and flag
5003,ATT008143,"arrival_time, departure_time",mixed_date_format,fix (parse into one timestamp format)
5005,ATT006614,(entire row),duplicate_row,remove (keep first)
5009,ATT006386,disposition,inconsistent_text_format,"fix (trim spaces, standardise case)"
5011,ATT014677,"arrival_time, departure_time",mixed_date_format,fix (parse into one timestamp format)
5014,ATT000305,presenting_complaint,inconsistent_text_format,"fix (trim spaces, standardise case)"
5016,ATT007158,disposition,missing_disposition,fill with 'Unknown'
5017,ATT008531,disposition,inconsistent_text_format,"fix (trim spaces, standardise case)"
5018,ATT007518,"arrival_time, departure_time",mixed_date_format,fix (parse into one timestamp format)
5019,ATT015417,"arrival_time, departure_time",mixed_date_format,fix (parse into one timestamp format)
5020,ATT008650,disposition,inconsistent_text_format,"fix (trim spaces, standardise case)"
5023,ATT000512,"arrival_time, departure_time",mixed_date_format,fix (parse into one timestamp format)
5024,ATT009709,presenting_complaint,inconsistent_text_format,"fix (trim spaces, standardise case)"
5025,ATT017735,disposition,inconsistent_text_format,"fix (trim spaces, standardise case)"
5029,ATT009704,"arrival_time, departure_time",mixed_date_format,fix (parse into one timestamp format)
5035,ATT000743,"arrival_time, departure_time",mixed_date_format,fix (parse into one timestamp format)
5036,ATT019707,"arrival_time, departure_time",mixed_date_format,fix (parse into one timestamp format)
5037,ATT000177,disposition,inconsistent_text_format,"fix (trim spaces, standardise case)"
5038,ATT011624,disposition,inconsistent_text_format,"fix (trim spaces, standardise case)"
5042,ATT013338,presenting_complaint,inconsistent_text_format,"fix (trim spaces, standardise case)"
5043,ATT009930,triage_category,triage_decimal_format,fix (3.0 -> 3)
5046,ATT016577,presenting_complaint,inconsistent_text_format,"fix (trim spaces, standardise case)"
5047,ATT002391,presenting_complaint,inconsistent_text_format,"fix (trim spaces, standardise case)"
5048,ATT017722,"arrival_time, departure_time",mixed_date_format,fix (parse into one timestamp format)
5055,ATT010494,departure_time,departure_before_arrival,reject
5057,ATT000148,"arrival_time, departure_time",mixed_date_format,fix (parse into one timestamp format)
5059,ATT008959,presenting_complaint,missing_presenting_complaint,fill with 'Unknown'
5059,ATT008959,"arrival_time, departure_time",mixed_date_format,fix (parse into one timestamp format)
5061,ATT018010,"arrival_time, departure_time",mixed_date_format,fix (parse into one timestamp format)
5065,ATT000985,"arrival_time, departure_time",mixed_date_format,fix (parse into one timestamp format)
5066,ATT000440,(entire row),duplicate_row,remove (keep first)
5069,ATT014113,gp_practice_code,missing_gp_code,set to NULL and flag
5070,ATT000430,"arrival_time, departure_time",mixed_date_format,fix (parse into one timestamp format)
5072,ATT016949,departure_time,departure_before_arrival,reject
5072,ATT016949,"arrival_time, departure_time",mixed_date_format,fix (parse into one timestamp format)
5074,ATT011136,"arrival_time, departure_time",mixed_date_format,fix (parse into one timestamp format)
5075,ATT015894,disposition,inconsistent_text_format,"fix (trim spaces, standardise case)"
5077,ATT004882,disposition,inconsistent_text_format,"fix (trim spaces, standardise case)"
5080,ATT008504,gp_practice_code,gp_code_lowercase,fix (upper-case)
5082,ATT008399,triage_category,invalid_triage_code,reject
5087,ATT000904,disposition,missing_disposition,fill with 'Unknown'
5088,ATT007758,presenting_complaint,missing_presenting_complaint,fill with 'Unknown'
5093,ATT011171,"arrival_time, departure_time",mixed_date_format,fix (parse into one timestamp format)
5095,ATT010514,gp_practice_code,gp_code_lowercase,fix (upper-case)
5095,ATT010514,disposition,missing_disposition,fill with 'Unknown'
5096,ATT003080,disposition,inconsistent_text_format,"fix (trim spaces, standardise case)"
5097,ATT014728,presenting_complaint,inconsistent_text_format,"fix (trim spaces, standardise case)"
5097,ATT014728,disposition,inconsistent_text_format,"fix (trim spaces, standardise case)"
5098,ATT003017,gp_practice_code,missing_gp_code,set to NULL and flag
5102,ATT004989,"arrival_time, departure_time",mixed_date_format,fix (parse into one timestamp format)
5105,ATT003423,"arrival_time, departure_time",mixed_date_format,fix (parse into one timestamp format)
5106,ATT019822,disposition,missing_disposition,fill with 'Unknown'
5106,ATT019822,"arrival_time, departure_time",mixed_date_format,fix (parse into one timestamp format)
5107,ATT014111,presenting_complaint,inconsistent_text_format,"fix (trim spaces, standardise case)"
5108,ATT009261,"arrival_time, departure_time",mixed_date_format,fix (parse into one timestamp format)
5110,ATT001207,presenting_complaint,missing_presenting_complaint,fill with 'Unknown'
5110,ATT001207,"arrival_time, departure_time",mixed_date_format,fix (parse into one timestamp format)
5113,ATT015007,disposition,inconsistent_text_format,"fix (trim spaces, standardise case)"
5117,ATT010728,departure_time,missing_departure_time,reject
5120,ATT000168,disposition,missing_disposition,fill with 'Unknown'
5120,ATT000168,"arrival_time, departure_time",mixed_date_format,fix (parse into one timestamp format)
5123,ATT008333,disposition,inconsistent_text_format,"fix (trim spaces, standardise case)"
5124,ATT000528,presenting_complaint,inconsistent_text_format,"fix (trim spaces, standardise case)"
5127,ATT000754,presenting_complaint,missing_presenting_complaint,fill with 'Unknown'
5129,ATT010631,presenting_complaint,missing_presenting_complaint,fill with 'Unknown'
5132,ATT009193,presenting_complaint,missing_presenting_complaint,fill with 'Unknown'
5133,ATT019987,"arrival_time, departure_time",mixed_date_format,fix (parse into one timestamp format)
5134,ATT007653,presenting_complaint,inconsistent_text_format,"fix (trim spaces, standardise case)"
5136,ATT017069,"arrival_time, departure_time",mixed_date_format,fix (parse into one timestamp format)
5138,ATT014030,"arrival_time, departure_time",mixed_date_format,fix (parse into one timestamp format)
5139,ATT002439,disposition,inconsistent_text_format,"fix (trim spaces, standardise case)"
5141,ATT002070,gp_practice_code,missing_gp_code,set to NULL and flag
5144,ATT017556,disposition,inconsistent_text_format,"fix (trim spaces, standardise case)"
5146,ATT001079,presenting_complaint,inconsistent_text_format,"fix (trim spaces, standardise case)"
5148,ATT002176,presenting_complaint,inconsistent_text_format,"fix (trim spaces, standardise case)"
5149,ATT004126,presenting_complaint,inconsistent_text_format,"fix (trim spaces, standardise case)"
5150,ATT000625,presenting_complaint,inconsistent_text_format,"fix (trim spaces, standardise case)"
5154,ATT015820,gp_practice_code,gp_code_lowercase,fix (upper-case)
5155,ATT004106,"arrival_time, departure_time",mixed_date_format,fix (parse into one timestamp format)
5160,ATT000148,(entire row),duplicate_row,remove (keep first)
5160,ATT000148,"arrival_time, departure_time",mixed_date_format,fix (parse into one timestamp format)
5161,ATT014362,presenting_complaint,inconsistent_text_format,"fix (trim spaces, standardise case)"
5161,ATT014362,disposition,inconsistent_text_format,"fix (trim spaces, standardise case)"
5162,ATT008632,presenting_complaint,inconsistent_text_format,"fix (trim spaces, standardise case)"
5164,ATT011083,gp_practice_code,missing_gp_code,set to NULL and flag
5165,ATT001355,presenting_complaint,inconsistent_text_format,"fix (trim spaces, standardise case)"
5167,ATT007030,"arrival_time, departure_time",mixed_date_format,fix (parse into one timestamp format)
5168,ATT016998,presenting_complaint,inconsistent_text_format,"fix (trim spaces, standardise case)"
5168,ATT016998,"arrival_time, departure_time",mixed_date_format,fix (parse into one timestamp format)
5169,ATT013476,presenting_complaint,inconsistent_text_format,"fix (trim spaces, standardise case)"
5169,ATT013476,"arrival_time, departure_time",mixed_date_format,fix (parse into one timestamp format)
5174,ATT016704,"arrival_time, departure_time",mixed_date_format,fix (parse into one timestamp format)
5175,ATT018857,"arrival_time, departure_time",mixed_date_format,fix (parse into one timestamp format)
5178,ATT016970,disposition,inconsistent_text_format,"fix (trim spaces, standardise case)"
5184,ATT011148,presenting_complaint,missing_presenting_complaint,fill with 'Unknown'
5188,ATT016399,"arrival_time, departure_time",mixed_date_format,fix (parse into one timestamp format)
5189,ATT000906,"arrival_time, departure_time",mixed_date_format,fix (parse into one timestamp format)
5196,ATT014411,presenting_complaint,inconsistent_text_format,"fix (trim spaces, standardise case)"
5197,ATT005565,presenting_complaint,inconsistent_text_format,"fix (trim spaces, standardise case)"
5197,ATT005565,gp_practice_code,missing_gp_code,set to NULL and flag
5199,ATT012877,presenting_complaint,inconsistent_text_format,"fix (trim spaces, standardise case)"
5199,ATT012877,departure_time,missing_departure_time,reject
5200,ATT000518,"arrival_time, departure_time",mixed_date_format,fix (parse into one timestamp format)
5201,ATT015737,presenting_complaint,missing_presenting_complaint,fill with 'Unknown'
5201,ATT015737,"arrival_time, departure_time",mixed_date_format,fix (parse into one timestamp format)
5202,ATT000912,(entire row),duplicate_row,remove (keep first)
5202,ATT000912,"arrival_time, departure_time",mixed_date_format,fix (parse into one timestamp format)
5204,ATT010372,gp_practice_code,malformed_gp_code,set to NULL and flag
5206,ATT010052,"arrival_time, departure_time",mixed_date_format,fix (parse into one timestamp format)
5209,ATT019775,(entire row),duplicate_row,remove (keep first)
5210,ATT004751,disposition,missing_disposition,fill with 'Unknown'
5213,ATT018285,presenting_complaint,inconsistent_text_format,"fix (trim spaces, standardise case)"
5214,ATT005101,presenting_complaint,inconsistent_text_format,"fix (trim spaces, standardise case)"
5215,ATT014178,presenting_complaint,inconsistent_text_format,"fix (trim spaces, standardise case)"
5216,ATT007900,disposition,inconsistent_text_format,"fix (trim spaces, standardise case)"
5225,ATT006868,presenting_complaint,inconsistent_text_format,"fix (trim spaces, standardise case)"
5225,ATT006868,"arrival_time, departure_time",mixed_date_format,fix (parse into one timestamp format)
5230,ATT001694,"arrival_time, departure_time",mixed_date_format,fix (parse into one timestamp format)
5234,ATT017153,presenting_complaint,inconsistent_text_format,"fix (trim spaces, standardise case)"
5237,ATT003290,presenting_complaint,inconsistent_text_format,"fix (trim spaces, standardise case)"
5238,ATT019581,presenting_complaint,missing_presenting_complaint,fill with 'Unknown'
5245,ATT009872,"arrival_time, departure_time",mixed_date_format,fix (parse into one timestamp format)
5246,ATT008067,presenting_complaint,inconsistent_text_format,"fix (trim spaces, standardise case)"
5246,ATT008067,pseudo_patient_id,missing_patient_id,reject
5247,ATT016363,gp_practice_code,gp_code_lowercase,fix (upper-case)
5250,ATT002575,"arrival_time, departure_time",mixed_date_format,fix (parse into one timestamp format)
5251,ATT007553,disposition,inconsistent_text_format,"fix (trim spaces, standardise case)"
5252,ATT014862,disposition,inconsistent_text_format,"fix (trim spaces, standardise case)"
5253,ATT004221,disposition,inconsistent_text_format,"fix (trim spaces, standardise case)"
5254,ATT007528,"arrival_time, departure_time",mixed_date_format,fix (parse into one timestamp format)
5256,ATT008238,presenting_complaint,inconsistent_text_format,"fix (trim spaces, standardise case)"
5258,ATT013584,presenting_complaint,inconsistent_text_format,"fix (trim spaces, standardise case)"
5262,ATT004090,"arrival_time, departure_time",mixed_date_format,fix (parse into one timestamp format)
5263,ATT006537,"arrival_time, departure_time",mixed_date_format,fix (parse into one timestamp format)
5269,ATT010444,departure_time,departure_before_arrival,reject
5270,ATT012725,presenting_complaint,inconsistent_text_format,"fix (trim spaces, standardise case)"
5270,ATT012725,disposition,inconsistent_text_format,"fix (trim spaces, standardise case)"
5272,ATT008589,presenting_complaint,inconsistent_text_format,"fix (trim spaces, standardise case)"
5273,ATT016431,"arrival_time, departure_time",mixed_date_format,fix (parse into one timestamp format)
5280,ATT007776,departure_time,missing_departure_time,reject
5281,ATT001772,departure_time,missing_departure_time,reject
5282,ATT000333,"arrival_time, departure_time",mixed_date_format,fix (parse into one timestamp format)
5288,ATT006014,presenting_complaint,inconsistent_text_format,"fix (trim spaces, standardise case)"
5291,ATT010753,(entire row),duplicate_row,remove (keep first)
5291,ATT010753,"arrival_time, departure_time",mixed_date_format,fix (parse into one timestamp format)
5292,ATT007126,disposition,inconsistent_text_format,"fix (trim spaces, standardise case)"
5292,ATT007126,triage_category,triage_decimal_format,fix (3.0 -> 3)
5293,ATT005686,presenting_complaint,inconsistent_text_format,"fix (trim spaces, standardise case)"
5293,ATT005686,"arrival_time, departure_time",mixed_date_format,fix (parse into one timestamp format)
5298,ATT004468,"arrival_time, departure_time",mixed_date_format,fix (parse into one timestamp format)
5306,ATT011156,"arrival_time, departure_time",mixed_date_format,fix (parse into one timestamp format)
5309,ATT002029,disposition,inconsistent_text_format,"fix (trim spaces, standardise case)"
5310,ATT018104,(entire row),duplicate_row,remove (keep first)
5311,ATT010023,disposition,inconsistent_text_format,"fix (trim spaces, standardise case)"
5311,ATT010023,"arrival_time, departure_time",mixed_date_format,fix (parse into one timestamp format)
5312,ATT011045,departure_time,extreme_length_of_stay,reject
5313,ATT000579,"arrival_time, departure_time",mixed_date_format,fix (parse into one timestamp format)
5314,ATT017643,disposition,inconsistent_text_format,"fix (trim spaces, standardise case)"
5315,ATT000335,"arrival_time, departure_time",mixed_date_format,fix (parse into one timestamp format)
5316,ATT011921,"arrival_time, departure_time",mixed_date_format,fix (parse into one timestamp format)
5318,ATT018470,presenting_complaint,missing_presenting_complaint,fill with 'Unknown'
5320,ATT014584,departure_time,missing_departure_time,reject
5320,ATT014584,"arrival_time, departure_time",mixed_date_format,fix (parse into one timestamp format)
5328,ATT006587,disposition,inconsistent_text_format,"fix (trim spaces, standardise case)"
5332,ATT018040,presenting_complaint,inconsistent_text_format,"fix (trim spaces, standardise case)"
5334,ATT018295,departure_time,extreme_length_of_stay,reject
5334,ATT018295,"arrival_time, departure_time",mixed_date_format,fix (parse into one timestamp format)
5338,ATT012458,disposition,inconsistent_text_format,"fix (trim spaces, standardise case)"
5339,ATT015899,gp_practice_code,missing_gp_code,set to NULL and flag
5342,ATT003167,"arrival_time, departure_time",mixed_date_format,fix (parse into one timestamp format)
5344,ATT002298,presenting_complaint,inconsistent_text_format,"fix (trim spaces, standardise case)"
5349,ATT013603,disposition,inconsistent_text_format,"fix (trim spaces, standardise case)"
5354,ATT014648,presenting_complaint,missing_presenting_complaint,fill with 'Unknown'
5356,ATT016196,gp_practice_code,malformed_gp_code,set to NULL and flag
5359,ATT018446,disposition,inconsistent_text_format,"fix (trim spaces, standardise case)"
5360,ATT012020,"arrival_time, departure_time",mixed_date_format,fix (parse into one timestamp format)
5368,ATT016044,disposition,inconsistent_text_format,"fix (trim spaces, standardise case)"
5371,ATT013994,gp_practice_code,missing_gp_code,set to NULL and flag
5372,ATT005922,disposition,inconsistent_text_format,"fix (trim spaces, standardise case)"
5373,ATT001267,presenting_complaint,inconsistent_text_format,"fix (trim spaces, standardise case)"
5377,ATT006142,"arrival_time, departure_time",mixed_date_format,fix (parse into one timestamp format)
5378,ATT012277,presenting_complaint,inconsistent_text_format,"fix (trim spaces, standardise case)"
5381,ATT014333,"arrival_time, departure_time",mixed_date_format,fix (parse into one timestamp format)
5382,ATT008855,gp_practice_code,gp_code_lowercase,fix (upper-case)
5382,ATT008855,presenting_complaint,inconsistent_text_format,"fix (trim spaces, standardise case)"
5382,ATT008855,"arrival_time, departure_time",mixed_date_format,fix (parse into one timestamp format)
5384,ATT005761,gp_practice_code,malformed_gp_code,set to NULL and flag
5385,ATT005332,presenting_complaint,inconsistent_text_format,"fix (trim spaces, standardise case)"
5386,ATT014626,disposition,inconsistent_text_format,"fix (trim spaces, standardise case)"
5387,ATT005344,"arrival_time, departure_time",mixed_date_format,fix (parse into one timestamp format)
5391,ATT001567,disposition,inconsistent_text_format,"fix (trim spaces, standardise case)"
5392,ATT014174,presenting_complaint,missing_presenting_complaint,fill with 'Unknown'
5395,ATT004515,presenting_complaint,inconsistent_text_format,"fix (trim spaces, standardise case)"
5395,ATT004515,"arrival_time, departure_time",mixed_date_format,fix (parse into one timestamp format)
5396,ATT009746,presenting_complaint,missing_presenting_complaint,fill with 'Unknown'
5400,ATT001545,triage_category,invalid_triage_code,reject
5404,ATT016208,"arrival_time, departure_time",mixed_date_format,fix (parse into one timestamp format)
5408,ATT017791,gp_practice_code,missing_gp_code,set to NULL and flag
5410,ATT002567,"arrival_time, departure_time",mixed_date_format,fix (parse into one timestamp format)
5413,ATT002472,presenting_complaint,inconsistent_text_format,"fix (trim spaces, standardise case)"
5413,ATT002472,"arrival_time, departure_time",mixed_date_format,fix (parse into one timestamp format)
5423,ATT015055,presenting_complaint,inconsistent_text_format,"fix (trim spaces, standardise case)"
5424,ATT006799,(entire row),duplicate_row,remove (keep first)
5424,ATT006799,"arrival_time, departure_time",mixed_date_format,fix (parse into one timestamp format)
5426,ATT015278,gp_practice_code,missing_gp_code,set to NULL and flag
5430,ATT016658,"arrival_time, departure_time",mixed_date_format,fix (parse into one timestamp format)
5434,ATT012520,"arrival_time, departure_time",mixed_date_format,fix (parse into one timestamp format)
5435,ATT011533,presenting_complaint,inconsistent_text_format,"fix (trim spaces, standardise case)"
5435,ATT011533,gp_practice_code,missing_gp_code,set to NULL and flag
5435,ATT011533,"arrival_time, departure_time",mixed_date_format,fix (parse into one timestamp format)
5438,ATT015209,presenting_complaint,inconsistent_text_format,"fix (trim spaces, standardise case)"
5440,ATT009976,disposition,inconsistent_text_format,"fix (trim spaces, standardise case)"
5441,ATT019575,presenting_complaint,inconsistent_text_format,"fix (trim spaces, standardise case)"
5448,ATT011218,"arrival_time, departure_time",mixed_date_format,fix (parse into one timestamp format)
5452,ATT019486,disposition,inconsistent_text_format,"fix (trim spaces, standardise case)"
5452,ATT019486,presenting_complaint,missing_presenting_complaint,fill with 'Unknown'
5454,ATT006505,disposition,inconsistent_text_format,"fix (trim spaces, standardise case)"
5457,ATT011902,disposition,inconsistent_text_format,"fix (trim spaces, standardise case)"
5458,ATT013886,departure_time,missing_departure_time,reject
5459,ATT005549,"arrival_time, departure_time",mixed_date_format,fix (parse into one timestamp format)
5461,ATT008629,"arrival_time, departure_time",mixed_date_format,fix (parse into one timestamp format)
5463,ATT014506,presenting_complaint,missing_presenting_complaint,fill with 'Unknown'
5466,ATT019442,"arrival_time, departure_time",mixed_date_format,fix (parse into one timestamp format)
5467,ATT019754,(entire row),duplicate_row,remove (keep first)
5472,ATT002494,"arrival_time, departure_time",mixed_date_format,fix (parse into one timestamp format)
5478,ATT018022,"arrival_time, departure_time",mixed_date_format,fix (parse into one timestamp format)
5479,ATT014892,(entire row),duplicate_row,remove (keep first)
5480,ATT008686,disposition,inconsistent_text_format,"fix (trim spaces, standardise case)"
5480,ATT008686,"arrival_time, departure_time",mixed_date_format,fix (parse into one timestamp format)
5481,ATT016601,presenting_complaint,inconsistent_text_format,"fix (trim spaces, standardise case)"
5481,ATT016601,"arrival_time, departure_time",mixed_date_format,fix (parse into one timestamp format)
5486,ATT010775,"arrival_time, departure_time",mixed_date_format,fix (parse into one timestamp format)
5487,ATT019794,disposition,inconsistent_text_format,"fix (trim spaces, standardise case)"
5487,ATT019794,presenting_complaint,missing_presenting_complaint,fill with 'Unknown'
5488,ATT012525,disposition,inconsistent_text_format,"fix (trim spaces, standardise case)"
5490,ATT019114,"arrival_time, departure_time",mixed_date_format,fix (parse into one timestamp format)
5493,ATT017269,triage_category,invalid_triage_code,reject
5494,ATT018545,departure_time,departure_before_arrival,reject
5500,ATT000429,presenting_complaint,inconsistent_text_format,"fix (trim spaces, standardise case)"
5501,ATT014217,gp_practice_code,malformed_gp_code,set to NULL and flag
5501,ATT014217,"arrival_time, departure_time",mixed_date_format,fix (parse into one timestamp format)
5502,ATT014279,disposition,inconsistent_text_format,"fix (trim spaces, standardise case)"
5505,ATT015296,departure_time,departure_before_arrival,reject
5506,ATT010361,"arrival_time, departure_time",mixed_date_format,fix (parse into one timestamp format)
5512,ATT010313,disposition,inconsistent_text_format,"fix (trim spaces, standardise case)"
5513,ATT015098,gp_practice_code,missing_gp_code,set to NULL and flag
5514,ATT017640,"arrival_time, departure_time",mixed_date_format,fix (parse into one timestamp format)
5515,ATT013582,"arrival_time, departure_time",mixed_date_format,fix (parse into one timestamp format)
5516,ATT002821,presenting_complaint,missing_presenting_complaint,fill with 'Unknown'
5516,ATT002821,"arrival_time, departure_time",mixed_date_format,fix (parse into one timestamp format)
5522,ATT010533,gp_practice_code,missing_gp_code,set to NULL and flag
5526,ATT006887,gp_practice_code,gp_code_lowercase,fix (upper-case)
5530,ATT011150,"arrival_time, departure_time",mixed_date_format,fix (parse into one timestamp format)
5531,ATT012787,"arrival_time, departure_time",mixed_date_format,fix (parse into one timestamp format)
5533,ATT012052,disposition,inconsistent_text_format,"fix (trim spaces, standardise case)"
5539,ATT000436,"arrival_time, departure_time",mixed_date_format,fix (parse into one timestamp format)
5542,ATT014611,disposition,missing_disposition,fill with 'Unknown'
5542,ATT014611,"arrival_time, departure_time",mixed_date_format,fix (parse into one timestamp format)
5545,ATT002563,"arrival_time, departure_time",mixed_date_format,fix (parse into one timestamp format)
5546,ATT019076,"arrival_time, departure_time",mixed_date_format,fix (parse into one timestamp format)
5548,ATT003199,"arrival_time, departure_time",mixed_date_format,fix (parse into one timestamp format)
5549,ATT015561,triage_category,invalid_triage_code,reject
5550,ATT014541,"arrival_time, departure_time",mixed_date_format,fix (parse into one timestamp format)
5554,ATT006085,"arrival_time, departure_time",mixed_date_format,fix (parse into one timestamp format)
5555,ATT006963,presenting_complaint,inconsistent_text_format,"fix (trim spaces, standardise case)"
5557,ATT010665,presenting_complaint,inconsistent_text_format,"fix (trim spaces, standardise case)"
5558,ATT018135,presenting_complaint,inconsistent_text_format,"fix (trim spaces, standardise case)"
5560,ATT018483,triage_category,invalid_triage_code,reject
5561,ATT010463,disposition,inconsistent_text_format,"fix (trim spaces, standardise case)"
5567,ATT017606,"arrival_time, departure_time",mixed_date_format,fix (parse into one timestamp format)
5569,ATT000281,gp_practice_code,missing_gp_code,set to NULL and flag
5574,ATT011843,departure_time,missing_departure_time,reject
5574,ATT011843,"arrival_time, departure_time",mixed_date_format,fix (parse into one timestamp format)
5575,ATT012483,presenting_complaint,inconsistent_text_format,"fix (trim spaces, standardise case)"
5576,ATT018821,presenting_complaint,missing_presenting_complaint,fill with 'Unknown'
5578,ATT001890,disposition,inconsistent_text_format,"fix (trim spaces, standardise case)"
5578,ATT001890,triage_category,triage_decimal_format,fix (3.0 -> 3)
5580,ATT007091,gp_practice_code,gp_code_lowercase,fix (upper-case)
5583,ATT003595,disposition,inconsistent_text_format,"fix (trim spaces, standardise case)"
5583,ATT003595,presenting_complaint,missing_presenting_complaint,fill with 'Unknown'
5585,ATT004502,disposition,inconsistent_text_format,"fix (trim spaces, standardise case)"
5585,ATT004502,gp_practice_code,missing_gp_code,set to NULL and flag
5587,ATT019811,gp_practice_code,gp_code_lowercase,fix (upper-case)
5587,ATT019811,disposition,inconsistent_text_format,"fix (trim spaces, standardise case)"
5587,ATT019811,"arrival_time, departure_time",mixed_date_format,fix (parse into one timestamp format)
5588,ATT013094,departure_time,missing_departure_time,reject
5588,ATT013094,"arrival_time, departure_time",mixed_date_format,fix (parse into one timestamp format)
5591,ATT011079,presenting_complaint,inconsistent_text_format,"fix (trim spaces, standardise case)"
5592,ATT018537,presenting_complaint,inconsistent_text_format,"fix (trim spaces, standardise case)"
5596,ATT000576,disposition,inconsistent_text_format,"fix (trim spaces, standardise case)"
5597,ATT017108,arrival_time,missing_arrival_time,reject
5599,ATT003903,"arrival_time, departure_time",mixed_date_format,fix (parse into one timestamp format)
5600,ATT017264,presenting_complaint,inconsistent_text_format,"fix (trim spaces, standardise case)"
5601,ATT002082,(entire row),duplicate_row,remove (keep first)
5601,ATT002082,"arrival_time, departure_time",mixed_date_format,fix (parse into one timestamp format)
5604,ATT008204,"arrival_time, departure_time",mixed_date_format,fix (parse into one timestamp format)
5606,ATT000506,disposition,inconsistent_text_format,"fix (trim spaces, standardise case)"
5609,ATT001433,disposition,inconsistent_text_format,"fix (trim spaces, standardise case)"
5611,ATT014930,disposition,inconsistent_text_format,"fix (trim spaces, standardise case)"
5612,ATT019695,"arrival_time, departure_time",mixed_date_format,fix (parse into one timestamp format)
5613,ATT018063,triage_category,triage_decimal_format,fix (3.0 -> 3)
5615,ATT014015,triage_category,invalid_triage_code,reject
5618,ATT008830,departure_time,extreme_length_of_stay,reject
5618,ATT008830,"arrival_time, departure_time",mixed_date_format,fix (parse into one timestamp format)
5620,ATT015522,disposition,inconsistent_text_format,"fix (trim spaces, standardise case)"
5622,ATT007221,"arrival_time, departure_time",mixed_date_format,fix (parse into one timestamp format)
5624,ATT011298,pseudo_patient_id,missing_patient_id,reject
5627,ATT009593,gp_practice_code,gp_code_lowercase,fix (upper-case)
5627,ATT009593,disposition,inconsistent_text_format,"fix (trim spaces, standardise case)"
5627,ATT009593,"arrival_time, departure_time",mixed_date_format,fix (parse into one timestamp format)
5628,ATT014780,disposition,inconsistent_text_format,"fix (trim spaces, standardise case)"
5629,ATT019579,gp_practice_code,missing_gp_code,set to NULL and flag
5629,ATT019579,"arrival_time, departure_time",mixed_date_format,fix (parse into one timestamp format)
5630,ATT017823,presenting_complaint,inconsistent_text_format,"fix (trim spaces, standardise case)"
5630,ATT017823,disposition,inconsistent_text_format,"fix (trim spaces, standardise case)"
5634,ATT004801,presenting_complaint,missing_presenting_complaint,fill with 'Unknown'
5639,ATT017684,disposition,inconsistent_text_format,"fix (trim spaces, standardise case)"
5641,ATT011686,"arrival_time, departure_time",mixed_date_format,fix (parse into one timestamp format)
5643,ATT003945,disposition,inconsistent_text_format,"fix (trim spaces, standardise case)"
5643,ATT003945,triage_category,triage_decimal_format,fix (3.0 -> 3)
5645,ATT004309,disposition,missing_disposition,fill with 'Unknown'
5650,ATT004661,departure_time,departure_before_arrival,reject
5658,ATT011908,presenting_complaint,inconsistent_text_format,"fix (trim spaces, standardise case)"
5658,ATT011908,"arrival_time, departure_time",mixed_date_format,fix (parse into one timestamp format)
5659,ATT015113,presenting_complaint,inconsistent_text_format,"fix (trim spaces, standardise case)"
5661,ATT006843,"arrival_time, departure_time",mixed_date_format,fix (parse into one timestamp format)
5663,ATT006179,presenting_complaint,inconsistent_text_format,"fix (trim spaces, standardise case)"
5664,ATT013769,presenting_complaint,inconsistent_text_format,"fix (trim spaces, standardise case)"
5666,ATT011118,triage_category,triage_decimal_format,fix (3.0 -> 3)
5667,ATT001128,presenting_complaint,inconsistent_text_format,"fix (trim spaces, standardise case)"
5668,ATT017415,"arrival_time, departure_time",mixed_date_format,fix (parse into one timestamp format)
5670,ATT001800,disposition,inconsistent_text_format,"fix (trim spaces, standardise case)"
5671,ATT006212,"arrival_time, departure_time",mixed_date_format,fix (parse into one timestamp format)
5674,ATT007794,gp_practice_code,malformed_gp_code,set to NULL and flag
5678,ATT011878,"arrival_time, departure_time",mixed_date_format,fix (parse into one timestamp format)
5682,ATT016636,presenting_complaint,inconsistent_text_format,"fix (trim spaces, standardise case)"
5685,ATT004385,gp_practice_code,missing_gp_code,set to NULL and flag
5685,ATT004385,"arrival_time, departure_time",mixed_date_format,fix (parse into one timestamp format)
5686,ATT004289,disposition,inconsistent_text_format,"fix (trim spaces, standardise case)"
5688,ATT015809,presenting_complaint,inconsistent_text_format,"fix (trim spaces, standardise case)"
5688,ATT015809,departure_time,missing_departure_time,reject
5692,ATT003261,disposition,inconsistent_text_format,"fix (trim spaces, standardise case)"
5693,ATT015517,gp_practice_code,missing_gp_code,set to NULL and flag
5695,ATT010600,gp_practice_code,gp_code_lowercase,fix (upper-case)
5696,ATT008123,triage_category,triage_decimal_format,fix (3.0 -> 3)
5700,ATT015033,gp_practice_code,missing_gp_code,set to NULL and flag
5704,ATT008478,disposition,inconsistent_text_format,"fix (trim spaces, standardise case)"
5708,ATT010582,"arrival_time, departure_time",mixed_date_format,fix (parse into one timestamp format)
5711,ATT012099,disposition,inconsistent_text_format,"fix (trim spaces, standardise case)"
5712,ATT008918,presenting_complaint,inconsistent_text_format,"fix (trim spaces, standardise case)"
5713,ATT004082,presenting_complaint,inconsistent_text_format,"fix (trim spaces, standardise case)"
5715,ATT011021,"arrival_time, departure_time",mixed_date_format,fix (parse into one timestamp format)
5716,ATT013143,presenting_complaint,inconsistent_text_format,"fix (trim spaces, standardise case)"
5717,ATT003943,disposition,inconsistent_text_format,"fix (trim spaces, standardise case)"
5720,ATT008808,triage_category,invalid_triage_code,reject
5726,ATT017466,disposition,inconsistent_text_format,"fix (trim spaces, standardise case)"
5727,ATT019177,"arrival_time, departure_time",mixed_date_format,fix (parse into one timestamp format)
5734,ATT017971,triage_category,invalid_triage_code,reject
5736,ATT011409,presenting_complaint,missing_presenting_complaint,fill with 'Unknown'
5737,ATT001328,presenting_complaint,inconsistent_text_format,"fix (trim spaces, standardise case)"
5737,ATT001328,"arrival_time, departure_time",mixed_date_format,fix (parse into one timestamp format)
5741,ATT006670,"arrival_time, departure_time",mixed_date_format,fix (parse into one timestamp format)
5744,ATT001453,presenting_complaint,inconsistent_text_format,"fix (trim spaces, standardise case)"
5744,ATT001453,gp_practice_code,missing_gp_code,set to NULL and flag
5745,ATT000776,presenting_complaint,inconsistent_text_format,"fix (trim spaces, standardise case)"
5752,ATT009238,presenting_complaint,inconsistent_text_format,"fix (trim spaces, standardise case)"
5754,ATT019682,triage_category,triage_decimal_format,fix (3.0 -> 3)
5755,ATT017219,presenting_complaint,inconsistent_text_format,"fix (trim spaces, standardise case)"
5755,ATT017219,disposition,inconsistent_text_format,"fix (trim spaces, standardise case)"
5756,ATT008444,"arrival_time, departure_time",mixed_date_format,fix (parse into one timestamp format)
5758,ATT000300,departure_time,departure_before_arrival,reject
5759,ATT001108,presenting_complaint,inconsistent_text_format,"fix (trim spaces, standardise case)"
5759,ATT001108,"arrival_time, departure_time",mixed_date_format,fix (parse into one timestamp format)
5760,ATT000851,presenting_complaint,inconsistent_text_format,"fix (trim spaces, standardise case)"
5761,ATT005854,departure_time,departure_before_arrival,reject
5762,ATT016862,presenting_complaint,inconsistent_text_format,"fix (trim spaces, standardise case)"
5766,ATT007151,disposition,inconsistent_text_format,"fix (trim spaces, standardise case)"
5766,ATT007151,"arrival_time, departure_time",mixed_date_format,fix (parse into one timestamp format)
5770,ATT010281,presenting_complaint,inconsistent_text_format,"fix (trim spaces, standardise case)"
5772,ATT000009,presenting_complaint,missing_presenting_complaint,fill with 'Unknown'
5775,ATT006830,disposition,inconsistent_text_format,"fix (trim spaces, standardise case)"
5782,ATT013097,disposition,inconsistent_text_format,"fix (trim spaces, standardise case)"
5785,ATT005102,"arrival_time, departure_time",mixed_date_format,fix (parse into one timestamp format)
5785,ATT005102,triage_category,triage_decimal_format,fix (3.0 -> 3)
5789,ATT008897,presenting_complaint,inconsistent_text_format,"fix (trim spaces, standardise case)"
5789,ATT008897,disposition,inconsistent_text_format,"fix (trim spaces, standardise case)"
5790,ATT010680,triage_category,invalid_triage_code,reject
5793,ATT015450,presenting_complaint,inconsistent_text_format,"fix (trim spaces, standardise case)"
5796,ATT013956,presenting_complaint,inconsistent_text_format,"fix (trim spaces, standardise case)"
5803,ATT009580,"arrival_time, departure_time",mixed_date_format,fix (parse into one timestamp format)
5804,ATT007593,"arrival_time, departure_time",mixed_date_format,fix (parse into one timestamp format)
5806,ATT008411,departure_time,departure_before_arrival,reject
5808,ATT015792,gp_practice_code,gp_code_lowercase,fix (upper-case)
5810,ATT005633,"arrival_time, departure_time",mixed_date_format,fix (parse into one timestamp format)
5813,ATT008294,"arrival_time, departure_time",mixed_date_format,fix (parse into one timestamp format)
5814,ATT019219,presenting_complaint,inconsistent_text_format,"fix (trim spaces, standardise case)"
5814,ATT019219,"arrival_time, departure_time",mixed_date_format,fix (parse into one timestamp format)
5815,ATT007049,presenting_complaint,inconsistent_text_format,"fix (trim spaces, standardise case)"
5819,ATT005787,presenting_complaint,inconsistent_text_format,"fix (trim spaces, standardise case)"
5821,ATT006439,"arrival_time, departure_time",mixed_date_format,fix (parse into one timestamp format)
5823,ATT002386,presenting_complaint,inconsistent_text_format,"fix (trim spaces, standardise case)"
5824,ATT019566,presenting_complaint,inconsistent_text_format,"fix (trim spaces, standardise case)"
5824,ATT019566,disposition,inconsistent_text_format,"fix (trim spaces, standardise case)"
5824,ATT019566,gp_practice_code,missing_gp_code,set to NULL and flag
5826,ATT007095,gp_practice_code,malformed_gp_code,set to NULL and flag
5827,ATT008767,disposition,inconsistent_text_format,"fix (trim spaces, standardise case)"
5834,ATT015340,gp_practice_code,missing_gp_code,set to NULL and flag
5837,ATT001809,disposition,inconsistent_text_format,"fix (trim spaces, standardise case)"
5842,ATT000264,disposition,inconsistent_text_format,"fix (trim spaces, standardise case)"
5844,ATT019608,presenting_complaint,inconsistent_text_format,"fix (trim spaces, standardise case)"
5846,ATT011953,presenting_complaint,missing_presenting_complaint,fill with 'Unknown'
5846,ATT011953,triage_category,triage_decimal_format,fix (3.0 -> 3)
5847,ATT017978,presenting_complaint,inconsistent_text_format,"fix (trim spaces, standardise case)"
5848,ATT014284,presenting_complaint,inconsistent_text_format,"fix (trim spaces, standardise case)"
5849,ATT001572,presenting_complaint,missing_presenting_complaint,fill with 'Unknown'
5849,ATT001572,"arrival_time, departure_time",mixed_date_format,fix (parse into one timestamp format)
5855,ATT004171,(entire row),duplicate_row,remove (keep first)
5859,ATT012310,presenting_complaint,inconsistent_text_format,"fix (trim spaces, standardise case)"
5860,ATT005039,"arrival_time, departure_time",mixed_date_format,fix (parse into one timestamp format)
5861,ATT017832,"arrival_time, departure_time",mixed_date_format,fix (parse into one timestamp format)
5863,ATT012860,presenting_complaint,missing_presenting_complaint,fill with 'Unknown'
5865,ATT014131,presenting_complaint,inconsistent_text_format,"fix (trim spaces, standardise case)"
5865,ATT014131,disposition,inconsistent_text_format,"fix (trim spaces, standardise case)"
5867,ATT012535,"arrival_time, departure_time",mixed_date_format,fix (parse into one timestamp format)
5871,ATT013611,presenting_complaint,inconsistent_text_format,"fix (trim spaces, standardise case)"
5878,ATT006347,"arrival_time, departure_time",mixed_date_format,fix (parse into one timestamp format)
5879,ATT015787,presenting_complaint,inconsistent_text_format,"fix (trim spaces, standardise case)"
5884,ATT001977,"arrival_time, departure_time",mixed_date_format,fix (parse into one timestamp format)
5885,ATT010601,disposition,inconsistent_text_format,"fix (trim spaces, standardise case)"
5885,ATT010601,"arrival_time, departure_time",mixed_date_format,fix (parse into one timestamp format)
5886,ATT001443,presenting_complaint,inconsistent_text_format,"fix (trim spaces, standardise case)"
5887,ATT014772,"arrival_time, departure_time",mixed_date_format,fix (parse into one timestamp format)
5888,ATT009741,departure_time,missing_departure_time,reject
5892,ATT019917,disposition,inconsistent_text_format,"fix (trim spaces, standardise case)"
5892,ATT019917,"arrival_time, departure_time",mixed_date_format,fix (parse into one timestamp format)
5894,ATT015924,presenting_complaint,inconsistent_text_format,"fix (trim spaces, standardise case)"
5896,ATT004908,presenting_complaint,inconsistent_text_format,"fix (trim spaces, standardise case)"
5897,ATT008507,disposition,inconsistent_text_format,"fix (trim spaces, standardise case)"
5898,ATT007478,"arrival_time, departure_time",mixed_date_format,fix (parse into one timestamp format)
5900,ATT007302,"arrival_time, departure_time",mixed_date_format,fix (parse into one timestamp format)
5903,ATT016915,triage_category,invalid_triage_code,reject
5905,ATT016139,departure_time,departure_before_arrival,reject
5905,ATT016139,presenting_complaint,inconsistent_text_format,"fix (trim spaces, standardise case)"
5910,ATT011346,"arrival_time, departure_time",mixed_date_format,fix (parse into one timestamp format)
5911,ATT001656,disposition,missing_disposition,fill with 'Unknown'
5912,ATT016546,disposition,inconsistent_text_format,"fix (trim spaces, standardise case)"
5912,ATT016546,departure_time,missing_departure_time,reject
5913,ATT002862,presenting_complaint,inconsistent_text_format,"fix (trim spaces, standardise case)"
5915,ATT005909,pseudo_patient_id,missing_patient_id,reject
5918,ATT015313,presenting_complaint,inconsistent_text_format,"fix (trim spaces, standardise case)"
5919,ATT003323,"arrival_time, departure_time",mixed_date_format,fix (parse into one timestamp format)
5923,ATT016799,disposition,inconsistent_text_format,"fix (trim spaces, standardise case)"
5928,ATT010291,gp_practice_code,malformed_gp_code,set to NULL and flag
5929,ATT012476,departure_time,missing_departure_time,reject
5930,ATT001012,triage_category,invalid_triage_code,reject
5933,ATT014625,"arrival_time, departure_time",mixed_date_format,fix (parse into one timestamp format)
5934,ATT000982,presenting_complaint,inconsistent_text_format,"fix (trim spaces, standardise case)"
5934,ATT000982,"arrival_time, departure_time",mixed_date_format,fix (parse into one timestamp format)
5938,ATT004835,gp_practice_code,missing_gp_code,set to NULL and flag
5941,ATT019456,"arrival_time, departure_time",mixed_date_format,fix (parse into one timestamp format)
5944,ATT007560,"arrival_time, departure_time",mixed_date_format,fix (parse into one timestamp format)
5947,ATT017580,presenting_complaint,inconsistent_text_format,"fix (trim spaces, standardise case)"
5950,ATT003291,"arrival_time, departure_time",mixed_date_format,fix (parse into one timestamp format)
5954,ATT006650,gp_practice_code,missing_gp_code,set to NULL and flag
5958,ATT012177,presenting_complaint,inconsistent_text_format,"fix (trim spaces, standardise case)"
5959,ATT016487,"arrival_time, departure_time",mixed_date_format,fix (parse into one timestamp format)
5968,ATT011010,"arrival_time, departure_time",mixed_date_format,fix (parse into one timestamp format)
5971,ATT010126,disposition,inconsistent_text_format,"fix (trim spaces, standardise case)"
5971,ATT010126,"arrival_time, departure_time",mixed_date_format,fix (parse into one timestamp format)
5974,ATT007998,"arrival_time, departure_time",mixed_date_format,fix (parse into one timestamp format)
5980,ATT006219,(entire row),duplicate_row,remove (keep first)
5980,ATT006219,"arrival_time, departure_time",mixed_date_format,fix (parse into one timestamp format)
5981,ATT002620,disposition,inconsistent_text_format,"fix (trim spaces, standardise case)"
5982,ATT006490,disposition,inconsistent_text_format,"fix (trim spaces, standardise case)"
5983,ATT014930,(entire row),duplicate_row,remove (keep first)
5983,ATT014930,disposition,inconsistent_text_format,"fix (trim spaces, standardise case)"
5989,ATT003102,presenting_complaint,inconsistent_text_format,"fix (trim spaces, standardise case)"
5995,ATT009316,departure_time,missing_departure_time,reject
5997,ATT003100,presenting_complaint,inconsistent_text_format,"fix (trim spaces, standardise case)"
5998,ATT009432,presenting_complaint,inconsistent_text_format,"fix (trim spaces, standardise case)"
6000,ATT011994,presenting_complaint,inconsistent_text_format,"fix (trim spaces, standardise case)"
6001,ATT013086,presenting_complaint,inconsistent_text_format,"fix (trim spaces, standardise case)"
6004,ATT005701,presenting_complaint,missing_presenting_complaint,fill with 'Unknown'
6004,ATT005701,"arrival_time, departure_time",mixed_date_format,fix (parse into one timestamp format)
6005,ATT012629,departure_time,extreme_length_of_stay,reject
6008,ATT007487,disposition,missing_disposition,fill with 'Unknown'
6008,ATT007487,"arrival_time, departure_time",mixed_date_format,fix (parse into one timestamp format)
6011,ATT011786,disposition,inconsistent_text_format,"fix (trim spaces, standardise case)"
6011,ATT011786,"arrival_time, departure_time",mixed_date_format,fix (parse into one timestamp format)
6013,ATT002232,gp_practice_code,malformed_gp_code,set to NULL and flag
6014,ATT012531,presenting_complaint,inconsistent_text_format,"fix (trim spaces, standardise case)"
6021,ATT008919,"arrival_time, departure_time",mixed_date_format,fix (parse into one timestamp format)
6022,ATT001593,presenting_complaint,inconsistent_text_format,"fix (trim spaces, standardise case)"
6022,ATT001593,"arrival_time, departure_time",mixed_date_format,fix (parse into one timestamp format)
6027,ATT015337,"arrival_time, departure_time",mixed_date_format,fix (parse into one timestamp format)
6033,ATT005626,presenting_complaint,inconsistent_text_format,"fix (trim spaces, standardise case)"
6036,ATT002405,(entire row),duplicate_row,remove (keep first)
6039,ATT003370,(entire row),duplicate_row,remove (keep first)
6046,ATT016252,departure_time,departure_before_arrival,reject
6047,ATT008937,gp_practice_code,missing_gp_code,set to NULL and flag
6050,ATT005639,"arrival_time, departure_time",mixed_date_format,fix (parse into one timestamp format)
6052,ATT002529,"arrival_time, departure_time",mixed_date_format,fix (parse into one timestamp format)
6055,ATT010127,disposition,inconsistent_text_format,"fix (trim spaces, standardise case)"
6058,ATT002835,triage_category,invalid_triage_code,reject
6058,ATT002835,"arrival_time, departure_time",mixed_date_format,fix (parse into one timestamp format)
6059,ATT002204,"arrival_time, departure_time",mixed_date_format,fix (parse into one timestamp format)
6065,ATT013902,gp_practice_code,malformed_gp_code,set to NULL and flag
6067,ATT013433,"arrival_time, departure_time",mixed_date_format,fix (parse into one timestamp format)
6068,ATT010430,"arrival_time, departure_time",mixed_date_format,fix (parse into one timestamp format)
6070,ATT019476,presenting_complaint,inconsistent_text_format,"fix (trim spaces, standardise case)"
6071,ATT007591,presenting_complaint,inconsistent_text_format,"fix (trim spaces, standardise case)"
6072,ATT009250,"arrival_time, departure_time",mixed_date_format,fix (parse into one timestamp format)
6073,ATT009599,"arrival_time, departure_time",mixed_date_format,fix (parse into one timestamp format)
6080,ATT013536,triage_category,triage_decimal_format,fix (3.0 -> 3)
6081,ATT008969,departure_time,missing_departure_time,reject
6083,ATT000933,gp_practice_code,gp_code_lowercase,fix (upper-case)
6083,ATT000933,arrival_time,missing_arrival_time,reject
6086,ATT013720,presenting_complaint,inconsistent_text_format,"fix (trim spaces, standardise case)"
6086,ATT013720,"arrival_time, departure_time",mixed_date_format,fix (parse into one timestamp format)
6087,ATT019011,disposition,inconsistent_text_format,"fix (trim spaces, standardise case)"
6089,ATT003485,gp_practice_code,malformed_gp_code,set to NULL and flag
6090,ATT012605,"arrival_time, departure_time",mixed_date_format,fix (parse into one timestamp format)
6091,ATT007496,gp_practice_code,missing_gp_code,set to NULL and flag
6093,ATT015054,gp_practice_code,gp_code_lowercase,fix (upper-case)
6093,ATT015054,triage_category,invalid_triage_code,reject
6095,ATT003338,disposition,inconsistent_text_format,"fix (trim spaces, standardise case)"
6096,ATT001369,triage_category,triage_decimal_format,fix (3.0 -> 3)
6097,ATT016294,presenting_complaint,inconsistent_text_format,"fix (trim spaces, standardise case)"
6098,ATT019720,gp_practice_code,missing_gp_code,set to NULL and flag
6100,ATT006499,triage_category,invalid_triage_code,reject
6101,ATT002585,disposition,inconsistent_text_format,"fix (trim spaces, standardise case)"
6102,ATT010639,(entire row),duplicate_row,remove (keep first)
6103,ATT013061,presenting_complaint,inconsistent_text_format,"fix (trim spaces, standardise case)"
6103,ATT013061,"arrival_time, departure_time",mixed_date_format,fix (parse into one timestamp format)
6104,ATT009967,departure_time,extreme_length_of_stay,reject
6104,ATT009967,gp_practice_code,gp_code_lowercase,fix (upper-case)
6105,ATT007898,"arrival_time, departure_time",mixed_date_format,fix (parse into one timestamp format)
6106,ATT001819,triage_category,invalid_triage_code,reject
6109,ATT000354,presenting_complaint,inconsistent_text_format,"fix (trim spaces, standardise case)"
6118,ATT008539,"arrival_time, departure_time",mixed_date_format,fix (parse into one timestamp format)
6120,ATT017489,presenting_complaint,inconsistent_text_format,"fix (trim spaces, standardise case)"
6124,ATT006030,disposition,inconsistent_text_format,"fix (trim spaces, standardise case)"
6124,ATT006030,presenting_complaint,missing_presenting_complaint,fill with 'Unknown'
6125,ATT007780,disposition,inconsistent_text_format,"fix (trim spaces, standardise case)"
6128,ATT010000,"arrival_time, departure_time",mixed_date_format,fix (parse into one timestamp format)
6134,ATT002565,triage_category,triage_decimal_format,fix (3.0 -> 3)
6139,ATT018661,presenting_complaint,inconsistent_text_format,"fix (trim spaces, standardise case)"
6141,ATT005322,disposition,inconsistent_text_format,"fix (trim spaces, standardise case)"
6141,ATT005322,"arrival_time, departure_time",mixed_date_format,fix (parse into one timestamp format)
6146,ATT015548,presenting_complaint,inconsistent_text_format,"fix (trim spaces, standardise case)"
6151,ATT012848,presenting_complaint,inconsistent_text_format,"fix (trim spaces, standardise case)"
6158,ATT001144,presenting_complaint,inconsistent_text_format,"fix (trim spaces, standardise case)"
6160,ATT010615,presenting_complaint,inconsistent_text_format,"fix (trim spaces, standardise case)"
6161,ATT015211,"arrival_time, departure_time",mixed_date_format,fix (parse into one timestamp format)
6165,ATT011889,presenting_complaint,inconsistent_text_format,"fix (trim spaces, standardise case)"
6165,ATT011889,arrival_time,missing_arrival_time,reject
6165,ATT011889,"arrival_time, departure_time",mixed_date_format,fix (parse into one timestamp format)
6166,ATT006316,gp_practice_code,gp_code_lowercase,fix (upper-case)
6170,ATT018199,"arrival_time, departure_time",mixed_date_format,fix (parse into one timestamp format)
6178,ATT007787,disposition,inconsistent_text_format,"fix (trim spaces, standardise case)"
6181,ATT015516,presenting_complaint,inconsistent_text_format,"fix (trim spaces, standardise case)"
6185,ATT008963,disposition,inconsistent_text_format,"fix (trim spaces, standardise case)"
6189,ATT004101,gp_practice_code,malformed_gp_code,set to NULL and flag
6191,ATT002901,presenting_complaint,inconsistent_text_format,"fix (trim spaces, standardise case)"
6194,ATT000015,disposition,inconsistent_text_format,"fix (trim spaces, standardise case)"
6198,ATT002928,gp_practice_code,missing_gp_code,set to NULL and flag
6202,ATT017619,"arrival_time, departure_time",mixed_date_format,fix (parse into one timestamp format)
6204,ATT017271,disposition,inconsistent_text_format,"fix (trim spaces, standardise case)"
6204,ATT017271,gp_practice_code,missing_gp_code,set to NULL and flag
6205,ATT018653,gp_practice_code,missing_gp_code,set to NULL and flag
6206,ATT019358,presenting_complaint,inconsistent_text_format,"fix (trim spaces, standardise case)"
6207,ATT018741,gp_practice_code,malformed_gp_code,set to NULL and flag
6207,ATT018741,"arrival_time, departure_time",mixed_date_format,fix (parse into one timestamp format)
6209,ATT002607,presenting_complaint,inconsistent_text_format,"fix (trim spaces, standardise case)"
6214,ATT000006,disposition,inconsistent_text_format,"fix (trim spaces, standardise case)"
6216,ATT005013,"arrival_time, departure_time",mixed_date_format,fix (parse into one timestamp format)
6221,ATT006293,presenting_complaint,inconsistent_text_format,"fix (trim spaces, standardise case)"
6224,ATT008359,gp_practice_code,malformed_gp_code,set to NULL and flag
6226,ATT015242,"arrival_time, departure_time",mixed_date_format,fix (parse into one timestamp format)
6230,ATT015613,disposition,inconsistent_text_format,"fix (trim spaces, standardise case)"
6230,ATT015613,triage_category,triage_decimal_format,fix (3.0 -> 3)
6232,ATT008584,gp_practice_code,malformed_gp_code,set to NULL and flag
6233,ATT006584,"arrival_time, departure_time",mixed_date_format,fix (parse into one timestamp format)
6234,ATT014817,"arrival_time, departure_time",mixed_date_format,fix (parse into one timestamp format)
6236,ATT006507,gp_practice_code,missing_gp_code,set to NULL and flag
6238,ATT015867,presenting_complaint,inconsistent_text_format,"fix (trim spaces, standardise case)"
6238,ATT015867,disposition,inconsistent_text_format,"fix (trim spaces, standardise case)"
6239,ATT012617,disposition,inconsistent_text_format,"fix (trim spaces, standardise case)"
6239,ATT012617,gp_practice_code,missing_gp_code,set to NULL and flag
6243,ATT015631,presenting_complaint,inconsistent_text_format,"fix (trim spaces, standardise case)"
6244,ATT003481,presenting_complaint,inconsistent_text_format,"fix (trim spaces, standardise case)"
6247,ATT017552,presenting_complaint,inconsistent_text_format,"fix (trim spaces, standardise case)"
6249,ATT015738,departure_time,missing_departure_time,reject
6250,ATT014748,"arrival_time, departure_time",mixed_date_format,fix (parse into one timestamp format)
6251,ATT010354,gp_practice_code,missing_gp_code,set to NULL and flag
6252,ATT010275,disposition,inconsistent_text_format,"fix (trim spaces, standardise case)"
6252,ATT010275,"arrival_time, departure_time",mixed_date_format,fix (parse into one timestamp format)
6255,ATT011854,presenting_complaint,inconsistent_text_format,"fix (trim spaces, standardise case)"
6256,ATT005466,triage_category,invalid_triage_code,reject
6258,ATT004706,disposition,inconsistent_text_format,"fix (trim spaces, standardise case)"
6258,ATT004706,"arrival_time, departure_time",mixed_date_format,fix (parse into one timestamp format)
6260,ATT011525,"arrival_time, departure_time",mixed_date_format,fix (parse into one timestamp format)
6261,ATT000569,triage_category,invalid_triage_code,reject
6264,ATT007429,pseudo_patient_id,missing_patient_id,reject
6266,ATT007713,"arrival_time, departure_time",mixed_date_format,fix (parse into one timestamp format)
6267,ATT018034,gp_practice_code,missing_gp_code,set to NULL and flag
6268,ATT014785,"arrival_time, departure_time",mixed_date_format,fix (parse into one timestamp format)
6269,ATT013806,arrival_time,missing_arrival_time,reject
6272,ATT004716,disposition,inconsistent_text_format,"fix (trim spaces, standardise case)"
6273,ATT008165,arrival_time,future_dated_attendance,reject
6274,ATT006368,disposition,inconsistent_text_format,"fix (trim spaces, standardise case)"
6276,ATT002334,disposition,inconsistent_text_format,"fix (trim spaces, standardise case)"
6277,ATT002456,arrival_time,future_dated_attendance,reject
6278,ATT019808,presenting_complaint,inconsistent_text_format,"fix (trim spaces, standardise case)"
6278,ATT019808,"arrival_time, departure_time",mixed_date_format,fix (parse into one timestamp format)
6279,ATT009691,triage_category,triage_decimal_format,fix (3.0 -> 3)
6280,ATT019387,gp_practice_code,gp_code_lowercase,fix (upper-case)
6280,ATT019387,presenting_complaint,inconsistent_text_format,"fix (trim spaces, standardise case)"
6281,ATT002526,presenting_complaint,missing_presenting_complaint,fill with 'Unknown'
6282,ATT001685,disposition,inconsistent_text_format,"fix (trim spaces, standardise case)"
6286,ATT005536,"arrival_time, departure_time",mixed_date_format,fix (parse into one timestamp format)
6301,ATT005365,"arrival_time, departure_time",mixed_date_format,fix (parse into one timestamp format)
6302,ATT011509,"arrival_time, departure_time",mixed_date_format,fix (parse into one timestamp format)
6305,ATT003947,presenting_complaint,inconsistent_text_format,"fix (trim spaces, standardise case)"
6306,ATT001576,(entire row),duplicate_row,remove (keep first)
6307,ATT001584,presenting_complaint,inconsistent_text_format,"fix (trim spaces, standardise case)"
6316,ATT004447,departure_time,departure_before_arrival,reject
6319,ATT008917,"arrival_time, departure_time",mixed_date_format,fix (parse into one timestamp format)
6320,ATT006533,"arrival_time, departure_time",mixed_date_format,fix (parse into one timestamp format)
6324,ATT003583,"arrival_time, departure_time",mixed_date_format,fix (parse into one timestamp format)
6326,ATT019230,disposition,missing_disposition,fill with 'Unknown'
6327,ATT019321,"arrival_time, departure_time",mixed_date_format,fix (parse into one timestamp format)
6331,ATT000406,presenting_complaint,inconsistent_text_format,"fix (trim spaces, standardise case)"
6332,ATT000220,presenting_complaint,missing_presenting_complaint,fill with 'Unknown'
6333,ATT004124,disposition,missing_disposition,fill with 'Unknown'
6333,ATT004124,"arrival_time, departure_time",mixed_date_format,fix (parse into one timestamp format)
6334,ATT006548,disposition,inconsistent_text_format,"fix (trim spaces, standardise case)"
6335,ATT017119,arrival_time,missing_arrival_time,reject
6337,ATT013204,presenting_complaint,inconsistent_text_format,"fix (trim spaces, standardise case)"
6342,ATT007183,"arrival_time, departure_time",mixed_date_format,fix (parse into one timestamp format)
6344,ATT010303,disposition,inconsistent_text_format,"fix (trim spaces, standardise case)"
6345,ATT014356,presenting_complaint,inconsistent_text_format,"fix (trim spaces, standardise case)"
6346,ATT012060,presenting_complaint,inconsistent_text_format,"fix (trim spaces, standardise case)"
6349,ATT015315,presenting_complaint,missing_presenting_complaint,fill with 'Unknown'
6350,ATT008224,departure_time,departure_before_arrival,reject
6350,ATT008224,"arrival_time, departure_time",mixed_date_format,fix (parse into one timestamp format)
6352,ATT017994,gp_practice_code,malformed_gp_code,set to NULL and flag
6358,ATT003585,"arrival_time, departure_time",mixed_date_format,fix (parse into one timestamp format)
6359,ATT007761,disposition,inconsistent_text_format,"fix (trim spaces, standardise case)"
6361,ATT013055,presenting_complaint,inconsistent_text_format,"fix (trim spaces, standardise case)"
6362,ATT016163,disposition,inconsistent_text_format,"fix (trim spaces, standardise case)"
6363,ATT004763,presenting_complaint,inconsistent_text_format,"fix (trim spaces, standardise case)"
6363,ATT004763,gp_practice_code,missing_gp_code,set to NULL and flag
6364,ATT017051,presenting_complaint,missing_presenting_complaint,fill with 'Unknown'
6364,ATT017051,"arrival_time, departure_time",mixed_date_format,fix (parse into one timestamp format)
6367,ATT016947,"arrival_time, departure_time",mixed_date_format,fix (parse into one timestamp format)
6369,ATT010503,presenting_complaint,inconsistent_text_format,"fix (trim spaces, standardise case)"
6371,ATT007604,presenting_complaint,inconsistent_text_format,"fix (trim spaces, standardise case)"
6379,ATT008986,triage_category,invalid_triage_code,reject
6380,ATT010908,disposition,inconsistent_text_format,"fix (trim spaces, standardise case)"
6382,ATT005441,disposition,inconsistent_text_format,"fix (trim spaces, standardise case)"
6383,ATT009092,"arrival_time, departure_time",mixed_date_format,fix (parse into one timestamp format)
6388,ATT008020,presenting_complaint,inconsistent_text_format,"fix (trim spaces, standardise case)"
6389,ATT013836,"arrival_time, departure_time",mixed_date_format,fix (parse into one timestamp format)
6390,ATT000759,departure_time,missing_departure_time,reject
6392,ATT010364,"arrival_time, departure_time",mixed_date_format,fix (parse into one timestamp format)
6396,ATT018149,presenting_complaint,inconsistent_text_format,"fix (trim spaces, standardise case)"
6401,ATT005089,presenting_complaint,inconsistent_text_format,"fix (trim spaces, standardise case)"
6401,ATT005089,arrival_time,missing_arrival_time,reject
6403,ATT005618,"arrival_time, departure_time",mixed_date_format,fix (parse into one timestamp format)
6408,ATT006873,presenting_complaint,inconsistent_text_format,"fix (trim spaces, standardise case)"
6408,ATT006873,triage_category,invalid_triage_code,reject
6410,ATT007727,"arrival_time, departure_time",mixed_date_format,fix (parse into one timestamp format)
6412,ATT017336,presenting_complaint,inconsistent_text_format,"fix (trim spaces, standardise case)"
6414,ATT004755,gp_practice_code,missing_gp_code,set to NULL and flag
6415,ATT003620,presenting_complaint,inconsistent_text_format,"fix (trim spaces, standardise case)"
6416,ATT009656,gp_practice_code,malformed_gp_code,set to NULL and flag
6424,ATT004861,disposition,inconsistent_text_format,"fix (trim spaces, standardise case)"
6426,ATT019995,"arrival_time, departure_time",mixed_date_format,fix (parse into one timestamp format)
6428,ATT012030,departure_time,extreme_length_of_stay,reject
6430,ATT002223,departure_time,departure_before_arrival,reject
6433,ATT003797,disposition,inconsistent_text_format,"fix (trim spaces, standardise case)"
6437,ATT001275,disposition,inconsistent_text_format,"fix (trim spaces, standardise case)"
6437,ATT001275,"arrival_time, departure_time",mixed_date_format,fix (parse into one timestamp format)
6439,ATT012344,"arrival_time, departure_time",mixed_date_format,fix (parse into one timestamp format)
6443,ATT007782,presenting_complaint,inconsistent_text_format,"fix (trim spaces, standardise case)"
6448,ATT011185,presenting_complaint,inconsistent_text_format,"fix (trim spaces, standardise case)"
6448,ATT011185,gp_practice_code,missing_gp_code,set to NULL and flag
6449,ATT017665,"arrival_time, departure_time",mixed_date_format,fix (parse into one timestamp format)
6450,ATT007137,presenting_complaint,missing_presenting_complaint,fill with 'Unknown'
6451,ATT013587,disposition,inconsistent_text_format,"fix (trim spaces, standardise case)"
6451,ATT013587,presenting_complaint,missing_presenting_complaint,fill with 'Unknown'
6454,ATT002789,gp_practice_code,missing_gp_code,set to NULL and flag
6454,ATT002789,"arrival_time, departure_time",mixed_date_format,fix (parse into one timestamp format)
6456,ATT004902,presenting_complaint,inconsistent_text_format,"fix (trim spaces, standardise case)"
6457,ATT001181,departure_time,missing_departure_time,reject
6458,ATT014569,"arrival_time, departure_time",mixed_date_format,fix (parse into one timestamp format)
6461,ATT015016,disposition,inconsistent_text_format,"fix (trim spaces, standardise case)"
6470,ATT005359,triage_category,invalid_triage_code,reject
6470,ATT005359,"arrival_time, departure_time",mixed_date_format,fix (parse into one timestamp format)
6473,ATT009627,presenting_complaint,missing_presenting_complaint,fill with 'Unknown'
6481,ATT007098,gp_practice_code,malformed_gp_code,set to NULL and flag
6484,ATT016806,presenting_complaint,inconsistent_text_format,"fix (trim spaces, standardise case)"
6486,ATT005621,pseudo_patient_id,missing_patient_id,reject
6488,ATT004852,"arrival_time, departure_time",mixed_date_format,fix (parse into one timestamp format)
6493,ATT007027,disposition,inconsistent_text_format,"fix (trim spaces, standardise case)"
6494,ATT004850,gp_practice_code,missing_gp_code,set to NULL and flag
6495,ATT003300,presenting_complaint,inconsistent_text_format,"fix (trim spaces, standardise case)"
6498,ATT012018,departure_time,extreme_length_of_stay,reject
6499,ATT007586,"arrival_time, departure_time",mixed_date_format,fix (parse into one timestamp format)
6501,ATT014342,presenting_complaint,inconsistent_text_format,"fix (trim spaces, standardise case)"
6502,ATT003033,presenting_complaint,inconsistent_text_format,"fix (trim spaces, standardise case)"
6502,ATT003033,disposition,missing_disposition,fill with 'Unknown'
6503,ATT018255,disposition,missing_disposition,fill with 'Unknown'
6503,ATT018255,"arrival_time, departure_time",mixed_date_format,fix (parse into one timestamp format)
6504,ATT003904,gp_practice_code,missing_gp_code,set to NULL and flag
6508,ATT009984,"arrival_time, departure_time",mixed_date_format,fix (parse into one timestamp format)
6510,ATT002183,presenting_complaint,missing_presenting_complaint,fill with 'Unknown'
6510,ATT002183,"arrival_time, departure_time",mixed_date_format,fix (parse into one timestamp format)
6512,ATT004460,presenting_complaint,inconsistent_text_format,"fix (trim spaces, standardise case)"
6513,ATT014808,presenting_complaint,inconsistent_text_format,"fix (trim spaces, standardise case)"
6513,ATT014808,disposition,inconsistent_text_format,"fix (trim spaces, standardise case)"
6517,ATT001830,disposition,inconsistent_text_format,"fix (trim spaces, standardise case)"
6519,ATT012661,disposition,inconsistent_text_format,"fix (trim spaces, standardise case)"
6522,ATT004786,disposition,inconsistent_text_format,"fix (trim spaces, standardise case)"
6524,ATT006067,"arrival_time, departure_time",mixed_date_format,fix (parse into one timestamp format)
6526,ATT002246,presenting_complaint,inconsistent_text_format,"fix (trim spaces, standardise case)"
6533,ATT004930,"arrival_time, departure_time",mixed_date_format,fix (parse into one timestamp format)
6535,ATT018512,disposition,inconsistent_text_format,"fix (trim spaces, standardise case)"
6538,ATT003832,departure_time,missing_departure_time,reject
6544,ATT009562,triage_category,triage_decimal_format,fix (3.0 -> 3)
6550,ATT010002,"arrival_time, departure_time",mixed_date_format,fix (parse into one timestamp format)
6551,ATT000469,presenting_complaint,inconsistent_text_format,"fix (trim spaces, standardise case)"
6551,ATT000469,"arrival_time, departure_time",mixed_date_format,fix (parse into one timestamp format)
6556,ATT011805,presenting_complaint,inconsistent_text_format,"fix (trim spaces, standardise case)"
6561,ATT016717,"arrival_time, departure_time",mixed_date_format,fix (parse into one timestamp format)
6564,ATT001144,(entire row),duplicate_row,remove (keep first)
6564,ATT001144,presenting_complaint,inconsistent_text_format,"fix (trim spaces, standardise case)"
6565,ATT010537,(entire row),duplicate_row,remove (keep first)
6566,ATT002738,disposition,inconsistent_text_format,"fix (trim spaces, standardise case)"
6577,ATT015889,gp_practice_code,malformed_gp_code,set to NULL and flag
6582,ATT000084,disposition,missing_disposition,fill with 'Unknown'
6582,ATT000084,"arrival_time, departure_time",mixed_date_format,fix (parse into one timestamp format)
6583,ATT002590,(entire row),duplicate_row,remove (keep first)
6583,ATT002590,disposition,inconsistent_text_format,"fix (trim spaces, standardise case)"
6584,ATT000926,gp_practice_code,gp_code_lowercase,fix (upper-case)
6587,ATT012682,gp_practice_code,missing_gp_code,set to NULL and flag
6593,ATT009986,"arrival_time, departure_time",mixed_date_format,fix (parse into one timestamp format)
6595,ATT002537,disposition,inconsistent_text_format,"fix (trim spaces, standardise case)"
6601,ATT016753,gp_practice_code,malformed_gp_code,set to NULL and flag
6604,ATT012093,"arrival_time, departure_time",mixed_date_format,fix (parse into one timestamp format)
6606,ATT017133,presenting_complaint,missing_presenting_complaint,fill with 'Unknown'
6606,ATT017133,"arrival_time, departure_time",mixed_date_format,fix (parse into one timestamp format)
6607,ATT013703,disposition,inconsistent_text_format,"fix (trim spaces, standardise case)"
6610,ATT017192,presenting_complaint,inconsistent_text_format,"fix (trim spaces, standardise case)"
6616,ATT004864,disposition,inconsistent_text_format,"fix (trim spaces, standardise case)"
6617,ATT009819,"arrival_time, departure_time",mixed_date_format,fix (parse into one timestamp format)
6618,ATT008546,presenting_complaint,missing_presenting_complaint,fill with 'Unknown'
6619,ATT016451,"arrival_time, departure_time",mixed_date_format,fix (parse into one timestamp format)
6622,ATT012325,disposition,missing_disposition,fill with 'Unknown'
6624,ATT003731,"arrival_time, departure_time",mixed_date_format,fix (parse into one timestamp format)
6627,ATT017356,departure_time,missing_departure_time,reject
6636,ATT011433,departure_time,departure_before_arrival,reject
6636,ATT011433,"arrival_time, departure_time",mixed_date_format,fix (parse into one timestamp format)
6638,ATT003981,presenting_complaint,inconsistent_text_format,"fix (trim spaces, standardise case)"
6641,ATT002164,"arrival_time, departure_time",mixed_date_format,fix (parse into one timestamp format)
6644,ATT006628,disposition,inconsistent_text_format,"fix (trim spaces, standardise case)"
6644,ATT006628,"arrival_time, departure_time",mixed_date_format,fix (parse into one timestamp format)
6646,ATT017052,presenting_complaint,inconsistent_text_format,"fix (trim spaces, standardise case)"
6646,ATT017052,"arrival_time, departure_time",mixed_date_format,fix (parse into one timestamp format)
6648,ATT010754,gp_practice_code,missing_gp_code,set to NULL and flag
6648,ATT010754,"arrival_time, departure_time",mixed_date_format,fix (parse into one timestamp format)
6651,ATT014264,gp_practice_code,gp_code_lowercase,fix (upper-case)
6651,ATT014264,disposition,inconsistent_text_format,"fix (trim spaces, standardise case)"
6658,ATT014832,gp_practice_code,missing_gp_code,set to NULL and flag
6659,ATT007564,presenting_complaint,inconsistent_text_format,"fix (trim spaces, standardise case)"
6659,ATT007564,gp_practice_code,malformed_gp_code,set to NULL and flag
6660,ATT006420,disposition,inconsistent_text_format,"fix (trim spaces, standardise case)"
6661,ATT004370,presenting_complaint,missing_presenting_complaint,fill with 'Unknown'
6664,ATT015331,departure_time,departure_before_arrival,reject
6668,ATT001048,presenting_complaint,inconsistent_text_format,"fix (trim spaces, standardise case)"
6668,ATT001048,gp_practice_code,missing_gp_code,set to NULL and flag
6669,ATT017060,disposition,inconsistent_text_format,"fix (trim spaces, standardise case)"
6669,ATT017060,gp_practice_code,malformed_gp_code,set to NULL and flag
6675,ATT017252,disposition,inconsistent_text_format,"fix (trim spaces, standardise case)"
6676,ATT007730,presenting_complaint,missing_presenting_complaint,fill with 'Unknown'
6677,ATT000795,presenting_complaint,inconsistent_text_format,"fix (trim spaces, standardise case)"
6679,ATT019758,"arrival_time, departure_time",mixed_date_format,fix (parse into one timestamp format)
6680,ATT016555,"arrival_time, departure_time",mixed_date_format,fix (parse into one timestamp format)
6681,ATT002803,presenting_complaint,inconsistent_text_format,"fix (trim spaces, standardise case)"
6682,ATT009143,"arrival_time, departure_time",mixed_date_format,fix (parse into one timestamp format)
6684,ATT014314,presenting_complaint,inconsistent_text_format,"fix (trim spaces, standardise case)"
6684,ATT014314,"arrival_time, departure_time",mixed_date_format,fix (parse into one timestamp format)
6685,ATT006662,triage_category,triage_decimal_format,fix (3.0 -> 3)
6691,ATT003043,presenting_complaint,inconsistent_text_format,"fix (trim spaces, standardise case)"
6695,ATT017658,presenting_complaint,inconsistent_text_format,"fix (trim spaces, standardise case)"
6695,ATT017658,"arrival_time, departure_time",mixed_date_format,fix (parse into one timestamp format)
6697,ATT006816,(entire row),duplicate_row,remove (keep first)
6697,ATT006816,disposition,inconsistent_text_format,"fix (trim spaces, standardise case)"
6699,ATT011213,presenting_complaint,inconsistent_text_format,"fix (trim spaces, standardise case)"
6704,ATT016986,gp_practice_code,missing_gp_code,set to NULL and flag
6705,ATT005026,gp_practice_code,missing_gp_code,set to NULL and flag
6705,ATT005026,"arrival_time, departure_time",mixed_date_format,fix (parse into one timestamp format)
6706,ATT013593,gp_practice_code,missing_gp_code,set to NULL and flag
6706,ATT013593,"arrival_time, departure_time",mixed_date_format,fix (parse into one timestamp format)
6708,ATT017726,presenting_complaint,missing_presenting_complaint,fill with 'Unknown'
6712,ATT019651,arrival_time,missing_arrival_time,reject
6712,ATT019651,"arrival_time, departure_time",mixed_date_format,fix (parse into one timestamp format)
6716,ATT014419,(entire row),duplicate_row,remove (keep first)
6716,ATT014419,disposition,inconsistent_text_format,"fix (trim spaces, standardise case)"
6717,ATT011356,disposition,inconsistent_text_format,"fix (trim spaces, standardise case)"
6717,ATT011356,presenting_complaint,missing_presenting_complaint,fill with 'Unknown'
6718,ATT012033,presenting_complaint,inconsistent_text_format,"fix (trim spaces, standardise case)"
6719,ATT015537,disposition,inconsistent_text_format,"fix (trim spaces, standardise case)"
6720,ATT015775,presenting_complaint,missing_presenting_complaint,fill with 'Unknown'
6720,ATT015775,"arrival_time, departure_time",mixed_date_format,fix (parse into one timestamp format)
6721,ATT016218,"arrival_time, departure_time",mixed_date_format,fix (parse into one timestamp format)
6722,ATT006904,"arrival_time, departure_time",mixed_date_format,fix (parse into one timestamp format)
6724,ATT017361,arrival_time,missing_arrival_time,reject
6726,ATT004398,gp_practice_code,gp_code_lowercase,fix (upper-case)
6727,ATT007554,gp_practice_code,malformed_gp_code,set to NULL and flag
6730,ATT013302,presenting_complaint,inconsistent_text_format,"fix (trim spaces, standardise case)"
6731,ATT000346,presenting_complaint,inconsistent_text_format,"fix (trim spaces, standardise case)"
6731,ATT000346,triage_category,invalid_triage_code,reject
6733,ATT016124,(entire row),duplicate_row,remove (keep first)
6736,ATT002237,disposition,inconsistent_text_format,"fix (trim spaces, standardise case)"
6738,ATT006152,presenting_complaint,inconsistent_text_format,"fix (trim spaces, standardise case)"
6741,ATT002155,disposition,inconsistent_text_format,"fix (trim spaces, standardise case)"
6741,ATT002155,"arrival_time, departure_time",mixed_date_format,fix (parse into one timestamp format)
6746,ATT003693,triage_category,triage_decimal_format,fix (3.0 -> 3)
6747,ATT008840,gp_practice_code,missing_gp_code,set to NULL and flag
6753,ATT016585,presenting_complaint,inconsistent_text_format,"fix (trim spaces, standardise case)"
6755,ATT009758,"arrival_time, departure_time",mixed_date_format,fix (parse into one timestamp format)
6756,ATT013514,"arrival_time, departure_time",mixed_date_format,fix (parse into one timestamp format)
6757,ATT007772,gp_practice_code,missing_gp_code,set to NULL and flag
6759,ATT005008,disposition,inconsistent_text_format,"fix (trim spaces, standardise case)"
6759,ATT005008,gp_practice_code,missing_gp_code,set to NULL and flag
6765,ATT011593,gp_practice_code,malformed_gp_code,set to NULL and flag
6769,ATT005083,disposition,inconsistent_text_format,"fix (trim spaces, standardise case)"
6771,ATT018743,presenting_complaint,inconsistent_text_format,"fix (trim spaces, standardise case)"
6773,ATT007921,triage_category,invalid_triage_code,reject
6775,ATT016197,presenting_complaint,inconsistent_text_format,"fix (trim spaces, standardise case)"
6776,ATT011754,"arrival_time, departure_time",mixed_date_format,fix (parse into one timestamp format)
6779,ATT016584,triage_category,invalid_triage_code,reject
6780,ATT008046,gp_practice_code,missing_gp_code,set to NULL and flag
6782,ATT016428,triage_category,invalid_triage_code,reject
6782,ATT016428,"arrival_time, departure_time",mixed_date_format,fix (parse into one timestamp format)
6783,ATT005576,"arrival_time, departure_time",mixed_date_format,fix (parse into one timestamp format)
6786,ATT008098,presenting_complaint,inconsistent_text_format,"fix (trim spaces, standardise case)"
6786,ATT008098,"arrival_time, departure_time",mixed_date_format,fix (parse into one timestamp format)
6790,ATT014516,presenting_complaint,inconsistent_text_format,"fix (trim spaces, standardise case)"
6792,ATT017518,disposition,inconsistent_text_format,"fix (trim spaces, standardise case)"
6793,ATT012413,departure_time,departure_before_arrival,reject
6794,ATT005279,"arrival_time, departure_time",mixed_date_format,fix (parse into one timestamp format)
6795,ATT009544,(entire row),duplicate_row,remove (keep first)
6796,ATT013509,pseudo_patient_id,missing_patient_id,reject
6796,ATT013509,"arrival_time, departure_time",mixed_date_format,fix (parse into one timestamp format)
6802,ATT014877,presenting_complaint,inconsistent_text_format,"fix (trim spaces, standardise case)"
6806,ATT016491,presenting_complaint,inconsistent_text_format,"fix (trim spaces, standardise case)"
6808,ATT001509,presenting_complaint,inconsistent_text_format,"fix (trim spaces, standardise case)"
6809,ATT002873,presenting_complaint,inconsistent_text_format,"fix (trim spaces, standardise case)"
6811,ATT013173,triage_category,triage_decimal_format,fix (3.0 -> 3)
6815,ATT013672,"arrival_time, departure_time",mixed_date_format,fix (parse into one timestamp format)
6817,ATT003439,presenting_complaint,inconsistent_text_format,"fix (trim spaces, standardise case)"
6817,ATT003439,disposition,missing_disposition,fill with 'Unknown'
6824,ATT005376,gp_practice_code,missing_gp_code,set to NULL and flag
6825,ATT016758,disposition,inconsistent_text_format,"fix (trim spaces, standardise case)"
6825,ATT016758,"arrival_time, departure_time",mixed_date_format,fix (parse into one timestamp format)
6827,ATT002735,"arrival_time, departure_time",mixed_date_format,fix (parse into one timestamp format)
6829,ATT000675,presenting_complaint,inconsistent_text_format,"fix (trim spaces, standardise case)"
6831,ATT017286,presenting_complaint,inconsistent_text_format,"fix (trim spaces, standardise case)"
6831,ATT017286,disposition,inconsistent_text_format,"fix (trim spaces, standardise case)"
6837,ATT002900,disposition,inconsistent_text_format,"fix (trim spaces, standardise case)"
6840,ATT013347,disposition,inconsistent_text_format,"fix (trim spaces, standardise case)"
6841,ATT004991,presenting_complaint,inconsistent_text_format,"fix (trim spaces, standardise case)"
6843,ATT010716,gp_practice_code,gp_code_lowercase,fix (upper-case)
6845,ATT007409,"arrival_time, departure_time",mixed_date_format,fix (parse into one timestamp format)
6849,ATT013661,presenting_complaint,inconsistent_text_format,"fix (trim spaces, standardise case)"
6860,ATT006119,"arrival_time, departure_time",mixed_date_format,fix (parse into one timestamp format)
6862,ATT001517,(entire row),duplicate_row,remove (keep first)
6862,ATT001517,"arrival_time, departure_time",mixed_date_format,fix (parse into one timestamp format)
6863,ATT017671,presenting_complaint,inconsistent_text_format,"fix (trim spaces, standardise case)"
6864,ATT003612,presenting_complaint,inconsistent_text_format,"fix (trim spaces, standardise case)"
6869,ATT000338,"arrival_time, departure_time",mixed_date_format,fix (parse into one timestamp format)
6870,ATT014504,disposition,missing_disposition,fill with 'Unknown'
6870,ATT014504,"arrival_time, departure_time",mixed_date_format,fix (parse into one timestamp format)
6871,ATT018974,"arrival_time, departure_time",mixed_date_format,fix (parse into one timestamp format)
6872,ATT002345,disposition,inconsistent_text_format,"fix (trim spaces, standardise case)"
6875,ATT015988,"arrival_time, departure_time",mixed_date_format,fix (parse into one timestamp format)
6876,ATT013442,(entire row),duplicate_row,remove (keep first)
6877,ATT017137,disposition,inconsistent_text_format,"fix (trim spaces, standardise case)"
6882,ATT014117,presenting_complaint,inconsistent_text_format,"fix (trim spaces, standardise case)"
6885,ATT016287,"arrival_time, departure_time",mixed_date_format,fix (parse into one timestamp format)
6889,ATT000034,gp_practice_code,missing_gp_code,set to NULL and flag
6893,ATT019140,disposition,missing_disposition,fill with 'Unknown'
6894,ATT018448,"arrival_time, departure_time",mixed_date_format,fix (parse into one timestamp format)
6895,ATT013964,presenting_complaint,inconsistent_text_format,"fix (trim spaces, standardise case)"
6897,ATT005400,"arrival_time, departure_time",mixed_date_format,fix (parse into one timestamp format)
6899,ATT009635,presenting_complaint,inconsistent_text_format,"fix (trim spaces, standardise case)"
6900,ATT008055,presenting_complaint,inconsistent_text_format,"fix (trim spaces, standardise case)"
6900,ATT008055,"arrival_time, departure_time",mixed_date_format,fix (parse into one timestamp format)
6903,ATT000240,gp_practice_code,gp_code_lowercase,fix (upper-case)
6908,ATT008518,"arrival_time, departure_time",mixed_date_format,fix (parse into one timestamp format)
6909,ATT017390,presenting_complaint,missing_presenting_complaint,fill with 'Unknown'
6913,ATT001746,presenting_complaint,inconsistent_text_format,"fix (trim spaces, standardise case)"
6916,ATT004257,arrival_time,missing_arrival_time,reject
6917,ATT005281,departure_time,departure_before_arrival,reject
6919,ATT013367,disposition,inconsistent_text_format,"fix (trim spaces, standardise case)"
6921,ATT001025,presenting_complaint,inconsistent_text_format,"fix (trim spaces, standardise case)"
6924,ATT011605,presenting_complaint,inconsistent_text_format,"fix (trim spaces, standardise case)"
6925,ATT016397,"arrival_time, departure_time",mixed_date_format,fix (parse into one timestamp format)
6926,ATT002907,triage_category,invalid_triage_code,reject
6926,ATT002907,"arrival_time, departure_time",mixed_date_format,fix (parse into one timestamp format)
6929,ATT016705,"arrival_time, departure_time",mixed_date_format,fix (parse into one timestamp format)
6930,ATT001704,"arrival_time, departure_time",mixed_date_format,fix (parse into one timestamp format)
6931,ATT010139,(entire row),duplicate_row,remove (keep first)
6931,ATT010139,"arrival_time, departure_time",mixed_date_format,fix (parse into one timestamp format)
6933,ATT003744,"arrival_time, departure_time",mixed_date_format,fix (parse into one timestamp format)
6938,ATT009301,presenting_complaint,missing_presenting_complaint,fill with 'Unknown'
6940,ATT013011,triage_category,triage_decimal_format,fix (3.0 -> 3)
6945,ATT007426,"arrival_time, departure_time",mixed_date_format,fix (parse into one timestamp format)
6948,ATT017166,presenting_complaint,inconsistent_text_format,"fix (trim spaces, standardise case)"
6949,ATT012404,"arrival_time, departure_time",mixed_date_format,fix (parse into one timestamp format)
6951,ATT014547,presenting_complaint,inconsistent_text_format,"fix (trim spaces, standardise case)"
6951,ATT014547,"arrival_time, departure_time",mixed_date_format,fix (parse into one timestamp format)
6952,ATT012561,presenting_complaint,missing_presenting_complaint,fill with 'Unknown'
6954,ATT012042,(entire row),duplicate_row,remove (keep first)
6955,ATT012622,"arrival_time, departure_time",mixed_date_format,fix (parse into one timestamp format)
6959,ATT010247,gp_practice_code,gp_code_lowercase,fix (upper-case)
6959,ATT010247,"arrival_time, departure_time",mixed_date_format,fix (parse into one timestamp format)
6961,ATT004128,disposition,inconsistent_text_format,"fix (trim spaces, standardise case)"
6961,ATT004128,"arrival_time, departure_time",mixed_date_format,fix (parse into one timestamp format)
6963,ATT010343,disposition,inconsistent_text_format,"fix (trim spaces, standardise case)"
6964,ATT015694,triage_category,invalid_triage_code,reject
6964,ATT015694,"arrival_time, departure_time",mixed_date_format,fix (parse into one timestamp format)
6966,ATT011325,disposition,missing_disposition,fill with 'Unknown'
6967,ATT010576,presenting_complaint,missing_presenting_complaint,fill with 'Unknown'
6968,ATT015502,departure_time,missing_departure_time,reject
6968,ATT015502,"arrival_time, departure_time",mixed_date_format,fix (parse into one timestamp format)
6970,ATT002125,"arrival_time, departure_time",mixed_date_format,fix (parse into one timestamp format)
6974,ATT003977,departure_time,extreme_length_of_stay,reject
6974,ATT003977,presenting_complaint,inconsistent_text_format,"fix (trim spaces, standardise case)"
6974,ATT003977,disposition,inconsistent_text_format,"fix (trim spaces, standardise case)"
6975,ATT000733,presenting_complaint,inconsistent_text_format,"fix (trim spaces, standardise case)"
6975,ATT000733,"arrival_time, departure_time",mixed_date_format,fix (parse into one timestamp format)
6980,ATT000080,gp_practice_code,malformed_gp_code,set to NULL and flag
6980,ATT000080,"arrival_time, departure_time",mixed_date_format,fix (parse into one timestamp format)
6983,ATT004507,presenting_complaint,inconsistent_text_format,"fix (trim spaces, standardise case)"
6984,ATT012932,departure_time,departure_before_arrival,reject
6984,ATT012932,disposition,inconsistent_text_format,"fix (trim spaces, standardise case)"
6987,ATT005181,presenting_complaint,missing_presenting_complaint,fill with 'Unknown'
6988,ATT009963,presenting_complaint,missing_presenting_complaint,fill with 'Unknown'
6990,ATT019734,triage_category,invalid_triage_code,reject
6994,ATT002189,"arrival_time, departure_time",mixed_date_format,fix (parse into one timestamp format)
6995,ATT011841,gp_practice_code,gp_code_lowercase,fix (upper-case)
7001,ATT010464,presenting_complaint,inconsistent_text_format,"fix (trim spaces, standardise case)"
7001,ATT010464,"arrival_time, departure_time",mixed_date_format,fix (parse into one timestamp format)
7002,ATT015617,disposition,inconsistent_text_format,"fix (trim spaces, standardise case)"
7003,ATT009587,presenting_complaint,inconsistent_text_format,"fix (trim spaces, standardise case)"
7007,ATT011806,"arrival_time, departure_time",mixed_date_format,fix (parse into one timestamp format)
7009,ATT018879,presenting_complaint,inconsistent_text_format,"fix (trim spaces, standardise case)"
7009,ATT018879,disposition,inconsistent_text_format,"fix (trim spaces, standardise case)"
7010,ATT005401,disposition,inconsistent_text_format,"fix (trim spaces, standardise case)"
7011,ATT000215,presenting_complaint,missing_presenting_complaint,fill with 'Unknown'
7018,ATT003155,"arrival_time, departure_time",mixed_date_format,fix (parse into one timestamp format)
7022,ATT007004,departure_time,departure_before_arrival,reject
7022,ATT007004,"arrival_time, departure_time",mixed_date_format,fix (parse into one timestamp format)
7023,ATT000107,"arrival_time, departure_time",mixed_date_format,fix (parse into one timestamp format)
7025,ATT012466,presenting_complaint,missing_presenting_complaint,fill with 'Unknown'
7031,ATT014471,"arrival_time, departure_time",mixed_date_format,fix (parse into one timestamp format)
7033,ATT010970,disposition,inconsistent_text_format,"fix (trim spaces, standardise case)"
7034,ATT006388,disposition,inconsistent_text_format,"fix (trim spaces, standardise case)"
7040,ATT019463,disposition,inconsistent_text_format,"fix (trim spaces, standardise case)"
7045,ATT000456,disposition,inconsistent_text_format,"fix (trim spaces, standardise case)"
7045,ATT000456,presenting_complaint,missing_presenting_complaint,fill with 'Unknown'
7045,ATT000456,"arrival_time, departure_time",mixed_date_format,fix (parse into one timestamp format)
7046,ATT007364,disposition,inconsistent_text_format,"fix (trim spaces, standardise case)"
7053,ATT017720,"arrival_time, departure_time",mixed_date_format,fix (parse into one timestamp format)
7062,ATT009173,presenting_complaint,inconsistent_text_format,"fix (trim spaces, standardise case)"
7063,ATT008852,disposition,inconsistent_text_format,"fix (trim spaces, standardise case)"
7064,ATT005095,(entire row),duplicate_row,remove (keep first)
7066,ATT015493,"arrival_time, departure_time",mixed_date_format,fix (parse into one timestamp format)
7069,ATT011488,triage_category,invalid_triage_code,reject
7070,ATT013764,presenting_complaint,inconsistent_text_format,"fix (trim spaces, standardise case)"
7074,ATT000336,disposition,inconsistent_text_format,"fix (trim spaces, standardise case)"
7077,ATT018328,triage_category,triage_decimal_format,fix (3.0 -> 3)
7079,ATT001527,gp_practice_code,malformed_gp_code,set to NULL and flag
7081,ATT017647,disposition,inconsistent_text_format,"fix (trim spaces, standardise case)"
7083,ATT000750,"arrival_time, departure_time",mixed_date_format,fix (parse into one timestamp format)
7084,ATT000612,"arrival_time, departure_time",mixed_date_format,fix (parse into one timestamp format)
7085,ATT017574,arrival_time,missing_arrival_time,reject
7090,ATT010731,"arrival_time, departure_time",mixed_date_format,fix (parse into one timestamp format)
7093,ATT012300,triage_category,triage_decimal_format,fix (3.0 -> 3)
7094,ATT003009,triage_category,triage_decimal_format,fix (3.0 -> 3)
7095,ATT003088,"arrival_time, departure_time",mixed_date_format,fix (parse into one timestamp format)
7101,ATT002031,disposition,inconsistent_text_format,"fix (trim spaces, standardise case)"
7101,ATT002031,gp_practice_code,missing_gp_code,set to NULL and flag
7104,ATT013837,gp_practice_code,missing_gp_code,set to NULL and flag
7105,ATT019026,presenting_complaint,inconsistent_text_format,"fix (trim spaces, standardise case)"
7111,ATT008441,"arrival_time, departure_time",mixed_date_format,fix (parse into one timestamp format)
7112,ATT018140,"arrival_time, departure_time",mixed_date_format,fix (parse into one timestamp format)
7113,ATT015611,"arrival_time, departure_time",mixed_date_format,fix (parse into one timestamp format)
7114,ATT003737,gp_practice_code,malformed_gp_code,set to NULL and flag
7118,ATT011397,presenting_complaint,inconsistent_text_format,"fix (trim spaces, standardise case)"
7119,ATT017332,presenting_complaint,missing_presenting_complaint,fill with 'Unknown'
7123,ATT014971,disposition,inconsistent_text_format,"fix (trim spaces, standardise case)"
7124,ATT016274,presenting_complaint,inconsistent_text_format,"fix (trim spaces, standardise case)"
7124,ATT016274,disposition,inconsistent_text_format,"fix (trim spaces, standardise case)"
7129,ATT002756,presenting_complaint,inconsistent_text_format,"fix (trim spaces, standardise case)"
7131,ATT002695,"arrival_time, departure_time",mixed_date_format,fix (parse into one timestamp format)
7135,ATT007223,gp_practice_code,missing_gp_code,set to NULL and flag
7137,ATT004722,presenting_complaint,inconsistent_text_format,"fix (trim spaces, standardise case)"
7138,ATT015064,"arrival_time, departure_time",mixed_date_format,fix (parse into one timestamp format)
7143,ATT013165,pseudo_patient_id,missing_patient_id,reject
7147,ATT007571,"arrival_time, departure_time",mixed_date_format,fix (parse into one timestamp format)
7151,ATT007657,presenting_complaint,inconsistent_text_format,"fix (trim spaces, standardise case)"
7151,ATT007657,disposition,inconsistent_text_format,"fix (trim spaces, standardise case)"
7152,ATT018992,presenting_complaint,inconsistent_text_format,"fix (trim spaces, standardise case)"
7153,ATT003337,presenting_complaint,missing_presenting_complaint,fill with 'Unknown'
7154,ATT007435,presenting_complaint,inconsistent_text_format,"fix (trim spaces, standardise case)"
7154,ATT007435,"arrival_time, departure_time",mixed_date_format,fix (parse into one timestamp format)
7155,ATT011784,departure_time,missing_departure_time,reject
7155,ATT011784,"arrival_time, departure_time",mixed_date_format,fix (parse into one timestamp format)
7157,ATT013348,disposition,inconsistent_text_format,"fix (trim spaces, standardise case)"
7158,ATT014243,presenting_complaint,inconsistent_text_format,"fix (trim spaces, standardise case)"
7158,ATT014243,"arrival_time, departure_time",mixed_date_format,fix (parse into one timestamp format)
7160,ATT019372,presenting_complaint,missing_presenting_complaint,fill with 'Unknown'
7163,ATT005147,presenting_complaint,missing_presenting_complaint,fill with 'Unknown'
7173,ATT018443,"arrival_time, departure_time",mixed_date_format,fix (parse into one timestamp format)
7174,ATT010720,"arrival_time, departure_time",mixed_date_format,fix (parse into one timestamp format)
7176,ATT015427,gp_practice_code,missing_gp_code,set to NULL and flag
7177,ATT011615,presenting_complaint,inconsistent_text_format,"fix (trim spaces, standardise case)"
7177,ATT011615,"arrival_time, departure_time",mixed_date_format,fix (parse into one timestamp format)
7178,ATT015556,triage_category,triage_decimal_format,fix (3.0 -> 3)
7182,ATT015819,gp_practice_code,malformed_gp_code,set to NULL and flag
7184,ATT004423,"arrival_time, departure_time",mixed_date_format,fix (parse into one timestamp format)
7185,ATT009900,"arrival_time, departure_time",mixed_date_format,fix (parse into one timestamp format)
7187,ATT014207,disposition,inconsistent_text_format,"fix (trim spaces, standardise case)"
7187,ATT014207,"arrival_time, departure_time",mixed_date_format,fix (parse into one timestamp format)
7188,ATT017152,presenting_complaint,inconsistent_text_format,"fix (trim spaces, standardise case)"
7188,ATT017152,"arrival_time, departure_time",mixed_date_format,fix (parse into one timestamp format)
7189,ATT016782,"arrival_time, departure_time",mixed_date_format,fix (parse into one timestamp format)
7190,ATT008381,gp_practice_code,missing_gp_code,set to NULL and flag
7191,ATT015484,presenting_complaint,missing_presenting_complaint,fill with 'Unknown'
7194,ATT008064,"arrival_time, departure_time",mixed_date_format,fix (parse into one timestamp format)
7196,ATT005031,disposition,inconsistent_text_format,"fix (trim spaces, standardise case)"
7196,ATT005031,"arrival_time, departure_time",mixed_date_format,fix (parse into one timestamp format)
7206,ATT013459,disposition,inconsistent_text_format,"fix (trim spaces, standardise case)"
7209,ATT012242,departure_time,extreme_length_of_stay,reject
7210,ATT018501,disposition,inconsistent_text_format,"fix (trim spaces, standardise case)"
7214,ATT002057,presenting_complaint,missing_presenting_complaint,fill with 'Unknown'
7222,ATT012871,disposition,inconsistent_text_format,"fix (trim spaces, standardise case)"
7227,ATT005347,gp_practice_code,missing_gp_code,set to NULL and flag
7229,ATT018809,"arrival_time, departure_time",mixed_date_format,fix (parse into one timestamp format)
7230,ATT005362,disposition,inconsistent_text_format,"fix (trim spaces, standardise case)"
7231,ATT005285,"arrival_time, departure_time",mixed_date_format,fix (parse into one timestamp format)
7232,ATT015365,presenting_complaint,inconsistent_text_format,"fix (trim spaces, standardise case)"
7232,ATT015365,"arrival_time, departure_time",mixed_date_format,fix (parse into one timestamp format)
7233,ATT001897,presenting_complaint,inconsistent_text_format,"fix (trim spaces, standardise case)"
7237,ATT011572,disposition,inconsistent_text_format,"fix (trim spaces, standardise case)"
7238,ATT010255,disposition,inconsistent_text_format,"fix (trim spaces, standardise case)"
7238,ATT010255,"arrival_time, departure_time",mixed_date_format,fix (parse into one timestamp format)
7239,ATT015165,triage_category,triage_decimal_format,fix (3.0 -> 3)
7241,ATT009413,presenting_complaint,inconsistent_text_format,"fix (trim spaces, standardise case)"
7243,ATT000217,"arrival_time, departure_time",mixed_date_format,fix (parse into one timestamp format)
7245,ATT005292,disposition,inconsistent_text_format,"fix (trim spaces, standardise case)"
7245,ATT005292,"arrival_time, departure_time",mixed_date_format,fix (parse into one timestamp format)
7248,ATT016571,"arrival_time, departure_time",mixed_date_format,fix (parse into one timestamp format)
7252,ATT014903,"arrival_time, departure_time",mixed_date_format,fix (parse into one timestamp format)
7255,ATT015046,"arrival_time, departure_time",mixed_date_format,fix (parse into one timestamp format)
7269,ATT018566,disposition,inconsistent_text_format,"fix (trim spaces, standardise case)"
7273,ATT010317,disposition,inconsistent_text_format,"fix (trim spaces, standardise case)"
7275,ATT010475,"arrival_time, departure_time",mixed_date_format,fix (parse into one timestamp format)
7277,ATT007724,presenting_complaint,inconsistent_text_format,"fix (trim spaces, standardise case)"
7282,ATT018084,presenting_complaint,inconsistent_text_format,"fix (trim spaces, standardise case)"
7285,ATT007918,gp_practice_code,missing_gp_code,set to NULL and flag
7285,ATT007918,"arrival_time, departure_time",mixed_date_format,fix (parse into one timestamp format)
7286,ATT010323,triage_category,invalid_triage_code,reject
7288,ATT000395,presenting_complaint,inconsistent_text_format,"fix (trim spaces, standardise case)"
7289,ATT012323,disposition,inconsistent_text_format,"fix (trim spaces, standardise case)"
7291,ATT014868,"arrival_time, departure_time",mixed_date_format,fix (parse into one timestamp format)
7294,ATT004949,(entire row),duplicate_row,remove (keep first)
7302,ATT008141,"arrival_time, departure_time",mixed_date_format,fix (parse into one timestamp format)
7307,ATT016004,"arrival_time, departure_time",mixed_date_format,fix (parse into one timestamp format)
7309,ATT002058,departure_time,departure_before_arrival,reject
7310,ATT007569,presenting_complaint,inconsistent_text_format,"fix (trim spaces, standardise case)"
7315,ATT004238,disposition,inconsistent_text_format,"fix (trim spaces, standardise case)"
7316,ATT015316,departure_time,missing_departure_time,reject
7317,ATT011662,"arrival_time, departure_time",mixed_date_format,fix (parse into one timestamp format)
7318,ATT011380,departure_time,departure_before_arrival,reject
7320,ATT011217,(entire row),duplicate_row,remove (keep first)
7322,ATT008822,triage_category,triage_decimal_format,fix (3.0 -> 3)
7323,ATT014784,presenting_complaint,inconsistent_text_format,"fix (trim spaces, standardise case)"
7324,ATT000872,disposition,inconsistent_text_format,"fix (trim spaces, standardise case)"
7325,ATT002817,disposition,inconsistent_text_format,"fix (trim spaces, standardise case)"
7327,ATT017664,presenting_complaint,inconsistent_text_format,"fix (trim spaces, standardise case)"
7327,ATT017664,"arrival_time, departure_time",mixed_date_format,fix (parse into one timestamp format)
7328,ATT013275,triage_category,triage_decimal_format,fix (3.0 -> 3)
7333,ATT008953,disposition,inconsistent_text_format,"fix (trim spaces, standardise case)"
7333,ATT008953,gp_practice_code,missing_gp_code,set to NULL and flag
7334,ATT007458,gp_practice_code,missing_gp_code,set to NULL and flag
7335,ATT014375,disposition,inconsistent_text_format,"fix (trim spaces, standardise case)"
7335,ATT014375,triage_category,triage_decimal_format,fix (3.0 -> 3)
7338,ATT016561,gp_practice_code,missing_gp_code,set to NULL and flag
7342,ATT001409,presenting_complaint,missing_presenting_complaint,fill with 'Unknown'
7344,ATT014787,"arrival_time, departure_time",mixed_date_format,fix (parse into one timestamp format)
7347,ATT004058,presenting_complaint,inconsistent_text_format,"fix (trim spaces, standardise case)"
7350,ATT000892,"arrival_time, departure_time",mixed_date_format,fix (parse into one timestamp format)
7352,ATT019975,"arrival_time, departure_time",mixed_date_format,fix (parse into one timestamp format)
7355,ATT016307,presenting_complaint,inconsistent_text_format,"fix (trim spaces, standardise case)"
7357,ATT005911,"arrival_time, departure_time",mixed_date_format,fix (parse into one timestamp format)
7362,ATT018225,disposition,inconsistent_text_format,"fix (trim spaces, standardise case)"
7365,ATT001400,presenting_complaint,inconsistent_text_format,"fix (trim spaces, standardise case)"
7369,ATT014876,presenting_complaint,inconsistent_text_format,"fix (trim spaces, standardise case)"
7371,ATT015839,"arrival_time, departure_time",mixed_date_format,fix (parse into one timestamp format)
7375,ATT012472,"arrival_time, departure_time",mixed_date_format,fix (parse into one timestamp format)
7376,ATT004140,presenting_complaint,inconsistent_text_format,"fix (trim spaces, standardise case)"
7382,ATT001923,gp_practice_code,malformed_gp_code,set to NULL and flag
7383,ATT018767,(entire row),duplicate_row,remove (keep first)
7383,ATT018767,"arrival_time, departure_time",mixed_date_format,fix (parse into one timestamp format)
7386,ATT010106,disposition,inconsistent_text_format,"fix (trim spaces, standardise case)"
7387,ATT017211,departure_time,missing_departure_time,reject
7389,ATT001475,"arrival_time, departure_time",mixed_date_format,fix (parse into one timestamp format)
7390,ATT007162,"arrival_time, departure_time",mixed_date_format,fix (parse into one timestamp format)
7392,ATT011489,(entire row),duplicate_row,remove (keep first)
7393,ATT007093,presenting_complaint,inconsistent_text_format,"fix (trim spaces, standardise case)"
7396,ATT018488,triage_category,invalid_triage_code,reject
7399,ATT004090,(entire row),duplicate_row,remove (keep first)
7399,ATT004090,"arrival_time, departure_time",mixed_date_format,fix (parse into one timestamp format)
7406,ATT010157,(entire row),duplicate_row,remove (keep first)
7407,ATT012309,presenting_complaint,inconsistent_text_format,"fix (trim spaces, standardise case)"
7408,ATT015131,presenting_complaint,inconsistent_text_format,"fix (trim spaces, standardise case)"
7408,ATT015131,"arrival_time, departure_time",mixed_date_format,fix (parse into one timestamp format)
7410,ATT010467,departure_time,departure_before_arrival,reject
7411,ATT018739,"arrival_time, departure_time",mixed_date_format,fix (parse into one timestamp format)
7424,ATT006322,presenting_complaint,inconsistent_text_format,"fix (trim spaces, standardise case)"
7428,ATT001741,disposition,inconsistent_text_format,"fix (trim spaces, standardise case)"
7428,ATT001741,"arrival_time, departure_time",mixed_date_format,fix (parse into one timestamp format)
7434,ATT015287,departure_time,missing_departure_time,reject
7435,ATT009067,"arrival_time, departure_time",mixed_date_format,fix (parse into one timestamp format)
7436,ATT005963,departure_time,missing_departure_time,reject
7436,ATT005963,"arrival_time, departure_time",mixed_date_format,fix (parse into one timestamp format)
7437,ATT012863,"arrival_time, departure_time",mixed_date_format,fix (parse into one timestamp format)
7439,ATT001346,departure_time,missing_departure_time,reject
7439,ATT001346,"arrival_time, departure_time",mixed_date_format,fix (parse into one timestamp format)
7443,ATT017781,presenting_complaint,inconsistent_text_format,"fix (trim spaces, standardise case)"
7445,ATT016888,"arrival_time, departure_time",mixed_date_format,fix (parse into one timestamp format)
7451,ATT014845,presenting_complaint,inconsistent_text_format,"fix (trim spaces, standardise case)"
7451,ATT014845,"arrival_time, departure_time",mixed_date_format,fix (parse into one timestamp format)
7453,ATT018701,presenting_complaint,inconsistent_text_format,"fix (trim spaces, standardise case)"
7454,ATT013604,presenting_complaint,inconsistent_text_format,"fix (trim spaces, standardise case)"
7460,ATT018523,gp_practice_code,gp_code_lowercase,fix (upper-case)
7461,ATT003452,disposition,inconsistent_text_format,"fix (trim spaces, standardise case)"
7462,ATT016137,(entire row),duplicate_row,remove (keep first)
7463,ATT013589,presenting_complaint,inconsistent_text_format,"fix (trim spaces, standardise case)"
7464,ATT010072,gp_practice_code,missing_gp_code,set to NULL and flag
7464,ATT010072,"arrival_time, departure_time",mixed_date_format,fix (parse into one timestamp format)
7465,ATT001818,triage_category,invalid_triage_code,reject
7466,ATT018986,"arrival_time, departure_time",mixed_date_format,fix (parse into one timestamp format)
7469,ATT008899,"arrival_time, departure_time",mixed_date_format,fix (parse into one timestamp format)
7470,ATT007511,presenting_complaint,inconsistent_text_format,"fix (trim spaces, standardise case)"
7471,ATT005313,gp_practice_code,missing_gp_code,set to NULL and flag
7473,ATT019168,"arrival_time, departure_time",mixed_date_format,fix (parse into one timestamp format)
7474,ATT011669,presenting_complaint,inconsistent_text_format,"fix (trim spaces, standardise case)"
7474,ATT011669,"arrival_time, departure_time",mixed_date_format,fix (parse into one timestamp format)
7476,ATT010258,disposition,inconsistent_text_format,"fix (trim spaces, standardise case)"
7479,ATT008320,disposition,inconsistent_text_format,"fix (trim spaces, standardise case)"
7480,ATT015246,presenting_complaint,missing_presenting_complaint,fill with 'Unknown'
7481,ATT017319,"arrival_time, departure_time",mixed_date_format,fix (parse into one timestamp format)
7482,ATT006823,presenting_complaint,inconsistent_text_format,"fix (trim spaces, standardise case)"
7483,ATT000634,presenting_complaint,inconsistent_text_format,"fix (trim spaces, standardise case)"
7485,ATT001924,presenting_complaint,inconsistent_text_format,"fix (trim spaces, standardise case)"
7485,ATT001924,triage_category,invalid_triage_code,reject
7485,ATT001924,"arrival_time, departure_time",mixed_date_format,fix (parse into one timestamp format)
7487,ATT014077,gp_practice_code,missing_gp_code,set to NULL and flag
7490,ATT003133,presenting_complaint,inconsistent_text_format,"fix (trim spaces, standardise case)"
7497,ATT019022,presenting_complaint,missing_presenting_complaint,fill with 'Unknown'
7500,ATT004715,disposition,inconsistent_text_format,"fix (trim spaces, standardise case)"
7503,ATT010821,presenting_complaint,inconsistent_text_format,"fix (trim spaces, standardise case)"
7504,ATT006805,disposition,inconsistent_text_format,"fix (trim spaces, standardise case)"
7506,ATT016271,"arrival_time, departure_time",mixed_date_format,fix (parse into one timestamp format)
7511,ATT019620,disposition,inconsistent_text_format,"fix (trim spaces, standardise case)"
7516,ATT018391,disposition,inconsistent_text_format,"fix (trim spaces, standardise case)"
7518,ATT011251,departure_time,departure_before_arrival,reject
7519,ATT000408,presenting_complaint,inconsistent_text_format,"fix (trim spaces, standardise case)"
7520,ATT010203,"arrival_time, departure_time",mixed_date_format,fix (parse into one timestamp format)
7524,ATT001624,"arrival_time, departure_time",mixed_date_format,fix (parse into one timestamp format)
7526,ATT009162,"arrival_time, departure_time",mixed_date_format,fix (parse into one timestamp format)
7528,ATT006357,disposition,inconsistent_text_format,"fix (trim spaces, standardise case)"
7531,ATT002883,gp_practice_code,missing_gp_code,set to NULL and flag
7533,ATT013006,departure_time,missing_departure_time,reject
7536,ATT017842,"arrival_time, departure_time",mixed_date_format,fix (parse into one timestamp format)
7537,ATT012223,presenting_complaint,inconsistent_text_format,"fix (trim spaces, standardise case)"
7538,ATT014586,"arrival_time, departure_time",mixed_date_format,fix (parse into one timestamp format)
7539,ATT005406,gp_practice_code,missing_gp_code,set to NULL and flag
7543,ATT001386,gp_practice_code,missing_gp_code,set to NULL and flag
7544,ATT005172,"arrival_time, departure_time",mixed_date_format,fix (parse into one timestamp format)
7546,ATT000684,departure_time,extreme_length_of_stay,reject
7547,ATT017117,gp_practice_code,gp_code_lowercase,fix (upper-case)
7548,ATT017668,presenting_complaint,inconsistent_text_format,"fix (trim spaces, standardise case)"
7548,ATT017668,gp_practice_code,missing_gp_code,set to NULL and flag
7550,ATT018283,disposition,inconsistent_text_format,"fix (trim spaces, standardise case)"
7555,ATT007361,disposition,inconsistent_text_format,"fix (trim spaces, standardise case)"
7557,ATT014322,disposition,inconsistent_text_format,"fix (trim spaces, standardise case)"
7558,ATT001498,"arrival_time, departure_time",mixed_date_format,fix (parse into one timestamp format)
7560,ATT000801,disposition,inconsistent_text_format,"fix (trim spaces, standardise case)"
7562,ATT000748,disposition,inconsistent_text_format,"fix (trim spaces, standardise case)"
7565,ATT005982,"arrival_time, departure_time",mixed_date_format,fix (parse into one timestamp format)
7569,ATT003057,presenting_complaint,inconsistent_text_format,"fix (trim spaces, standardise case)"
7571,ATT011519,disposition,inconsistent_text_format,"fix (trim spaces, standardise case)"
7571,ATT011519,triage_category,triage_decimal_format,fix (3.0 -> 3)
7574,ATT007509,departure_time,departure_before_arrival,reject
7576,ATT003690,presenting_complaint,inconsistent_text_format,"fix (trim spaces, standardise case)"
7578,ATT001492,"arrival_time, departure_time",mixed_date_format,fix (parse into one timestamp format)
7581,ATT008659,presenting_complaint,inconsistent_text_format,"fix (trim spaces, standardise case)"
7581,ATT008659,gp_practice_code,missing_gp_code,set to NULL and flag
7587,ATT010050,"arrival_time, departure_time",mixed_date_format,fix (parse into one timestamp format)
7588,ATT000963,"arrival_time, departure_time",mixed_date_format,fix (parse into one timestamp format)
7589,ATT003137,departure_time,missing_departure_time,reject
7594,ATT014194,disposition,inconsistent_text_format,"fix (trim spaces, standardise case)"
7595,ATT012508,presenting_complaint,inconsistent_text_format,"fix (trim spaces, standardise case)"
7604,ATT007696,disposition,inconsistent_text_format,"fix (trim spaces, standardise case)"
7604,ATT007696,triage_category,invalid_triage_code,reject
7613,ATT000777,disposition,inconsistent_text_format,"fix (trim spaces, standardise case)"
7613,ATT000777,gp_practice_code,missing_gp_code,set to NULL and flag
7617,ATT004683,presenting_complaint,inconsistent_text_format,"fix (trim spaces, standardise case)"
7617,ATT004683,gp_practice_code,missing_gp_code,set to NULL and flag
7619,ATT003361,gp_practice_code,missing_gp_code,set to NULL and flag
7623,ATT004765,disposition,inconsistent_text_format,"fix (trim spaces, standardise case)"
7625,ATT018412,presenting_complaint,inconsistent_text_format,"fix (trim spaces, standardise case)"
7630,ATT013505,departure_time,departure_before_arrival,reject
7631,ATT000825,"arrival_time, departure_time",mixed_date_format,fix (parse into one timestamp format)
7632,ATT014991,gp_practice_code,missing_gp_code,set to NULL and flag
7635,ATT011904,disposition,inconsistent_text_format,"fix (trim spaces, standardise case)"
7638,ATT004956,presenting_complaint,inconsistent_text_format,"fix (trim spaces, standardise case)"
7641,ATT006134,presenting_complaint,inconsistent_text_format,"fix (trim spaces, standardise case)"
7641,ATT006134,"arrival_time, departure_time",mixed_date_format,fix (parse into one timestamp format)
7645,ATT008286,presenting_complaint,inconsistent_text_format,"fix (trim spaces, standardise case)"
7648,ATT001514,"arrival_time, departure_time",mixed_date_format,fix (parse into one timestamp format)
7650,ATT008296,presenting_complaint,inconsistent_text_format,"fix (trim spaces, standardise case)"
7652,ATT006609,presenting_complaint,missing_presenting_complaint,fill with 'Unknown'
7652,ATT006609,"arrival_time, departure_time",mixed_date_format,fix (parse into one timestamp format)
7655,ATT019378,presenting_complaint,inconsistent_text_format,"fix (trim spaces, standardise case)"
7658,ATT013216,"arrival_time, departure_time",mixed_date_format,fix (parse into one timestamp format)
7660,ATT014379,disposition,inconsistent_text_format,"fix (trim spaces, standardise case)"
7660,ATT014379,gp_practice_code,malformed_gp_code,set to NULL and flag
7661,ATT001745,disposition,inconsistent_text_format,"fix (trim spaces, standardise case)"
7661,ATT001745,gp_practice_code,missing_gp_code,set to NULL and flag
7661,ATT001745,"arrival_time, departure_time",mixed_date_format,fix (parse into one timestamp format)
7664,ATT013406,"arrival_time, departure_time",mixed_date_format,fix (parse into one timestamp format)
7669,ATT013072,disposition,inconsistent_text_format,"fix (trim spaces, standardise case)"
7669,ATT013072,"arrival_time, departure_time",mixed_date_format,fix (parse into one timestamp format)
7671,ATT014508,disposition,inconsistent_text_format,"fix (trim spaces, standardise case)"
7674,ATT013684,arrival_time,future_dated_attendance,reject
7676,ATT010805,"arrival_time, departure_time",mixed_date_format,fix (parse into one timestamp format)
7677,ATT003281,disposition,inconsistent_text_format,"fix (trim spaces, standardise case)"
7678,ATT018403,gp_practice_code,missing_gp_code,set to NULL and flag
7680,ATT011618,"arrival_time, departure_time",mixed_date_format,fix (parse into one timestamp format)
7684,ATT019585,disposition,inconsistent_text_format,"fix (trim spaces, standardise case)"
7685,ATT009062,"arrival_time, departure_time",mixed_date_format,fix (parse into one timestamp format)
7688,ATT010290,presenting_complaint,inconsistent_text_format,"fix (trim spaces, standardise case)"
7689,ATT015460,presenting_complaint,inconsistent_text_format,"fix (trim spaces, standardise case)"
7689,ATT015460,disposition,inconsistent_text_format,"fix (trim spaces, standardise case)"
7692,ATT010688,presenting_complaint,inconsistent_text_format,"fix (trim spaces, standardise case)"
7693,ATT003525,presenting_complaint,inconsistent_text_format,"fix (trim spaces, standardise case)"
7694,ATT008630,pseudo_patient_id,missing_patient_id,reject
7695,ATT014631,disposition,inconsistent_text_format,"fix (trim spaces, standardise case)"
7701,ATT005080,disposition,inconsistent_text_format,"fix (trim spaces, standardise case)"
7704,ATT004964,disposition,inconsistent_text_format,"fix (trim spaces, standardise case)"
7706,ATT001845,disposition,inconsistent_text_format,"fix (trim spaces, standardise case)"
7711,ATT014104,(entire row),duplicate_row,remove (keep first)
7719,ATT018218,"arrival_time, departure_time",mixed_date_format,fix (parse into one timestamp format)
7720,ATT017947,gp_practice_code,malformed_gp_code,set to NULL and flag
7720,ATT017947,"arrival_time, departure_time",mixed_date_format,fix (parse into one timestamp format)
7721,ATT007320,presenting_complaint,inconsistent_text_format,"fix (trim spaces, standardise case)"
7724,ATT004474,presenting_complaint,inconsistent_text_format,"fix (trim spaces, standardise case)"
7724,ATT004474,disposition,inconsistent_text_format,"fix (trim spaces, standardise case)"
7725,ATT003373,gp_practice_code,malformed_gp_code,set to NULL and flag
7727,ATT006409,arrival_time,missing_arrival_time,reject
7729,ATT003635,"arrival_time, departure_time",mixed_date_format,fix (parse into one timestamp format)
7730,ATT004575,(entire row),duplicate_row,remove (keep first)
7731,ATT014049,"arrival_time, departure_time",mixed_date_format,fix (parse into one timestamp format)
7732,ATT007557,disposition,missing_disposition,fill with 'Unknown'
7735,ATT005350,disposition,inconsistent_text_format,"fix (trim spaces, standardise case)"
7739,ATT003518,triage_category,invalid_triage_code,reject
7744,ATT010902,presenting_complaint,inconsistent_text_format,"fix (trim spaces, standardise case)"
7747,ATT004605,presenting_complaint,inconsistent_text_format,"fix (trim spaces, standardise case)"
7747,ATT004605,disposition,inconsistent_text_format,"fix (trim spaces, standardise case)"
7753,ATT000521,"arrival_time, departure_time",mixed_date_format,fix (parse into one timestamp format)
7755,ATT018151,presenting_complaint,inconsistent_text_format,"fix (trim spaces, standardise case)"
7757,ATT008916,"arrival_time, departure_time",mixed_date_format,fix (parse into one timestamp format)
7760,ATT004644,presenting_complaint,inconsistent_text_format,"fix (trim spaces, standardise case)"
7761,ATT005525,disposition,missing_disposition,fill with 'Unknown'
7765,ATT010374,gp_practice_code,missing_gp_code,set to NULL and flag
7770,ATT006175,disposition,missing_disposition,fill with 'Unknown'
7771,ATT005529,presenting_complaint,inconsistent_text_format,"fix (trim spaces, standardise case)"
7775,ATT001980,presenting_complaint,inconsistent_text_format,"fix (trim spaces, standardise case)"
7775,ATT001980,gp_practice_code,missing_gp_code,set to NULL and flag
7784,ATT016883,disposition,inconsistent_text_format,"fix (trim spaces, standardise case)"
7789,ATT002202,"arrival_time, departure_time",mixed_date_format,fix (parse into one timestamp format)
7790,ATT008318,presenting_complaint,inconsistent_text_format,"fix (trim spaces, standardise case)"
7791,ATT007785,disposition,missing_disposition,fill with 'Unknown'
7792,ATT001580,disposition,inconsistent_text_format,"fix (trim spaces, standardise case)"
7793,ATT004399,gp_practice_code,malformed_gp_code,set to NULL and flag
7795,ATT015886,gp_practice_code,missing_gp_code,set to NULL and flag
7798,ATT016969,"arrival_time, departure_time",mixed_date_format,fix (parse into one timestamp format)
7800,ATT009200,presenting_complaint,inconsistent_text_format,"fix (trim spaces, standardise case)"
7800,ATT009200,arrival_time,missing_arrival_time,reject
7802,ATT013535,presenting_complaint,inconsistent_text_format,"fix (trim spaces, standardise case)"
7803,ATT015510,presenting_complaint,inconsistent_text_format,"fix (trim spaces, standardise case)"
7805,ATT017833,gp_practice_code,malformed_gp_code,set to NULL and flag
7806,ATT007542,presenting_complaint,inconsistent_text_format,"fix (trim spaces, standardise case)"
7808,ATT016000,gp_practice_code,missing_gp_code,set to NULL and flag
7810,ATT010981,"arrival_time, departure_time",mixed_date_format,fix (parse into one timestamp format)
7813,ATT006865,presenting_complaint,inconsistent_text_format,"fix (trim spaces, standardise case)"
7815,ATT005067,presenting_complaint,inconsistent_text_format,"fix (trim spaces, standardise case)"
7817,ATT008352,triage_category,triage_decimal_format,fix (3.0 -> 3)
7819,ATT011067,presenting_complaint,inconsistent_text_format,"fix (trim spaces, standardise case)"
7819,ATT011067,disposition,inconsistent_text_format,"fix (trim spaces, standardise case)"
7822,ATT000389,"arrival_time, departure_time",mixed_date_format,fix (parse into one timestamp format)
7824,ATT018271,"arrival_time, departure_time",mixed_date_format,fix (parse into one timestamp format)
7826,ATT012828,disposition,inconsistent_text_format,"fix (trim spaces, standardise case)"
7826,ATT012828,gp_practice_code,missing_gp_code,set to NULL and flag
7828,ATT010114,presenting_complaint,inconsistent_text_format,"fix (trim spaces, standardise case)"
7837,ATT006626,"arrival_time, departure_time",mixed_date_format,fix (parse into one timestamp format)
7838,ATT006087,"arrival_time, departure_time",mixed_date_format,fix (parse into one timestamp format)
7840,ATT007301,gp_practice_code,missing_gp_code,set to NULL and flag
7844,ATT000606,"arrival_time, departure_time",mixed_date_format,fix (parse into one timestamp format)
7846,ATT010302,gp_practice_code,malformed_gp_code,set to NULL and flag
7847,ATT008205,presenting_complaint,inconsistent_text_format,"fix (trim spaces, standardise case)"
7848,ATT006413,"arrival_time, departure_time",mixed_date_format,fix (parse into one timestamp format)
7849,ATT015557,"arrival_time, departure_time",mixed_date_format,fix (parse into one timestamp format)
7852,ATT005767,disposition,inconsistent_text_format,"fix (trim spaces, standardise case)"
7852,ATT005767,"arrival_time, departure_time",mixed_date_format,fix (parse into one timestamp format)
7853,ATT003050,disposition,inconsistent_text_format,"fix (trim spaces, standardise case)"
7853,ATT003050,"arrival_time, departure_time",mixed_date_format,fix (parse into one timestamp format)
7854,ATT007729,disposition,inconsistent_text_format,"fix (trim spaces, standardise case)"
7855,ATT003953,(entire row),duplicate_row,remove (keep first)
7855,ATT003953,presenting_complaint,inconsistent_text_format,"fix (trim spaces, standardise case)"
7857,ATT000310,disposition,inconsistent_text_format,"fix (trim spaces, standardise case)"
7858,ATT005465,disposition,inconsistent_text_format,"fix (trim spaces, standardise case)"
7858,ATT005465,"arrival_time, departure_time",mixed_date_format,fix (parse into one timestamp format)
7860,ATT001254,"arrival_time, departure_time",mixed_date_format,fix (parse into one timestamp format)
7863,ATT005988,departure_time,departure_before_arrival,reject
7866,ATT008442,presenting_complaint,inconsistent_text_format,"fix (trim spaces, standardise case)"
7867,ATT002518,gp_practice_code,malformed_gp_code,set to NULL and flag
7867,ATT002518,"arrival_time, departure_time",mixed_date_format,fix (parse into one timestamp format)
7868,ATT013934,departure_time,departure_before_arrival,reject
7869,ATT011851,(entire row),duplicate_row,remove (keep first)
7869,ATT011851,"arrival_time, departure_time",mixed_date_format,fix (parse into one timestamp format)
7870,ATT015485,gp_practice_code,missing_gp_code,set to NULL and flag
7872,ATT000703,departure_time,missing_departure_time,reject
7872,ATT000703,"arrival_time, departure_time",mixed_date_format,fix (parse into one timestamp format)
7873,ATT001948,"arrival_time, departure_time",mixed_date_format,fix (parse into one timestamp format)
7875,ATT003675,disposition,inconsistent_text_format,"fix (trim spaces, standardise case)"
7877,ATT006570,"arrival_time, departure_time",mixed_date_format,fix (parse into one timestamp format)
7878,ATT008139,presenting_complaint,inconsistent_text_format,"fix (trim spaces, standardise case)"
7878,ATT008139,"arrival_time, departure_time",mixed_date_format,fix (parse into one timestamp format)
7879,ATT013973,presenting_complaint,inconsistent_text_format,"fix (trim spaces, standardise case)"
7880,ATT014932,disposition,inconsistent_text_format,"fix (trim spaces, standardise case)"
7880,ATT014932,triage_category,triage_decimal_format,fix (3.0 -> 3)
7882,ATT010878,disposition,inconsistent_text_format,"fix (trim spaces, standardise case)"
7883,ATT001905,presenting_complaint,inconsistent_text_format,"fix (trim spaces, standardise case)"
7883,ATT001905,"arrival_time, departure_time",mixed_date_format,fix (parse into one timestamp format)
7885,ATT000638,gp_practice_code,gp_code_lowercase,fix (upper-case)
7885,ATT000638,presenting_complaint,inconsistent_text_format,"fix (trim spaces, standardise case)"
7890,ATT006747,"arrival_time, departure_time",mixed_date_format,fix (parse into one timestamp format)
7892,ATT019222,presenting_complaint,inconsistent_text_format,"fix (trim spaces, standardise case)"
7901,ATT005613,"arrival_time, departure_time",mixed_date_format,fix (parse into one timestamp format)
7902,ATT010167,disposition,missing_disposition,fill with 'Unknown'
7904,ATT007880,disposition,inconsistent_text_format,"fix (trim spaces, standardise case)"
7905,ATT016659,presenting_complaint,inconsistent_text_format,"fix (trim spaces, standardise case)"
7905,ATT016659,gp_practice_code,missing_gp_code,set to NULL and flag
7908,ATT019470,presenting_complaint,inconsistent_text_format,"fix (trim spaces, standardise case)"
7909,ATT007879,gp_practice_code,missing_gp_code,set to NULL and flag
7915,ATT012830,gp_practice_code,missing_gp_code,set to NULL and flag
7917,ATT001892,"arrival_time, departure_time",mixed_date_format,fix (parse into one timestamp format)
7919,ATT010661,disposition,inconsistent_text_format,"fix (trim spaces, standardise case)"
7919,ATT010661,"arrival_time, departure_time",mixed_date_format,fix (parse into one timestamp format)
7920,ATT002011,gp_practice_code,missing_gp_code,set to NULL and flag
7923,ATT015829,gp_practice_code,malformed_gp_code,set to NULL and flag
7928,ATT005965,disposition,inconsistent_text_format,"fix (trim spaces, standardise case)"
7932,ATT019214,presenting_complaint,inconsistent_text_format,"fix (trim spaces, standardise case)"
7934,ATT003760,presenting_complaint,inconsistent_text_format,"fix (trim spaces, standardise case)"
7935,ATT004192,"arrival_time, departure_time",mixed_date_format,fix (parse into one timestamp format)
7937,ATT006048,presenting_complaint,inconsistent_text_format,"fix (trim spaces, standardise case)"
7938,ATT007115,presenting_complaint,inconsistent_text_format,"fix (trim spaces, standardise case)"
7938,ATT007115,"arrival_time, departure_time",mixed_date_format,fix (parse into one timestamp format)
7940,ATT017867,gp_practice_code,missing_gp_code,set to NULL and flag
7941,ATT012431,disposition,inconsistent_text_format,"fix (trim spaces, standardise case)"
7946,ATT010478,presenting_complaint,inconsistent_text_format,"fix (trim spaces, standardise case)"
7948,ATT002854,"arrival_time, departure_time",mixed_date_format,fix (parse into one timestamp format)
7954,ATT000945,gp_practice_code,missing_gp_code,set to NULL and flag
7955,ATT008592,gp_practice_code,missing_gp_code,set to NULL and flag
7956,ATT012790,disposition,inconsistent_text_format,"fix (trim spaces, standardise case)"
7956,ATT012790,presenting_complaint,missing_presenting_complaint,fill with 'Unknown'
7956,ATT012790,"arrival_time, departure_time",mixed_date_format,fix (parse into one timestamp format)
7958,ATT008728,disposition,inconsistent_text_format,"fix (trim spaces, standardise case)"
7959,ATT016338,disposition,inconsistent_text_format,"fix (trim spaces, standardise case)"
7962,ATT019930,presenting_complaint,inconsistent_text_format,"fix (trim spaces, standardise case)"
7962,ATT019930,disposition,inconsistent_text_format,"fix (trim spaces, standardise case)"
7963,ATT001589,"arrival_time, departure_time",mixed_date_format,fix (parse into one timestamp format)
7970,ATT010611,presenting_complaint,inconsistent_text_format,"fix (trim spaces, standardise case)"
7972,ATT009614,"arrival_time, departure_time",mixed_date_format,fix (parse into one timestamp format)
7973,ATT013877,"arrival_time, departure_time",mixed_date_format,fix (parse into one timestamp format)
7974,ATT008949,"arrival_time, departure_time",mixed_date_format,fix (parse into one timestamp format)
7975,ATT013471,departure_time,missing_departure_time,reject
7976,ATT010457,"arrival_time, departure_time",mixed_date_format,fix (parse into one timestamp format)
7979,ATT004708,disposition,inconsistent_text_format,"fix (trim spaces, standardise case)"
7981,ATT009333,disposition,inconsistent_text_format,"fix (trim spaces, standardise case)"
7981,ATT009333,"arrival_time, departure_time",mixed_date_format,fix (parse into one timestamp format)
7982,ATT011586,presenting_complaint,missing_presenting_complaint,fill with 'Unknown'
7985,ATT018732,"arrival_time, departure_time",mixed_date_format,fix (parse into one timestamp format)
7988,ATT017475,"arrival_time, departure_time",mixed_date_format,fix (parse into one timestamp format)
7990,ATT002616,"arrival_time, departure_time",mixed_date_format,fix (parse into one timestamp format)
7994,ATT014593,disposition,inconsistent_text_format,"fix (trim spaces, standardise case)"
7994,ATT014593,gp_practice_code,missing_gp_code,set to NULL and flag
7995,ATT002946,gp_practice_code,missing_gp_code,set to NULL and flag
7997,ATT013978,pseudo_patient_id,missing_patient_id,reject
7998,ATT011355,gp_practice_code,missing_gp_code,set to NULL and flag
7999,ATT014616,presenting_complaint,missing_presenting_complaint,fill with 'Unknown'
8001,ATT005861,presenting_complaint,inconsistent_text_format,"fix (trim spaces, standardise case)"
8004,ATT015383,gp_practice_code,missing_gp_code,set to NULL and flag
8005,ATT015096,"arrival_time, departure_time",mixed_date_format,fix (parse into one timestamp format)
8006,ATT019947,disposition,inconsistent_text_format,"fix (trim spaces, standardise case)"
8010,ATT003695,(entire row),duplicate_row,remove (keep first)
8011,ATT017682,presenting_complaint,inconsistent_text_format,"fix (trim spaces, standardise case)"
8015,ATT011730,disposition,inconsistent_text_format,"fix (trim spaces, standardise case)"
8015,ATT011730,gp_practice_code,missing_gp_code,set to NULL and flag
8021,ATT008257,"arrival_time, departure_time",mixed_date_format,fix (parse into one timestamp format)
8022,ATT011751,presenting_complaint,inconsistent_text_format,"fix (trim spaces, standardise case)"
8023,ATT006019,"arrival_time, departure_time",mixed_date_format,fix (parse into one timestamp format)
8025,ATT001029,presenting_complaint,inconsistent_text_format,"fix (trim spaces, standardise case)"
8028,ATT003926,presenting_complaint,inconsistent_text_format,"fix (trim spaces, standardise case)"
8028,ATT003926,triage_category,invalid_triage_code,reject
8028,ATT003926,"arrival_time, departure_time",mixed_date_format,fix (parse into one timestamp format)
8031,ATT000820,"arrival_time, departure_time",mixed_date_format,fix (parse into one timestamp format)
8032,ATT000539,presenting_complaint,inconsistent_text_format,"fix (trim spaces, standardise case)"
8032,ATT000539,gp_practice_code,missing_gp_code,set to NULL and flag
8032,ATT000539,"arrival_time, departure_time",mixed_date_format,fix (parse into one timestamp format)
8036,ATT001361,disposition,inconsistent_text_format,"fix (trim spaces, standardise case)"
8040,ATT015013,presenting_complaint,inconsistent_text_format,"fix (trim spaces, standardise case)"
8042,ATT015327,disposition,inconsistent_text_format,"fix (trim spaces, standardise case)"
8042,ATT015327,"arrival_time, departure_time",mixed_date_format,fix (parse into one timestamp format)
8050,ATT011063,gp_practice_code,missing_gp_code,set to NULL and flag
8051,ATT013009,presenting_complaint,inconsistent_text_format,"fix (trim spaces, standardise case)"
8052,ATT013981,disposition,missing_disposition,fill with 'Unknown'
8057,ATT002370,presenting_complaint,inconsistent_text_format,"fix (trim spaces, standardise case)"
8061,ATT015929,"arrival_time, departure_time",mixed_date_format,fix (parse into one timestamp format)
8062,ATT012716,"arrival_time, departure_time",mixed_date_format,fix (parse into one timestamp format)
8064,ATT002632,presenting_complaint,inconsistent_text_format,"fix (trim spaces, standardise case)"
8065,ATT014255,triage_category,invalid_triage_code,reject
8068,ATT007327,"arrival_time, departure_time",mixed_date_format,fix (parse into one timestamp format)
8070,ATT013206,presenting_complaint,inconsistent_text_format,"fix (trim spaces, standardise case)"
8071,ATT009433,triage_category,invalid_triage_code,reject
8076,ATT001766,disposition,inconsistent_text_format,"fix (trim spaces, standardise case)"
8076,ATT001766,"arrival_time, departure_time",mixed_date_format,fix (parse into one timestamp format)
8077,ATT016043,gp_practice_code,malformed_gp_code,set to NULL and flag
8078,ATT007677,arrival_time,missing_arrival_time,reject
8078,ATT007677,"arrival_time, departure_time",mixed_date_format,fix (parse into one timestamp format)
8079,ATT010075,"arrival_time, departure_time",mixed_date_format,fix (parse into one timestamp format)
8081,ATT016304,presenting_complaint,inconsistent_text_format,"fix (trim spaces, standardise case)"
8081,ATT016304,gp_practice_code,missing_gp_code,set to NULL and flag
8081,ATT016304,"arrival_time, departure_time",mixed_date_format,fix (parse into one timestamp format)
8082,ATT009424,"arrival_time, departure_time",mixed_date_format,fix (parse into one timestamp format)
8084,ATT017884,presenting_complaint,inconsistent_text_format,"fix (trim spaces, standardise case)"
8085,ATT018027,"arrival_time, departure_time",mixed_date_format,fix (parse into one timestamp format)
8088,ATT001198,departure_time,departure_before_arrival,reject
8090,ATT014091,presenting_complaint,inconsistent_text_format,"fix (trim spaces, standardise case)"
8090,ATT014091,triage_category,invalid_triage_code,reject
8094,ATT007722,pseudo_patient_id,missing_patient_id,reject
8095,ATT017892,triage_category,triage_decimal_format,fix (3.0 -> 3)
8101,ATT010816,"arrival_time, departure_time",mixed_date_format,fix (parse into one timestamp format)
8103,ATT007216,departure_time,departure_before_arrival,reject
8103,ATT007216,"arrival_time, departure_time",mixed_date_format,fix (parse into one timestamp format)
8106,ATT014338,presenting_complaint,inconsistent_text_format,"fix (trim spaces, standardise case)"
8106,ATT014338,departure_time,missing_departure_time,reject
8107,ATT015012,gp_practice_code,malformed_gp_code,set to NULL and flag
8109,ATT002532,presenting_complaint,inconsistent_text_format,"fix (trim spaces, standardise case)"
8111,ATT011518,"arrival_time, departure_time",mixed_date_format,fix (parse into one timestamp format)
8113,ATT004004,presenting_complaint,inconsistent_text_format,"fix (trim spaces, standardise case)"
8118,ATT002020,departure_time,departure_before_arrival,reject
8119,ATT019765,"arrival_time, departure_time",mixed_date_format,fix (parse into one timestamp format)
8120,ATT009021,"arrival_time, departure_time",mixed_date_format,fix (parse into one timestamp format)
8123,ATT017703,presenting_complaint,inconsistent_text_format,"fix (trim spaces, standardise case)"
8123,ATT017703,"arrival_time, departure_time",mixed_date_format,fix (parse into one timestamp format)
8125,ATT004112,"arrival_time, departure_time",mixed_date_format,fix (parse into one timestamp format)
8126,ATT018813,"arrival_time, departure_time",mixed_date_format,fix (parse into one timestamp format)
8129,ATT008837,"arrival_time, departure_time",mixed_date_format,fix (parse into one timestamp format)
8134,ATT007488,presenting_complaint,inconsistent_text_format,"fix (trim spaces, standardise case)"
8136,ATT017122,presenting_complaint,inconsistent_text_format,"fix (trim spaces, standardise case)"
8138,ATT002571,"arrival_time, departure_time",mixed_date_format,fix (parse into one timestamp format)
8141,ATT015795,disposition,inconsistent_text_format,"fix (trim spaces, standardise case)"
8146,ATT014963,disposition,inconsistent_text_format,"fix (trim spaces, standardise case)"
8148,ATT019589,presenting_complaint,inconsistent_text_format,"fix (trim spaces, standardise case)"
8148,ATT019589,"arrival_time, departure_time",mixed_date_format,fix (parse into one timestamp format)
8150,ATT019840,"arrival_time, departure_time",mixed_date_format,fix (parse into one timestamp format)
8152,ATT013044,disposition,inconsistent_text_format,"fix (trim spaces, standardise case)"
8155,ATT018460,presenting_complaint,inconsistent_text_format,"fix (trim spaces, standardise case)"
8156,ATT007763,gp_practice_code,malformed_gp_code,set to NULL and flag
8157,ATT007718,gp_practice_code,gp_code_lowercase,fix (upper-case)
8158,ATT003284,"arrival_time, departure_time",mixed_date_format,fix (parse into one timestamp format)
8160,ATT001139,"arrival_time, departure_time",mixed_date_format,fix (parse into one timestamp format)
8163,ATT014047,"arrival_time, departure_time",mixed_date_format,fix (parse into one timestamp format)
8164,ATT011807,disposition,inconsistent_text_format,"fix (trim spaces, standardise case)"
8164,ATT011807,"arrival_time, departure_time",mixed_date_format,fix (parse into one timestamp format)
8170,ATT012762,disposition,inconsistent_text_format,"fix (trim spaces, standardise case)"
8172,ATT009358,presenting_complaint,inconsistent_text_format,"fix (trim spaces, standardise case)"
8176,ATT009673,"arrival_time, departure_time",mixed_date_format,fix (parse into one timestamp format)
8184,ATT001238,gp_practice_code,missing_gp_code,set to NULL and flag
8186,ATT019903,presenting_complaint,inconsistent_text_format,"fix (trim spaces, standardise case)"
8192,ATT017468,arrival_time,future_dated_attendance,reject
8193,ATT014003,presenting_complaint,inconsistent_text_format,"fix (trim spaces, standardise case)"
8193,ATT014003,"arrival_time, departure_time",mixed_date_format,fix (parse into one timestamp format)
8197,ATT012165,departure_time,departure_before_arrival,reject
8199,ATT016109,departure_time,departure_before_arrival,reject
8200,ATT008886,presenting_complaint,inconsistent_text_format,"fix (trim spaces, standardise case)"
8203,ATT006300,disposition,inconsistent_text_format,"fix (trim spaces, standardise case)"
8203,ATT006300,"arrival_time, departure_time",mixed_date_format,fix (parse into one timestamp format)
8204,ATT017222,presenting_complaint,inconsistent_text_format,"fix (trim spaces, standardise case)"
8206,ATT006506,presenting_complaint,inconsistent_text_format,"fix (trim spaces, standardise case)"
8207,ATT019611,disposition,inconsistent_text_format,"fix (trim spaces, standardise case)"
8207,ATT019611,"arrival_time, departure_time",mixed_date_format,fix (parse into one timestamp format)
8208,ATT016152,"arrival_time, departure_time",mixed_date_format,fix (parse into one timestamp format)
8211,ATT019665,"arrival_time, departure_time",mixed_date_format,fix (parse into one timestamp format)
8215,ATT008566,"arrival_time, departure_time",mixed_date_format,fix (parse into one timestamp format)
8216,ATT006340,gp_practice_code,missing_gp_code,set to NULL and flag
8221,ATT006995,presenting_complaint,inconsistent_text_format,"fix (trim spaces, standardise case)"
8223,ATT013021,"arrival_time, departure_time",mixed_date_format,fix (parse into one timestamp format)
8234,ATT010108,"arrival_time, departure_time",mixed_date_format,fix (parse into one timestamp format)
8235,ATT003470,presenting_complaint,inconsistent_text_format,"fix (trim spaces, standardise case)"
8239,ATT004065,"arrival_time, departure_time",mixed_date_format,fix (parse into one timestamp format)
8241,ATT001859,gp_practice_code,missing_gp_code,set to NULL and flag
8243,ATT006580,presenting_complaint,missing_presenting_complaint,fill with 'Unknown'
8250,ATT017754,"arrival_time, departure_time",mixed_date_format,fix (parse into one timestamp format)
8259,ATT016505,gp_practice_code,missing_gp_code,set to NULL and flag
8263,ATT005445,(entire row),duplicate_row,remove (keep first)
8265,ATT008772,disposition,missing_disposition,fill with 'Unknown'
8269,ATT005182,"arrival_time, departure_time",mixed_date_format,fix (parse into one timestamp format)
8270,ATT018086,pseudo_patient_id,missing_patient_id,reject
8273,ATT008879,"arrival_time, departure_time",mixed_date_format,fix (parse into one timestamp format)
8277,ATT010217,arrival_time,missing_arrival_time,reject
8278,ATT005162,departure_time,departure_before_arrival,reject
8279,ATT011766,"arrival_time, departure_time",mixed_date_format,fix (parse into one timestamp format)
8290,ATT006932,disposition,missing_disposition,fill with 'Unknown'
8292,ATT016766,presenting_complaint,inconsistent_text_format,"fix (trim spaces, standardise case)"
8292,ATT016766,gp_practice_code,missing_gp_code,set to NULL and flag
8294,ATT007143,gp_practice_code,gp_code_lowercase,fix (upper-case)
8296,ATT016126,departure_time,extreme_length_of_stay,reject
8298,ATT000533,presenting_complaint,missing_presenting_complaint,fill with 'Unknown'
8298,ATT000533,"arrival_time, departure_time",mixed_date_format,fix (parse into one timestamp format)
8300,ATT014790,disposition,inconsistent_text_format,"fix (trim spaces, standardise case)"
8301,ATT004677,"arrival_time, departure_time",mixed_date_format,fix (parse into one timestamp format)
8304,ATT002250,"arrival_time, departure_time",mixed_date_format,fix (parse into one timestamp format)
8305,ATT005480,gp_practice_code,gp_code_lowercase,fix (upper-case)
8307,ATT015985,disposition,inconsistent_text_format,"fix (trim spaces, standardise case)"
8308,ATT012566,"arrival_time, departure_time",mixed_date_format,fix (parse into one timestamp format)
8309,ATT001719,gp_practice_code,missing_gp_code,set to NULL and flag
8314,ATT018957,presenting_complaint,missing_presenting_complaint,fill with 'Unknown'
8316,ATT003339,"arrival_time, departure_time",mixed_date_format,fix (parse into one timestamp format)
8318,ATT019218,disposition,inconsistent_text_format,"fix (trim spaces, standardise case)"
8322,ATT016639,disposition,inconsistent_text_format,"fix (trim spaces, standardise case)"
8329,ATT002904,triage_category,triage_decimal_format,fix (3.0 -> 3)
8331,ATT008488,"arrival_time, departure_time",mixed_date_format,fix (parse into one timestamp format)
8333,ATT014990,"arrival_time, departure_time",mixed_date_format,fix (parse into one timestamp format)
8334,ATT010934,triage_category,triage_decimal_format,fix (3.0 -> 3)
8337,ATT011687,presenting_complaint,inconsistent_text_format,"fix (trim spaces, standardise case)"
8337,ATT011687,triage_category,invalid_triage_code,reject
8337,ATT011687,"arrival_time, departure_time",mixed_date_format,fix (parse into one timestamp format)
8338,ATT009135,disposition,inconsistent_text_format,"fix (trim spaces, standardise case)"
8340,ATT001657,"arrival_time, departure_time",mixed_date_format,fix (parse into one timestamp format)
8344,ATT011322,disposition,inconsistent_text_format,"fix (trim spaces, standardise case)"
8344,ATT011322,"arrival_time, departure_time",mixed_date_format,fix (parse into one timestamp format)
8346,ATT015345,gp_practice_code,missing_gp_code,set to NULL and flag
8347,ATT003882,presenting_complaint,inconsistent_text_format,"fix (trim spaces, standardise case)"
8347,ATT003882,departure_time,missing_departure_time,reject
8350,ATT014219,gp_practice_code,missing_gp_code,set to NULL and flag
8352,ATT007225,"arrival_time, departure_time",mixed_date_format,fix (parse into one timestamp format)
8355,ATT006105,disposition,inconsistent_text_format,"fix (trim spaces, standardise case)"
8355,ATT006105,"arrival_time, departure_time",mixed_date_format,fix (parse into one timestamp format)
8358,ATT008375,disposition,inconsistent_text_format,"fix (trim spaces, standardise case)"
8359,ATT003466,presenting_complaint,inconsistent_text_format,"fix (trim spaces, standardise case)"
8365,ATT011703,"arrival_time, departure_time",mixed_date_format,fix (parse into one timestamp format)
8375,ATT011215,departure_time,departure_before_arrival,reject
8375,ATT011215,presenting_complaint,inconsistent_text_format,"fix (trim spaces, standardise case)"
8380,ATT009026,presenting_complaint,missing_presenting_complaint,fill with 'Unknown'
8381,ATT002338,disposition,inconsistent_text_format,"fix (trim spaces, standardise case)"
8383,ATT003067,triage_category,invalid_triage_code,reject
8384,ATT011249,disposition,inconsistent_text_format,"fix (trim spaces, standardise case)"
8391,ATT000704,"arrival_time, departure_time",mixed_date_format,fix (parse into one timestamp format)
8399,ATT002805,presenting_complaint,inconsistent_text_format,"fix (trim spaces, standardise case)"
8400,ATT008273,triage_category,invalid_triage_code,reject
8400,ATT008273,"arrival_time, departure_time",mixed_date_format,fix (parse into one timestamp format)
8403,ATT012341,disposition,inconsistent_text_format,"fix (trim spaces, standardise case)"
8404,ATT009137,"arrival_time, departure_time",mixed_date_format,fix (parse into one timestamp format)
8405,ATT015496,presenting_complaint,inconsistent_text_format,"fix (trim spaces, standardise case)"
8409,ATT009376,presenting_complaint,inconsistent_text_format,"fix (trim spaces, standardise case)"
8410,ATT014965,presenting_complaint,missing_presenting_complaint,fill with 'Unknown'
8411,ATT011227,"arrival_time, departure_time",mixed_date_format,fix (parse into one timestamp format)
8412,ATT012843,presenting_complaint,inconsistent_text_format,"fix (trim spaces, standardise case)"
8415,ATT017203,"arrival_time, departure_time",mixed_date_format,fix (parse into one timestamp format)
8416,ATT000909,"arrival_time, departure_time",mixed_date_format,fix (parse into one timestamp format)
8417,ATT014089,presenting_complaint,inconsistent_text_format,"fix (trim spaces, standardise case)"
8418,ATT002294,"arrival_time, departure_time",mixed_date_format,fix (parse into one timestamp format)
8422,ATT015817,"arrival_time, departure_time",mixed_date_format,fix (parse into one timestamp format)
8423,ATT009559,presenting_complaint,inconsistent_text_format,"fix (trim spaces, standardise case)"
8431,ATT013195,triage_category,triage_decimal_format,fix (3.0 -> 3)
8432,ATT015724,"arrival_time, departure_time",mixed_date_format,fix (parse into one timestamp format)
8433,ATT010782,disposition,inconsistent_text_format,"fix (trim spaces, standardise case)"
8437,ATT015216,disposition,inconsistent_text_format,"fix (trim spaces, standardise case)"
8438,ATT007731,"arrival_time, departure_time",mixed_date_format,fix (parse into one timestamp format)
8439,ATT007571,(entire row),duplicate_row,remove (keep first)
8439,ATT007571,"arrival_time, departure_time",mixed_date_format,fix (parse into one timestamp format)
8442,ATT010079,disposition,inconsistent_text_format,"fix (trim spaces, standardise case)"
8443,ATT004961,presenting_complaint,inconsistent_text_format,"fix (trim spaces, standardise case)"
8445,ATT019757,"arrival_time, departure_time",mixed_date_format,fix (parse into one timestamp format)
8445,ATT019757,triage_category,triage_decimal_format,fix (3.0 -> 3)
8449,ATT018529,arrival_time,future_dated_attendance,reject
8449,ATT018529,"arrival_time, departure_time",mixed_date_format,fix (parse into one timestamp format)
8452,ATT016709,disposition,inconsistent_text_format,"fix (trim spaces, standardise case)"
8453,ATT017900,(entire row),duplicate_row,remove (keep first)
8455,ATT010657,gp_practice_code,malformed_gp_code,set to NULL and flag
8456,ATT015816,presenting_complaint,inconsistent_text_format,"fix (trim spaces, standardise case)"
8457,ATT013733,"arrival_time, departure_time",mixed_date_format,fix (parse into one timestamp format)
8459,ATT016797,"arrival_time, departure_time",mixed_date_format,fix (parse into one timestamp format)
8460,ATT001615,presenting_complaint,inconsistent_text_format,"fix (trim spaces, standardise case)"
8463,ATT008583,gp_practice_code,gp_code_lowercase,fix (upper-case)
8464,ATT011611,gp_practice_code,missing_gp_code,set to NULL and flag
8465,ATT004787,disposition,missing_disposition,fill with 'Unknown'
8465,ATT004787,"arrival_time, departure_time",mixed_date_format,fix (parse into one timestamp format)
8467,ATT007075,"arrival_time, departure_time",mixed_date_format,fix (parse into one timestamp format)
8470,ATT017778,presenting_complaint,inconsistent_text_format,"fix (trim spaces, standardise case)"
8473,ATT008671,"arrival_time, departure_time",mixed_date_format,fix (parse into one timestamp format)
8476,ATT015509,"arrival_time, departure_time",mixed_date_format,fix (parse into one timestamp format)
8477,ATT015840,"arrival_time, departure_time",mixed_date_format,fix (parse into one timestamp format)
8482,ATT006102,"arrival_time, departure_time",mixed_date_format,fix (parse into one timestamp format)
8483,ATT006396,disposition,inconsistent_text_format,"fix (trim spaces, standardise case)"
8483,ATT006396,gp_practice_code,missing_gp_code,set to NULL and flag
8488,ATT017414,triage_category,invalid_triage_code,reject
8489,ATT004879,"arrival_time, departure_time",mixed_date_format,fix (parse into one timestamp format)
8490,ATT003805,disposition,missing_disposition,fill with 'Unknown'
8491,ATT016311,gp_practice_code,missing_gp_code,set to NULL and flag
8494,ATT012798,"arrival_time, departure_time",mixed_date_format,fix (parse into one timestamp format)
8498,ATT013023,gp_practice_code,gp_code_lowercase,fix (upper-case)
8501,ATT011016,presenting_complaint,inconsistent_text_format,"fix (trim spaces, standardise case)"
8502,ATT012559,disposition,inconsistent_text_format,"fix (trim spaces, standardise case)"
8503,ATT011694,presenting_complaint,inconsistent_text_format,"fix (trim spaces, standardise case)"
8506,ATT009069,disposition,inconsistent_text_format,"fix (trim spaces, standardise case)"
8509,ATT007005,"arrival_time, departure_time",mixed_date_format,fix (parse into one timestamp format)
8510,ATT015099,presenting_complaint,inconsistent_text_format,"fix (trim spaces, standardise case)"
8510,ATT015099,departure_time,missing_departure_time,reject
8510,ATT015099,"arrival_time, departure_time",mixed_date_format,fix (parse into one timestamp format)
8512,ATT007208,"arrival_time, departure_time",mixed_date_format,fix (parse into one timestamp format)
8517,ATT017501,presenting_complaint,inconsistent_text_format,"fix (trim spaces, standardise case)"
8520,ATT007905,presenting_complaint,missing_presenting_complaint,fill with 'Unknown'
8522,ATT019436,presenting_complaint,inconsistent_text_format,"fix (trim spaces, standardise case)"
8527,ATT001127,departure_time,extreme_length_of_stay,reject
8527,ATT001127,"arrival_time, departure_time",mixed_date_format,fix (parse into one timestamp format)
8529,ATT007309,presenting_complaint,inconsistent_text_format,"fix (trim spaces, standardise case)"
8529,ATT007309,disposition,inconsistent_text_format,"fix (trim spaces, standardise case)"
8531,ATT006635,"arrival_time, departure_time",mixed_date_format,fix (parse into one timestamp format)
8534,ATT003223,(entire row),duplicate_row,remove (keep first)
8535,ATT001670,presenting_complaint,inconsistent_text_format,"fix (trim spaces, standardise case)"
8539,ATT012011,disposition,inconsistent_text_format,"fix (trim spaces, standardise case)"
8547,ATT000480,presenting_complaint,missing_presenting_complaint,fill with 'Unknown'
8552,ATT016327,"arrival_time, departure_time",mixed_date_format,fix (parse into one timestamp format)
8555,ATT001787,"arrival_time, departure_time",mixed_date_format,fix (parse into one timestamp format)
8560,ATT014237,departure_time,departure_before_arrival,reject
8560,ATT014237,"arrival_time, departure_time",mixed_date_format,fix (parse into one timestamp format)
8563,ATT000884,presenting_complaint,missing_presenting_complaint,fill with 'Unknown'
8563,ATT000884,"arrival_time, departure_time",mixed_date_format,fix (parse into one timestamp format)
8565,ATT013001,"arrival_time, departure_time",mixed_date_format,fix (parse into one timestamp format)
8576,ATT015472,gp_practice_code,missing_gp_code,set to NULL and flag
8577,ATT018909,arrival_time,future_dated_attendance,reject
8577,ATT018909,presenting_complaint,inconsistent_text_format,"fix (trim spaces, standardise case)"
8577,ATT018909,"arrival_time, departure_time",mixed_date_format,fix (parse into one timestamp format)
8583,ATT013688,(entire row),duplicate_row,remove (keep first)
8585,ATT008195,presenting_complaint,inconsistent_text_format,"fix (trim spaces, standardise case)"
8588,ATT017511,gp_practice_code,missing_gp_code,set to NULL and flag
8588,ATT017511,"arrival_time, departure_time",mixed_date_format,fix (parse into one timestamp format)
8591,ATT004890,gp_practice_code,malformed_gp_code,set to NULL and flag
8593,ATT000763,gp_practice_code,missing_gp_code,set to NULL and flag
8593,ATT000763,"arrival_time, departure_time",mixed_date_format,fix (parse into one timestamp format)
8598,ATT007077,arrival_time,missing_arrival_time,reject
8599,ATT001143,disposition,inconsistent_text_format,"fix (trim spaces, standardise case)"
8608,ATT009401,"arrival_time, departure_time",mixed_date_format,fix (parse into one timestamp format)
8611,ATT000531,presenting_complaint,inconsistent_text_format,"fix (trim spaces, standardise case)"
8620,ATT011365,presenting_complaint,inconsistent_text_format,"fix (trim spaces, standardise case)"
8622,ATT014240,"arrival_time, departure_time",mixed_date_format,fix (parse into one timestamp format)
8624,ATT014582,(entire row),duplicate_row,remove (keep first)
8626,ATT006342,presenting_complaint,inconsistent_text_format,"fix (trim spaces, standardise case)"
8627,ATT014250,disposition,inconsistent_text_format,"fix (trim spaces, standardise case)"
8630,ATT007895,"arrival_time, departure_time",mixed_date_format,fix (parse into one timestamp format)
8631,ATT001904,"arrival_time, departure_time",mixed_date_format,fix (parse into one timestamp format)
8635,ATT011678,"arrival_time, departure_time",mixed_date_format,fix (parse into one timestamp format)
8637,ATT003061,gp_practice_code,missing_gp_code,set to NULL and flag
8638,ATT003860,presenting_complaint,inconsistent_text_format,"fix (trim spaces, standardise case)"
8639,ATT019512,disposition,inconsistent_text_format,"fix (trim spaces, standardise case)"
8642,ATT000583,presenting_complaint,missing_presenting_complaint,fill with 'Unknown'
8643,ATT004688,"arrival_time, departure_time",mixed_date_format,fix (parse into one timestamp format)
8644,ATT003271,presenting_complaint,inconsistent_text_format,"fix (trim spaces, standardise case)"
8646,ATT018406,presenting_complaint,inconsistent_text_format,"fix (trim spaces, standardise case)"
8650,ATT010804,presenting_complaint,inconsistent_text_format,"fix (trim spaces, standardise case)"
8652,ATT011910,"arrival_time, departure_time",mixed_date_format,fix (parse into one timestamp format)
8660,ATT006202,disposition,inconsistent_text_format,"fix (trim spaces, standardise case)"
8660,ATT006202,gp_practice_code,missing_gp_code,set to NULL and flag
8663,ATT007636,gp_practice_code,missing_gp_code,set to NULL and flag
8667,ATT016556,"arrival_time, departure_time",mixed_date_format,fix (parse into one timestamp format)
8672,ATT015149,"arrival_time, departure_time",mixed_date_format,fix (parse into one timestamp format)
8673,ATT001416,presenting_complaint,inconsistent_text_format,"fix (trim spaces, standardise case)"
8677,ATT010263,gp_practice_code,missing_gp_code,set to NULL and flag
8678,ATT009327,presenting_complaint,missing_presenting_complaint,fill with 'Unknown'
8686,ATT006631,pseudo_patient_id,missing_patient_id,reject
8688,ATT010500,gp_practice_code,missing_gp_code,set to NULL and flag
8691,ATT017140,presenting_complaint,inconsistent_text_format,"fix (trim spaces, standardise case)"
8695,ATT002206,presenting_complaint,inconsistent_text_format,"fix (trim spaces, standardise case)"
8695,ATT002206,"arrival_time, departure_time",mixed_date_format,fix (parse into one timestamp format)
8700,ATT006097,disposition,inconsistent_text_format,"fix (trim spaces, standardise case)"
8700,ATT006097,"arrival_time, departure_time",mixed_date_format,fix (parse into one timestamp format)
8702,ATT017496,gp_practice_code,missing_gp_code,set to NULL and flag
8703,ATT007476,presenting_complaint,missing_presenting_complaint,fill with 'Unknown'
8705,ATT006976,gp_practice_code,missing_gp_code,set to NULL and flag
8710,ATT002583,presenting_complaint,missing_presenting_complaint,fill with 'Unknown'
8710,ATT002583,"arrival_time, departure_time",mixed_date_format,fix (parse into one timestamp format)
8714,ATT012304,"arrival_time, departure_time",mixed_date_format,fix (parse into one timestamp format)
8717,ATT019637,presenting_complaint,inconsistent_text_format,"fix (trim spaces, standardise case)"
8717,ATT019637,triage_category,triage_decimal_format,fix (3.0 -> 3)
8718,ATT003528,triage_category,triage_decimal_format,fix (3.0 -> 3)
8719,ATT004296,"arrival_time, departure_time",mixed_date_format,fix (parse into one timestamp format)
8720,ATT000603,disposition,inconsistent_text_format,"fix (trim spaces, standardise case)"
8722,ATT018474,departure_time,departure_before_arrival,reject
8722,ATT018474,"arrival_time, departure_time",mixed_date_format,fix (parse into one timestamp format)
8723,ATT014836,"arrival_time, departure_time",mixed_date_format,fix (parse into one timestamp format)
8725,ATT018713,"arrival_time, departure_time",mixed_date_format,fix (parse into one timestamp format)
8726,ATT003276,"arrival_time, departure_time",mixed_date_format,fix (parse into one timestamp format)
8728,ATT019343,disposition,inconsistent_text_format,"fix (trim spaces, standardise case)"
8728,ATT019343,gp_practice_code,missing_gp_code,set to NULL and flag
8729,ATT010128,disposition,inconsistent_text_format,"fix (trim spaces, standardise case)"
8729,ATT010128,triage_category,invalid_triage_code,reject
8732,ATT011567,presenting_complaint,missing_presenting_complaint,fill with 'Unknown'
8733,ATT016651,"arrival_time, departure_time",mixed_date_format,fix (parse into one timestamp format)
8738,ATT004970,disposition,inconsistent_text_format,"fix (trim spaces, standardise case)"
8738,ATT004970,triage_category,invalid_triage_code,reject
8739,ATT019972,presenting_complaint,inconsistent_text_format,"fix (trim spaces, standardise case)"
8744,ATT000875,presenting_complaint,inconsistent_text_format,"fix (trim spaces, standardise case)"
8745,ATT006878,presenting_complaint,inconsistent_text_format,"fix (trim spaces, standardise case)"
8750,ATT002281,"arrival_time, departure_time",mixed_date_format,fix (parse into one timestamp format)
8751,ATT019331,"arrival_time, departure_time",mixed_date_format,fix (parse into one timestamp format)
8752,ATT000980,disposition,missing_disposition,fill with 'Unknown'
8754,ATT003820,disposition,inconsistent_text_format,"fix (trim spaces, standardise case)"
8755,ATT019854,presenting_complaint,inconsistent_text_format,"fix (trim spaces, standardise case)"
8758,ATT001180,"arrival_time, departure_time",mixed_date_format,fix (parse into one timestamp format)
8759,ATT001019,disposition,inconsistent_text_format,"fix (trim spaces, standardise case)"
8760,ATT002956,presenting_complaint,inconsistent_text_format,"fix (trim spaces, standardise case)"
8760,ATT002956,disposition,inconsistent_text_format,"fix (trim spaces, standardise case)"
8768,ATT017142,"arrival_time, departure_time",mixed_date_format,fix (parse into one timestamp format)
8770,ATT005426,presenting_complaint,missing_presenting_complaint,fill with 'Unknown'
8771,ATT000950,"arrival_time, departure_time",mixed_date_format,fix (parse into one timestamp format)
8772,ATT016302,"arrival_time, departure_time",mixed_date_format,fix (parse into one timestamp format)
8773,ATT011718,disposition,inconsistent_text_format,"fix (trim spaces, standardise case)"
8776,ATT017246,presenting_complaint,missing_presenting_complaint,fill with 'Unknown'
8779,ATT016102,disposition,inconsistent_text_format,"fix (trim spaces, standardise case)"
8784,ATT012258,"arrival_time, departure_time",mixed_date_format,fix (parse into one timestamp format)
8785,ATT016898,presenting_complaint,inconsistent_text_format,"fix (trim spaces, standardise case)"
8786,ATT011569,presenting_complaint,missing_presenting_complaint,fill with 'Unknown'
8787,ATT007255,"arrival_time, departure_time",mixed_date_format,fix (parse into one timestamp format)
8794,ATT015346,"arrival_time, departure_time",mixed_date_format,fix (parse into one timestamp format)
8796,ATT005229,disposition,inconsistent_text_format,"fix (trim spaces, standardise case)"
8796,ATT005229,gp_practice_code,missing_gp_code,set to NULL and flag
8797,ATT010863,"arrival_time, departure_time",mixed_date_format,fix (parse into one timestamp format)
8798,ATT009196,presenting_complaint,missing_presenting_complaint,fill with 'Unknown'
8798,ATT009196,"arrival_time, departure_time",mixed_date_format,fix (parse into one timestamp format)
8800,ATT010916,gp_practice_code,malformed_gp_code,set to NULL and flag
8806,ATT006394,gp_practice_code,missing_gp_code,set to NULL and flag
8809,ATT019859,presenting_complaint,inconsistent_text_format,"fix (trim spaces, standardise case)"
8815,ATT014159,presenting_complaint,inconsistent_text_format,"fix (trim spaces, standardise case)"
8817,ATT009535,gp_practice_code,malformed_gp_code,set to NULL and flag
8820,ATT019918,disposition,inconsistent_text_format,"fix (trim spaces, standardise case)"
8822,ATT006561,"arrival_time, departure_time",mixed_date_format,fix (parse into one timestamp format)
8823,ATT013028,presenting_complaint,inconsistent_text_format,"fix (trim spaces, standardise case)"
8827,ATT012504,disposition,inconsistent_text_format,"fix (trim spaces, standardise case)"
8829,ATT008914,gp_practice_code,malformed_gp_code,set to NULL and flag
8832,ATT014928,presenting_complaint,inconsistent_text_format,"fix (trim spaces, standardise case)"
8832,ATT014928,"arrival_time, departure_time",mixed_date_format,fix (parse into one timestamp format)
8833,ATT015475,"arrival_time, departure_time",mixed_date_format,fix (parse into one timestamp format)
8834,ATT019430,presenting_complaint,inconsistent_text_format,"fix (trim spaces, standardise case)"
8834,ATT019430,gp_practice_code,malformed_gp_code,set to NULL and flag
8834,ATT019430,"arrival_time, departure_time",mixed_date_format,fix (parse into one timestamp format)
8839,ATT006458,gp_practice_code,missing_gp_code,set to NULL and flag
8839,ATT006458,"arrival_time, departure_time",mixed_date_format,fix (parse into one timestamp format)
8840,ATT012281,"arrival_time, departure_time",mixed_date_format,fix (parse into one timestamp format)
8841,ATT011371,"arrival_time, departure_time",mixed_date_format,fix (parse into one timestamp format)
8843,ATT009903,"arrival_time, departure_time",mixed_date_format,fix (parse into one timestamp format)
8844,ATT004792,presenting_complaint,missing_presenting_complaint,fill with 'Unknown'
8847,ATT000320,disposition,inconsistent_text_format,"fix (trim spaces, standardise case)"
8849,ATT015793,disposition,inconsistent_text_format,"fix (trim spaces, standardise case)"
8849,ATT015793,"arrival_time, departure_time",mixed_date_format,fix (parse into one timestamp format)
8850,ATT005914,disposition,inconsistent_text_format,"fix (trim spaces, standardise case)"
8852,ATT011074,departure_time,departure_before_arrival,reject
8857,ATT018560,presenting_complaint,inconsistent_text_format,"fix (trim spaces, standardise case)"
8862,ATT014961,presenting_complaint,inconsistent_text_format,"fix (trim spaces, standardise case)"
8867,ATT011935,gp_practice_code,missing_gp_code,set to NULL and flag
8872,ATT014273,disposition,inconsistent_text_format,"fix (trim spaces, standardise case)"
8875,ATT003465,disposition,inconsistent_text_format,"fix (trim spaces, standardise case)"
8875,ATT003465,"arrival_time, departure_time",mixed_date_format,fix (parse into one timestamp format)
8876,ATT015692,"arrival_time, departure_time",mixed_date_format,fix (parse into one timestamp format)
8877,ATT006901,presenting_complaint,inconsistent_text_format,"fix (trim spaces, standardise case)"
8884,ATT010348,gp_practice_code,missing_gp_code,set to NULL and flag
8885,ATT012397,"arrival_time, departure_time",mixed_date_format,fix (parse into one timestamp format)
8887,ATT016098,presenting_complaint,inconsistent_text_format,"fix (trim spaces, standardise case)"
8888,ATT016456,disposition,inconsistent_text_format,"fix (trim spaces, standardise case)"
8890,ATT005689,"arrival_time, departure_time",mixed_date_format,fix (parse into one timestamp format)
8892,ATT000052,"arrival_time, departure_time",mixed_date_format,fix (parse into one timestamp format)
8894,ATT000093,"arrival_time, departure_time",mixed_date_format,fix (parse into one timestamp format)
8895,ATT008219,"arrival_time, departure_time",mixed_date_format,fix (parse into one timestamp format)
8896,ATT018935,"arrival_time, departure_time",mixed_date_format,fix (parse into one timestamp format)
8899,ATT008951,departure_time,missing_departure_time,reject
8903,ATT008555,triage_category,invalid_triage_code,reject
8906,ATT005341,presenting_complaint,inconsistent_text_format,"fix (trim spaces, standardise case)"
8906,ATT005341,gp_practice_code,missing_gp_code,set to NULL and flag
8907,ATT011025,presenting_complaint,inconsistent_text_format,"fix (trim spaces, standardise case)"
8912,ATT009361,"arrival_time, departure_time",mixed_date_format,fix (parse into one timestamp format)
8913,ATT017670,"arrival_time, departure_time",mixed_date_format,fix (parse into one timestamp format)
8915,ATT012850,(entire row),duplicate_row,remove (keep first)
8916,ATT017680,triage_category,triage_decimal_format,fix (3.0 -> 3)
8918,ATT004527,presenting_complaint,inconsistent_text_format,"fix (trim spaces, standardise case)"
8922,ATT008847,gp_practice_code,missing_gp_code,set to NULL and flag
8935,ATT009729,disposition,inconsistent_text_format,"fix (trim spaces, standardise case)"
8936,ATT005680,disposition,inconsistent_text_format,"fix (trim spaces, standardise case)"
8941,ATT009314,presenting_complaint,inconsistent_text_format,"fix (trim spaces, standardise case)"
8941,ATT009314,"arrival_time, departure_time",mixed_date_format,fix (parse into one timestamp format)
8943,ATT011153,disposition,inconsistent_text_format,"fix (trim spaces, standardise case)"
8946,ATT017599,"arrival_time, departure_time",mixed_date_format,fix (parse into one timestamp format)
8947,ATT010461,"arrival_time, departure_time",mixed_date_format,fix (parse into one timestamp format)
8950,ATT003018,gp_practice_code,missing_gp_code,set to NULL and flag
8952,ATT018165,presenting_complaint,inconsistent_text_format,"fix (trim spaces, standardise case)"
8952,ATT018165,disposition,inconsistent_text_format,"fix (trim spaces, standardise case)"
8952,ATT018165,"arrival_time, departure_time",mixed_date_format,fix (parse into one timestamp format)
8956,ATT017932,"arrival_time, departure_time",mixed_date_format,fix (parse into one timestamp format)
8964,ATT012873,presenting_complaint,inconsistent_text_format,"fix (trim spaces, standardise case)"
8965,ATT017362,presenting_complaint,missing_presenting_complaint,fill with 'Unknown'
8966,ATT001486,"arrival_time, departure_time",mixed_date_format,fix (parse into one timestamp format)
8967,ATT017265,"arrival_time, departure_time",mixed_date_format,fix (parse into one timestamp format)
8968,ATT007653,(entire row),duplicate_row,remove (keep first)
8968,ATT007653,presenting_complaint,inconsistent_text_format,"fix (trim spaces, standardise case)"
8969,ATT012012,triage_category,triage_decimal_format,fix (3.0 -> 3)
8970,ATT014393,disposition,inconsistent_text_format,"fix (trim spaces, standardise case)"
8985,ATT006376,gp_practice_code,missing_gp_code,set to NULL and flag
8987,ATT007981,departure_time,departure_before_arrival,reject
8989,ATT006928,"arrival_time, departure_time",mixed_date_format,fix (parse into one timestamp format)
8991,ATT009053,disposition,inconsistent_text_format,"fix (trim spaces, standardise case)"
8991,ATT009053,"arrival_time, departure_time",mixed_date_format,fix (parse into one timestamp format)
8994,ATT006992,disposition,inconsistent_text_format,"fix (trim spaces, standardise case)"
8995,ATT004251,arrival_time,future_dated_attendance,reject
8996,ATT007551,disposition,inconsistent_text_format,"fix (trim spaces, standardise case)"
8997,ATT008423,presenting_complaint,inconsistent_text_format,"fix (trim spaces, standardise case)"
8998,ATT009876,disposition,inconsistent_text_format,"fix (trim spaces, standardise case)"
8999,ATT017028,gp_practice_code,gp_code_lowercase,fix (upper-case)
9000,ATT003854,(entire row),duplicate_row,remove (keep first)
9001,ATT005814,presenting_complaint,inconsistent_text_format,"fix (trim spaces, standardise case)"
9001,ATT005814,disposition,inconsistent_text_format,"fix (trim spaces, standardise case)"
9003,ATT019236,departure_time,missing_departure_time,reject
9017,ATT016742,presenting_complaint,inconsistent_text_format,"fix (trim spaces, standardise case)"
9018,ATT006320,gp_practice_code,gp_code_lowercase,fix (upper-case)
9019,ATT015027,departure_time,departure_before_arrival,reject
9019,ATT015027,"arrival_time, departure_time",mixed_date_format,fix (parse into one timestamp format)
9022,ATT001781,pseudo_patient_id,missing_patient_id,reject
9025,ATT003823,presenting_complaint,inconsistent_text_format,"fix (trim spaces, standardise case)"
9028,ATT005838,presenting_complaint,missing_presenting_complaint,fill with 'Unknown'
9030,ATT014182,"arrival_time, departure_time",mixed_date_format,fix (parse into one timestamp format)
9031,ATT005045,triage_category,triage_decimal_format,fix (3.0 -> 3)
9035,ATT017103,"arrival_time, departure_time",mixed_date_format,fix (parse into one timestamp format)
9038,ATT010251,presenting_complaint,inconsistent_text_format,"fix (trim spaces, standardise case)"
9038,ATT010251,"arrival_time, departure_time",mixed_date_format,fix (parse into one timestamp format)
9041,ATT007791,departure_time,departure_before_arrival,reject
9042,ATT013543,presenting_complaint,inconsistent_text_format,"fix (trim spaces, standardise case)"
9045,ATT009359,presenting_complaint,inconsistent_text_format,"fix (trim spaces, standardise case)"
9047,ATT002985,"arrival_time, departure_time",mixed_date_format,fix (parse into one timestamp format)
9048,ATT003280,disposition,inconsistent_text_format,"fix (trim spaces, standardise case)"
9048,ATT003280,"arrival_time, departure_time",mixed_date_format,fix (parse into one timestamp format)
9050,ATT002650,disposition,inconsistent_text_format,"fix (trim spaces, standardise case)"
9050,ATT002650,"arrival_time, departure_time",mixed_date_format,fix (parse into one timestamp format)
9055,ATT015429,presenting_complaint,inconsistent_text_format,"fix (trim spaces, standardise case)"
9055,ATT015429,disposition,inconsistent_text_format,"fix (trim spaces, standardise case)"
9056,ATT018462,pseudo_patient_id,missing_patient_id,reject
9058,ATT017874,disposition,missing_disposition,fill with 'Unknown'
9060,ATT001415,presenting_complaint,inconsistent_text_format,"fix (trim spaces, standardise case)"
9061,ATT015032,disposition,inconsistent_text_format,"fix (trim spaces, standardise case)"
9062,ATT019819,presenting_complaint,missing_presenting_complaint,fill with 'Unknown'
9062,ATT019819,"arrival_time, departure_time",mixed_date_format,fix (parse into one timestamp format)
9063,ATT008861,"arrival_time, departure_time",mixed_date_format,fix (parse into one timestamp format)
9065,ATT003034,presenting_complaint,inconsistent_text_format,"fix (trim spaces, standardise case)"
9067,ATT003629,presenting_complaint,inconsistent_text_format,"fix (trim spaces, standardise case)"
9067,ATT003629,gp_practice_code,missing_gp_code,set to NULL and flag
9069,ATT013407,disposition,inconsistent_text_format,"fix (trim spaces, standardise case)"
9069,ATT013407,"arrival_time, departure_time",mixed_date_format,fix (parse into one timestamp format)
9070,ATT005557,presenting_complaint,inconsistent_text_format,"fix (trim spaces, standardise case)"
9073,ATT007064,departure_time,departure_before_arrival,reject
9073,ATT007064,disposition,inconsistent_text_format,"fix (trim spaces, standardise case)"
9074,ATT018473,disposition,inconsistent_text_format,"fix (trim spaces, standardise case)"
9074,ATT018473,gp_practice_code,malformed_gp_code,set to NULL and flag
9075,ATT005897,triage_category,triage_decimal_format,fix (3.0 -> 3)
9079,ATT007046,disposition,missing_disposition,fill with 'Unknown'
9083,ATT004275,presenting_complaint,inconsistent_text_format,"fix (trim spaces, standardise case)"
9088,ATT001951,presenting_complaint,inconsistent_text_format,"fix (trim spaces, standardise case)"
9089,ATT004830,gp_practice_code,malformed_gp_code,set to NULL and flag
9092,ATT001069,presenting_complaint,inconsistent_text_format,"fix (trim spaces, standardise case)"
9092,ATT001069,"arrival_time, departure_time",mixed_date_format,fix (parse into one timestamp format)
9093,ATT003661,disposition,inconsistent_text_format,"fix (trim spaces, standardise case)"
9093,ATT003661,"arrival_time, departure_time",mixed_date_format,fix (parse into one timestamp format)
9095,ATT002471,presenting_complaint,missing_presenting_complaint,fill with 'Unknown'
9096,ATT002275,"arrival_time, departure_time",mixed_date_format,fix (parse into one timestamp format)
9101,ATT003039,presenting_complaint,inconsistent_text_format,"fix (trim spaces, standardise case)"
9102,ATT015169,departure_time,missing_departure_time,reject
9103,ATT014762,"arrival_time, departure_time",mixed_date_format,fix (parse into one timestamp format)
9104,ATT008775,presenting_complaint,inconsistent_text_format,"fix (trim spaces, standardise case)"
9105,ATT015108,disposition,missing_disposition,fill with 'Unknown'
9106,ATT005033,disposition,missing_disposition,fill with 'Unknown'
9108,ATT000348,disposition,missing_disposition,fill with 'Unknown'
9108,ATT000348,"arrival_time, departure_time",mixed_date_format,fix (parse into one timestamp format)
9120,ATT017648,gp_practice_code,malformed_gp_code,set to NULL and flag
9121,ATT014749,"arrival_time, departure_time",mixed_date_format,fix (parse into one timestamp format)
9124,ATT000256,disposition,inconsistent_text_format,"fix (trim spaces, standardise case)"
9126,ATT009395,presenting_complaint,inconsistent_text_format,"fix (trim spaces, standardise case)"
9131,ATT006703,"arrival_time, departure_time",mixed_date_format,fix (parse into one timestamp format)
9136,ATT012155,presenting_complaint,inconsistent_text_format,"fix (trim spaces, standardise case)"
9139,ATT008776,presenting_complaint,inconsistent_text_format,"fix (trim spaces, standardise case)"
9143,ATT016519,presenting_complaint,missing_presenting_complaint,fill with 'Unknown'
9144,ATT001901,disposition,inconsistent_text_format,"fix (trim spaces, standardise case)"
9148,ATT018649,presenting_complaint,inconsistent_text_format,"fix (trim spaces, standardise case)"
9154,ATT003545,"arrival_time, departure_time",mixed_date_format,fix (parse into one timestamp format)
9156,ATT019753,disposition,inconsistent_text_format,"fix (trim spaces, standardise case)"
9157,ATT018991,"arrival_time, departure_time",mixed_date_format,fix (parse into one timestamp format)
9159,ATT006455,departure_time,missing_departure_time,reject
9161,ATT017572,pseudo_patient_id,missing_patient_id,reject
9162,ATT003898,presenting_complaint,inconsistent_text_format,"fix (trim spaces, standardise case)"
9162,ATT003898,disposition,inconsistent_text_format,"fix (trim spaces, standardise case)"
9164,ATT018795,"arrival_time, departure_time",mixed_date_format,fix (parse into one timestamp format)
9165,ATT006851,gp_practice_code,gp_code_lowercase,fix (upper-case)
9169,ATT019407,disposition,missing_disposition,fill with 'Unknown'
9170,ATT016789,disposition,inconsistent_text_format,"fix (trim spaces, standardise case)"
9171,ATT005068,presenting_complaint,missing_presenting_complaint,fill with 'Unknown'
9173,ATT003478,(entire row),duplicate_row,remove (keep first)
9176,ATT005933,disposition,inconsistent_text_format,"fix (trim spaces, standardise case)"
9178,ATT008066,disposition,inconsistent_text_format,"fix (trim spaces, standardise case)"
9178,ATT008066,gp_practice_code,missing_gp_code,set to NULL and flag
9181,ATT001788,"arrival_time, departure_time",mixed_date_format,fix (parse into one timestamp format)
9185,ATT012646,disposition,inconsistent_text_format,"fix (trim spaces, standardise case)"
9187,ATT007253,"arrival_time, departure_time",mixed_date_format,fix (parse into one timestamp format)
9189,ATT016408,gp_practice_code,malformed_gp_code,set to NULL and flag
9189,ATT016408,"arrival_time, departure_time",mixed_date_format,fix (parse into one timestamp format)
9190,ATT009569,disposition,inconsistent_text_format,"fix (trim spaces, standardise case)"
9191,ATT016623,presenting_complaint,inconsistent_text_format,"fix (trim spaces, standardise case)"
9192,ATT003709,"arrival_time, departure_time",mixed_date_format,fix (parse into one timestamp format)
9194,ATT014680,"arrival_time, departure_time",mixed_date_format,fix (parse into one timestamp format)
9196,ATT005776,"arrival_time, departure_time",mixed_date_format,fix (parse into one timestamp format)
9198,ATT013963,presenting_complaint,inconsistent_text_format,"fix (trim spaces, standardise case)"
9198,ATT013963,departure_time,missing_departure_time,reject
9199,ATT018138,"arrival_time, departure_time",mixed_date_format,fix (parse into one timestamp format)
9200,ATT007074,disposition,inconsistent_text_format,"fix (trim spaces, standardise case)"
9202,ATT006315,disposition,inconsistent_text_format,"fix (trim spaces, standardise case)"
9203,ATT017514,"arrival_time, departure_time",mixed_date_format,fix (parse into one timestamp format)
9204,ATT001747,"arrival_time, departure_time",mixed_date_format,fix (parse into one timestamp format)
9210,ATT004039,presenting_complaint,inconsistent_text_format,"fix (trim spaces, standardise case)"
9211,ATT003706,disposition,inconsistent_text_format,"fix (trim spaces, standardise case)"
9212,ATT003956,disposition,inconsistent_text_format,"fix (trim spaces, standardise case)"
9223,ATT017017,gp_practice_code,missing_gp_code,set to NULL and flag
9224,ATT017275,"arrival_time, departure_time",mixed_date_format,fix (parse into one timestamp format)
9228,ATT014529,presenting_complaint,inconsistent_text_format,"fix (trim spaces, standardise case)"
9230,ATT019609,gp_practice_code,missing_gp_code,set to NULL and flag
9230,ATT019609,"arrival_time, departure_time",mixed_date_format,fix (parse into one timestamp format)
9232,ATT008995,disposition,inconsistent_text_format,"fix (trim spaces, standardise case)"
9234,ATT008677,"arrival_time, departure_time",mixed_date_format,fix (parse into one timestamp format)
9236,ATT013818,disposition,inconsistent_text_format,"fix (trim spaces, standardise case)"
9237,ATT005829,triage_category,triage_decimal_format,fix (3.0 -> 3)
9240,ATT007352,departure_time,missing_departure_time,reject
9250,ATT013414,triage_category,invalid_triage_code,reject
9252,ATT002304,gp_practice_code,missing_gp_code,set to NULL and flag
9258,ATT019691,presenting_complaint,inconsistent_text_format,"fix (trim spaces, standardise case)"
9259,ATT018673,presenting_complaint,inconsistent_text_format,"fix (trim spaces, standardise case)"
9265,ATT019941,presenting_complaint,missing_presenting_complaint,fill with 'Unknown'
9265,ATT019941,"arrival_time, departure_time",mixed_date_format,fix (parse into one timestamp format)
9267,ATT002823,disposition,inconsistent_text_format,"fix (trim spaces, standardise case)"
9268,ATT010425,(entire row),duplicate_row,remove (keep first)
9268,ATT010425,presenting_complaint,inconsistent_text_format,"fix (trim spaces, standardise case)"
9269,ATT001974,"arrival_time, departure_time",mixed_date_format,fix (parse into one timestamp format)
9271,ATT000268,"arrival_time, departure_time",mixed_date_format,fix (parse into one timestamp format)
9287,ATT000741,presenting_complaint,inconsistent_text_format,"fix (trim spaces, standardise case)"
9288,ATT009708,"arrival_time, departure_time",mixed_date_format,fix (parse into one timestamp format)
9293,ATT018349,presenting_complaint,missing_presenting_complaint,fill with 'Unknown'
9294,ATT007384,"arrival_time, departure_time",mixed_date_format,fix (parse into one timestamp format)
9295,ATT003488,disposition,missing_disposition,fill with 'Unknown'
9295,ATT003488,"arrival_time, departure_time",mixed_date_format,fix (parse into one timestamp format)
9296,ATT006045,triage_category,invalid_triage_code,reject
9297,ATT009490,(entire row),duplicate_row,remove (keep first)
9297,ATT009490,presenting_complaint,inconsistent_text_format,"fix (trim spaces, standardise case)"
9301,ATT010549,"arrival_time, departure_time",mixed_date_format,fix (parse into one timestamp format)
9303,ATT016772,presenting_complaint,inconsistent_text_format,"fix (trim spaces, standardise case)"
9311,ATT007863,disposition,inconsistent_text_format,"fix (trim spaces, standardise case)"
9313,ATT012215,presenting_complaint,missing_presenting_complaint,fill with 'Unknown'
9315,ATT001032,disposition,missing_disposition,fill with 'Unknown'
9315,ATT001032,"arrival_time, departure_time",mixed_date_format,fix (parse into one timestamp format)
9316,ATT005766,"arrival_time, departure_time",mixed_date_format,fix (parse into one timestamp format)
9319,ATT019273,presenting_complaint,inconsistent_text_format,"fix (trim spaces, standardise case)"
9321,ATT004378,"arrival_time, departure_time",mixed_date_format,fix (parse into one timestamp format)
9322,ATT010028,presenting_complaint,inconsistent_text_format,"fix (trim spaces, standardise case)"
9323,ATT013734,disposition,inconsistent_text_format,"fix (trim spaces, standardise case)"
9324,ATT006977,presenting_complaint,inconsistent_text_format,"fix (trim spaces, standardise case)"
9324,ATT006977,"arrival_time, departure_time",mixed_date_format,fix (parse into one timestamp format)
9327,ATT010621,"arrival_time, departure_time",mixed_date_format,fix (parse into one timestamp format)
9328,ATT005713,"arrival_time, departure_time",mixed_date_format,fix (parse into one timestamp format)
9329,ATT007641,disposition,inconsistent_text_format,"fix (trim spaces, standardise case)"
9331,ATT017719,presenting_complaint,inconsistent_text_format,"fix (trim spaces, standardise case)"
9332,ATT019056,presenting_complaint,inconsistent_text_format,"fix (trim spaces, standardise case)"
9332,ATT019056,disposition,inconsistent_text_format,"fix (trim spaces, standardise case)"
9333,ATT002219,gp_practice_code,missing_gp_code,set to NULL and flag
9333,ATT002219,"arrival_time, departure_time",mixed_date_format,fix (parse into one timestamp format)
9338,ATT017120,presenting_complaint,inconsistent_text_format,"fix (trim spaces, standardise case)"
9342,ATT017131,"arrival_time, departure_time",mixed_date_format,fix (parse into one timestamp format)
9344,ATT004550,"arrival_time, departure_time",mixed_date_format,fix (parse into one timestamp format)
9345,ATT016527,(entire row),duplicate_row,remove (keep first)
9348,ATT011527,"arrival_time, departure_time",mixed_date_format,fix (parse into one timestamp format)
9350,ATT002355,presenting_complaint,missing_presenting_complaint,fill with 'Unknown'
9353,ATT016743,"arrival_time, departure_time",mixed_date_format,fix (parse into one timestamp format)
9355,ATT001435,disposition,inconsistent_text_format,"fix (trim spaces, standardise case)"
9355,ATT001435,gp_practice_code,missing_gp_code,set to NULL and flag
9356,ATT000265,disposition,inconsistent_text_format,"fix (trim spaces, standardise case)"
9357,ATT008325,"arrival_time, departure_time",mixed_date_format,fix (parse into one timestamp format)
9358,ATT018451,"arrival_time, departure_time",mixed_date_format,fix (parse into one timestamp format)
9360,ATT017346,gp_practice_code,missing_gp_code,set to NULL and flag
9366,ATT014468,presenting_complaint,inconsistent_text_format,"fix (trim spaces, standardise case)"
9368,ATT008621,presenting_complaint,inconsistent_text_format,"fix (trim spaces, standardise case)"
9376,ATT002881,"arrival_time, departure_time",mixed_date_format,fix (parse into one timestamp format)
9377,ATT008595,presenting_complaint,inconsistent_text_format,"fix (trim spaces, standardise case)"
9378,ATT018620,"arrival_time, departure_time",mixed_date_format,fix (parse into one timestamp format)
9379,ATT017847,presenting_complaint,inconsistent_text_format,"fix (trim spaces, standardise case)"
9379,ATT017847,"arrival_time, departure_time",mixed_date_format,fix (parse into one timestamp format)
9380,ATT000066,triage_category,invalid_triage_code,reject
9381,ATT013802,"arrival_time, departure_time",mixed_date_format,fix (parse into one timestamp format)
9384,ATT006186,triage_category,invalid_triage_code,reject
9385,ATT015261,presenting_complaint,inconsistent_text_format,"fix (trim spaces, standardise case)"
9386,ATT002866,disposition,inconsistent_text_format,"fix (trim spaces, standardise case)"
9387,ATT013004,presenting_complaint,inconsistent_text_format,"fix (trim spaces, standardise case)"
9390,ATT004409,disposition,inconsistent_text_format,"fix (trim spaces, standardise case)"
9390,ATT004409,"arrival_time, departure_time",mixed_date_format,fix (parse into one timestamp format)
9391,ATT006026,disposition,inconsistent_text_format,"fix (trim spaces, standardise case)"
9392,ATT009565,(entire row),duplicate_row,remove (keep first)
9396,ATT015943,presenting_complaint,inconsistent_text_format,"fix (trim spaces, standardise case)"
9396,ATT015943,disposition,inconsistent_text_format,"fix (trim spaces, standardise case)"
9404,ATT001844,presenting_complaint,inconsistent_text_format,"fix (trim spaces, standardise case)"
9404,ATT001844,"arrival_time, departure_time",mixed_date_format,fix (parse into one timestamp format)
9405,ATT000771,presenting_complaint,inconsistent_text_format,"fix (trim spaces, standardise case)"
9406,ATT017205,disposition,missing_disposition,fill with 'Unknown'
9408,ATT013619,disposition,inconsistent_text_format,"fix (trim spaces, standardise case)"
9408,ATT013619,triage_category,invalid_triage_code,reject
9409,ATT010964,"arrival_time, departure_time",mixed_date_format,fix (parse into one timestamp format)
9411,ATT019196,presenting_complaint,missing_presenting_complaint,fill with 'Unknown'
9413,ATT015311,"arrival_time, departure_time",mixed_date_format,fix (parse into one timestamp format)
9414,ATT008266,departure_time,extreme_length_of_stay,reject
9415,ATT003398,"arrival_time, departure_time",mixed_date_format,fix (parse into one timestamp format)
9418,ATT019894,"arrival_time, departure_time",mixed_date_format,fix (parse into one timestamp format)
9427,ATT016243,presenting_complaint,inconsistent_text_format,"fix (trim spaces, standardise case)"
9427,ATT016243,"arrival_time, departure_time",mixed_date_format,fix (parse into one timestamp format)
9428,ATT011956,presenting_complaint,inconsistent_text_format,"fix (trim spaces, standardise case)"
9429,ATT001111,presenting_complaint,inconsistent_text_format,"fix (trim spaces, standardise case)"
9431,ATT010573,disposition,missing_disposition,fill with 'Unknown'
9432,ATT019406,gp_practice_code,missing_gp_code,set to NULL and flag
9434,ATT003147,"arrival_time, departure_time",mixed_date_format,fix (parse into one timestamp format)
9435,ATT001378,presenting_complaint,inconsistent_text_format,"fix (trim spaces, standardise case)"
9436,ATT017547,presenting_complaint,inconsistent_text_format,"fix (trim spaces, standardise case)"
9436,ATT017547,disposition,inconsistent_text_format,"fix (trim spaces, standardise case)"
9438,ATT000145,presenting_complaint,inconsistent_text_format,"fix (trim spaces, standardise case)"
9440,ATT003515,disposition,inconsistent_text_format,"fix (trim spaces, standardise case)"
9440,ATT003515,triage_category,triage_decimal_format,fix (3.0 -> 3)
9442,ATT007273,disposition,inconsistent_text_format,"fix (trim spaces, standardise case)"
9442,ATT007273,"arrival_time, departure_time",mixed_date_format,fix (parse into one timestamp format)
9444,ATT013550,presenting_complaint,inconsistent_text_format,"fix (trim spaces, standardise case)"
9444,ATT013550,"arrival_time, departure_time",mixed_date_format,fix (parse into one timestamp format)
9447,ATT016517,disposition,inconsistent_text_format,"fix (trim spaces, standardise case)"
9450,ATT004182,presenting_complaint,inconsistent_text_format,"fix (trim spaces, standardise case)"
9452,ATT009412,disposition,inconsistent_text_format,"fix (trim spaces, standardise case)"
9452,ATT009412,"arrival_time, departure_time",mixed_date_format,fix (parse into one timestamp format)
9456,ATT011717,"arrival_time, departure_time",mixed_date_format,fix (parse into one timestamp format)
9459,ATT000595,presenting_complaint,missing_presenting_complaint,fill with 'Unknown'
9460,ATT010499,presenting_complaint,inconsistent_text_format,"fix (trim spaces, standardise case)"
9462,ATT019929,"arrival_time, departure_time",mixed_date_format,fix (parse into one timestamp format)
9464,ATT005155,gp_practice_code,malformed_gp_code,set to NULL and flag
9466,ATT010883,departure_time,departure_before_arrival,reject
9467,ATT016226,departure_time,departure_before_arrival,reject
9475,ATT000082,disposition,inconsistent_text_format,"fix (trim spaces, standardise case)"
9475,ATT000082,"arrival_time, departure_time",mixed_date_format,fix (parse into one timestamp format)
9476,ATT007043,disposition,inconsistent_text_format,"fix (trim spaces, standardise case)"
9476,ATT007043,"arrival_time, departure_time",mixed_date_format,fix (parse into one timestamp format)
9478,ATT008725,gp_practice_code,missing_gp_code,set to NULL and flag
9478,ATT008725,"arrival_time, departure_time",mixed_date_format,fix (parse into one timestamp format)
9479,ATT000959,presenting_complaint,missing_presenting_complaint,fill with 'Unknown'
9480,ATT008665,triage_category,triage_decimal_format,fix (3.0 -> 3)
9481,ATT006610,presenting_complaint,inconsistent_text_format,"fix (trim spaces, standardise case)"
9481,ATT006610,"arrival_time, departure_time",mixed_date_format,fix (parse into one timestamp format)
9482,ATT006027,presenting_complaint,inconsistent_text_format,"fix (trim spaces, standardise case)"
9484,ATT007239,presenting_complaint,inconsistent_text_format,"fix (trim spaces, standardise case)"
9485,ATT016900,pseudo_patient_id,missing_patient_id,reject
9487,ATT003955,triage_category,invalid_triage_code,reject
9488,ATT004404,arrival_time,missing_arrival_time,reject
9491,ATT004512,presenting_complaint,inconsistent_text_format,"fix (trim spaces, standardise case)"
9491,ATT004512,gp_practice_code,missing_gp_code,set to NULL and flag
9499,ATT014294,disposition,inconsistent_text_format,"fix (trim spaces, standardise case)"
9501,ATT011757,gp_practice_code,missing_gp_code,set to NULL and flag
9503,ATT001265,disposition,inconsistent_text_format,"fix (trim spaces, standardise case)"
9506,ATT007256,disposition,inconsistent_text_format,"fix (trim spaces, standardise case)"
9506,ATT007256,"arrival_time, departure_time",mixed_date_format,fix (parse into one timestamp format)
9509,ATT016421,presenting_complaint,inconsistent_text_format,"fix (trim spaces, standardise case)"
9509,ATT016421,disposition,missing_disposition,fill with 'Unknown'
9511,ATT009465,"arrival_time, departure_time",mixed_date_format,fix (parse into one timestamp format)
9515,ATT001898,presenting_complaint,inconsistent_text_format,"fix (trim spaces, standardise case)"
9516,ATT017983,presenting_complaint,inconsistent_text_format,"fix (trim spaces, standardise case)"
9517,ATT007417,pseudo_patient_id,missing_patient_id,reject
9520,ATT016058,(entire row),duplicate_row,remove (keep first)
9522,ATT017279,presenting_complaint,inconsistent_text_format,"fix (trim spaces, standardise case)"
9525,ATT008908,presenting_complaint,inconsistent_text_format,"fix (trim spaces, standardise case)"
9528,ATT008745,triage_category,triage_decimal_format,fix (3.0 -> 3)
9529,ATT001119,"arrival_time, departure_time",mixed_date_format,fix (parse into one timestamp format)
9530,ATT001288,departure_time,departure_before_arrival,reject
9530,ATT001288,"arrival_time, departure_time",mixed_date_format,fix (parse into one timestamp format)
9531,ATT006205,"arrival_time, departure_time",mixed_date_format,fix (parse into one timestamp format)
9533,ATT007359,disposition,inconsistent_text_format,"fix (trim spaces, standardise case)"
9539,ATT000995,disposition,inconsistent_text_format,"fix (trim spaces, standardise case)"
9541,ATT004293,presenting_complaint,inconsistent_text_format,"fix (trim spaces, standardise case)"
9546,ATT001865,presenting_complaint,missing_presenting_complaint,fill with 'Unknown'
9553,ATT005790,(entire row),duplicate_row,remove (keep first)
9553,ATT005790,"arrival_time, departure_time",mixed_date_format,fix (parse into one timestamp format)
9559,ATT010874,gp_practice_code,missing_gp_code,set to NULL and flag
9560,ATT003613,"arrival_time, departure_time",mixed_date_format,fix (parse into one timestamp format)
9567,ATT011897,presenting_complaint,inconsistent_text_format,"fix (trim spaces, standardise case)"
9569,ATT014352,presenting_complaint,inconsistent_text_format,"fix (trim spaces, standardise case)"
9569,ATT014352,"arrival_time, departure_time",mixed_date_format,fix (parse into one timestamp format)
9571,ATT011237,presenting_complaint,inconsistent_text_format,"fix (trim spaces, standardise case)"
9571,ATT011237,"arrival_time, departure_time",mixed_date_format,fix (parse into one timestamp format)
9572,ATT009749,disposition,inconsistent_text_format,"fix (trim spaces, standardise case)"
9578,ATT011771,presenting_complaint,inconsistent_text_format,"fix (trim spaces, standardise case)"
9582,ATT001794,departure_time,departure_before_arrival,reject
9585,ATT017497,"arrival_time, departure_time",mixed_date_format,fix (parse into one timestamp format)
9586,ATT000494,presenting_complaint,inconsistent_text_format,"fix (trim spaces, standardise case)"
9586,ATT000494,disposition,inconsistent_text_format,"fix (trim spaces, standardise case)"
9592,ATT004009,disposition,inconsistent_text_format,"fix (trim spaces, standardise case)"
9592,ATT004009,"arrival_time, departure_time",mixed_date_format,fix (parse into one timestamp format)
9597,ATT000445,presenting_complaint,missing_presenting_complaint,fill with 'Unknown'
9600,ATT001593,(entire row),duplicate_row,remove (keep first)
9600,ATT001593,presenting_complaint,inconsistent_text_format,"fix (trim spaces, standardise case)"
9600,ATT001593,"arrival_time, departure_time",mixed_date_format,fix (parse into one timestamp format)
9601,ATT018322,disposition,inconsistent_text_format,"fix (trim spaces, standardise case)"
9601,ATT018322,triage_category,triage_decimal_format,fix (3.0 -> 3)
9602,ATT014732,presenting_complaint,missing_presenting_complaint,fill with 'Unknown'
9603,ATT005741,presenting_complaint,missing_presenting_complaint,fill with 'Unknown'
9604,ATT001495,gp_practice_code,missing_gp_code,set to NULL and flag
9605,ATT011779,"arrival_time, departure_time",mixed_date_format,fix (parse into one timestamp format)
9608,ATT003752,"arrival_time, departure_time",mixed_date_format,fix (parse into one timestamp format)
9612,ATT012636,disposition,inconsistent_text_format,"fix (trim spaces, standardise case)"
9614,ATT019284,departure_time,departure_before_arrival,reject
9614,ATT019284,presenting_complaint,inconsistent_text_format,"fix (trim spaces, standardise case)"
9614,ATT019284,disposition,inconsistent_text_format,"fix (trim spaces, standardise case)"
9616,ATT018872,gp_practice_code,missing_gp_code,set to NULL and flag
9616,ATT018872,"arrival_time, departure_time",mixed_date_format,fix (parse into one timestamp format)
9617,ATT001375,"arrival_time, departure_time",mixed_date_format,fix (parse into one timestamp format)
9618,ATT012958,gp_practice_code,missing_gp_code,set to NULL and flag
9621,ATT000538,"arrival_time, departure_time",mixed_date_format,fix (parse into one timestamp format)
9625,ATT000647,"arrival_time, departure_time",mixed_date_format,fix (parse into one timestamp format)
9627,ATT002187,"arrival_time, departure_time",mixed_date_format,fix (parse into one timestamp format)
9628,ATT003110,gp_practice_code,missing_gp_code,set to NULL and flag
9630,ATT019838,disposition,inconsistent_text_format,"fix (trim spaces, standardise case)"
9630,ATT019838,"arrival_time, departure_time",mixed_date_format,fix (parse into one timestamp format)
9631,ATT010961,disposition,inconsistent_text_format,"fix (trim spaces, standardise case)"
9632,ATT013307,"arrival_time, departure_time",mixed_date_format,fix (parse into one timestamp format)
9637,ATT014135,departure_time,extreme_length_of_stay,reject
9637,ATT014135,disposition,inconsistent_text_format,"fix (trim spaces, standardise case)"
9638,ATT012386,presenting_complaint,inconsistent_text_format,"fix (trim spaces, standardise case)"
9640,ATT002103,presenting_complaint,inconsistent_text_format,"fix (trim spaces, standardise case)"
9640,ATT002103,gp_practice_code,missing_gp_code,set to NULL and flag
9641,ATT010520,disposition,inconsistent_text_format,"fix (trim spaces, standardise case)"
9643,ATT007146,presenting_complaint,inconsistent_text_format,"fix (trim spaces, standardise case)"
9643,ATT007146,"arrival_time, departure_time",mixed_date_format,fix (parse into one timestamp format)
9648,ATT005404,presenting_complaint,inconsistent_text_format,"fix (trim spaces, standardise case)"
9648,ATT005404,"arrival_time, departure_time",mixed_date_format,fix (parse into one timestamp format)
9653,ATT013074,departure_time,departure_before_arrival,reject
9655,ATT012161,disposition,inconsistent_text_format,"fix (trim spaces, standardise case)"
9656,ATT000632,(entire row),duplicate_row,remove (keep first)
9656,ATT000632,disposition,inconsistent_text_format,"fix (trim spaces, standardise case)"
9657,ATT010535,presenting_complaint,inconsistent_text_format,"fix (trim spaces, standardise case)"
9658,ATT009423,presenting_complaint,inconsistent_text_format,"fix (trim spaces, standardise case)"
9664,ATT001116,"arrival_time, departure_time",mixed_date_format,fix (parse into one timestamp format)
9666,ATT003467,"arrival_time, departure_time",mixed_date_format,fix (parse into one timestamp format)
9671,ATT017325,departure_time,extreme_length_of_stay,reject
9672,ATT007389,gp_practice_code,gp_code_lowercase,fix (upper-case)
9673,ATT015294,"arrival_time, departure_time",mixed_date_format,fix (parse into one timestamp format)
9674,ATT012718,presenting_complaint,inconsistent_text_format,"fix (trim spaces, standardise case)"
9676,ATT008233,"arrival_time, departure_time",mixed_date_format,fix (parse into one timestamp format)
9679,ATT013604,(entire row),duplicate_row,remove (keep first)
9679,ATT013604,presenting_complaint,inconsistent_text_format,"fix (trim spaces, standardise case)"
9682,ATT007625,(entire row),duplicate_row,remove (keep first)
9686,ATT000800,disposition,inconsistent_text_format,"fix (trim spaces, standardise case)"
9687,ATT014499,disposition,inconsistent_text_format,"fix (trim spaces, standardise case)"
9688,ATT000428,disposition,inconsistent_text_format,"fix (trim spaces, standardise case)"
9691,ATT017231,gp_practice_code,gp_code_lowercase,fix (upper-case)
9692,ATT016692,"arrival_time, departure_time",mixed_date_format,fix (parse into one timestamp format)
9696,ATT003132,departure_time,departure_before_arrival,reject
9700,ATT015371,presenting_complaint,inconsistent_text_format,"fix (trim spaces, standardise case)"
9701,ATT012383,presenting_complaint,inconsistent_text_format,"fix (trim spaces, standardise case)"
9702,ATT013464,"arrival_time, departure_time",mixed_date_format,fix (parse into one timestamp format)
9703,ATT007424,disposition,inconsistent_text_format,"fix (trim spaces, standardise case)"
9703,ATT007424,"arrival_time, departure_time",mixed_date_format,fix (parse into one timestamp format)
9705,ATT011360,gp_practice_code,missing_gp_code,set to NULL and flag
9709,ATT005370,triage_category,invalid_triage_code,reject
9712,ATT010477,disposition,inconsistent_text_format,"fix (trim spaces, standardise case)"
9716,ATT007343,presenting_complaint,inconsistent_text_format,"fix (trim spaces, standardise case)"
9721,ATT006740,disposition,inconsistent_text_format,"fix (trim spaces, standardise case)"
9726,ATT002019,"arrival_time, departure_time",mixed_date_format,fix (parse into one timestamp format)
9727,ATT007413,presenting_complaint,inconsistent_text_format,"fix (trim spaces, standardise case)"
9727,ATT007413,triage_category,invalid_triage_code,reject
9728,ATT010280,"arrival_time, departure_time",mixed_date_format,fix (parse into one timestamp format)
9729,ATT011680,disposition,inconsistent_text_format,"fix (trim spaces, standardise case)"
9730,ATT019943,disposition,inconsistent_text_format,"fix (trim spaces, standardise case)"
9732,ATT013151,"arrival_time, departure_time",mixed_date_format,fix (parse into one timestamp format)
9733,ATT010570,disposition,inconsistent_text_format,"fix (trim spaces, standardise case)"
9738,ATT011103,arrival_time,missing_arrival_time,reject
9739,ATT009618,arrival_time,future_dated_attendance,reject
9739,ATT009618,"arrival_time, departure_time",mixed_date_format,fix (parse into one timestamp format)
9743,ATT004963,gp_practice_code,missing_gp_code,set to NULL and flag
9744,ATT014740,gp_practice_code,missing_gp_code,set to NULL and flag
9745,ATT016646,disposition,inconsistent_text_format,"fix (trim spaces, standardise case)"
9747,ATT000798,presenting_complaint,inconsistent_text_format,"fix (trim spaces, standardise case)"
9747,ATT000798,disposition,inconsistent_text_format,"fix (trim spaces, standardise case)"
9748,ATT005468,"arrival_time, departure_time",mixed_date_format,fix (parse into one timestamp format)
9753,ATT008012,disposition,inconsistent_text_format,"fix (trim spaces, standardise case)"
9760,ATT000481,presenting_complaint,inconsistent_text_format,"fix (trim spaces, standardise case)"
9765,ATT006940,disposition,inconsistent_text_format,"fix (trim spaces, standardise case)"
9765,ATT006940,"arrival_time, departure_time",mixed_date_format,fix (parse into one timestamp format)
9775,ATT014629,departure_time,departure_before_arrival,reject
9776,ATT001421,"arrival_time, departure_time",mixed_date_format,fix (parse into one timestamp format)
9778,ATT018273,gp_practice_code,gp_code_lowercase,fix (upper-case)
9781,ATT001710,disposition,inconsistent_text_format,"fix (trim spaces, standardise case)"
9781,ATT001710,"arrival_time, departure_time",mixed_date_format,fix (parse into one timestamp format)
9783,ATT000431,disposition,inconsistent_text_format,"fix (trim spaces, standardise case)"
9784,ATT012293,"arrival_time, departure_time",mixed_date_format,fix (parse into one timestamp format)
9786,ATT002329,presenting_complaint,inconsistent_text_format,"fix (trim spaces, standardise case)"
9791,ATT000685,"arrival_time, departure_time",mixed_date_format,fix (parse into one timestamp format)
9798,ATT008954,departure_time,departure_before_arrival,reject
9800,ATT008989,triage_category,triage_decimal_format,fix (3.0 -> 3)
9803,ATT006974,"arrival_time, departure_time",mixed_date_format,fix (parse into one timestamp format)
9810,ATT002759,disposition,inconsistent_text_format,"fix (trim spaces, standardise case)"
9812,ATT001655,"arrival_time, departure_time",mixed_date_format,fix (parse into one timestamp format)
9815,ATT018875,arrival_time,missing_arrival_time,reject
9817,ATT016866,disposition,missing_disposition,fill with 'Unknown'
9818,ATT018469,presenting_complaint,inconsistent_text_format,"fix (trim spaces, standardise case)"
9821,ATT010193,presenting_complaint,missing_presenting_complaint,fill with 'Unknown'
9823,ATT016864,"arrival_time, departure_time",mixed_date_format,fix (parse into one timestamp format)
9824,ATT013572,presenting_complaint,inconsistent_text_format,"fix (trim spaces, standardise case)"
9826,ATT014904,disposition,inconsistent_text_format,"fix (trim spaces, standardise case)"
9828,ATT013884,disposition,inconsistent_text_format,"fix (trim spaces, standardise case)"
9830,ATT004889,presenting_complaint,missing_presenting_complaint,fill with 'Unknown'
9830,ATT004889,"arrival_time, departure_time",mixed_date_format,fix (parse into one timestamp format)
9831,ATT014945,disposition,missing_disposition,fill with 'Unknown'
9831,ATT014945,"arrival_time, departure_time",mixed_date_format,fix (parse into one timestamp format)
9834,ATT008371,presenting_complaint,inconsistent_text_format,"fix (trim spaces, standardise case)"
9838,ATT012365,disposition,inconsistent_text_format,"fix (trim spaces, standardise case)"
9839,ATT004636,"arrival_time, departure_time",mixed_date_format,fix (parse into one timestamp format)
9840,ATT003541,"arrival_time, departure_time",mixed_date_format,fix (parse into one timestamp format)
9843,ATT019500,"arrival_time, departure_time",mixed_date_format,fix (parse into one timestamp format)
9845,ATT001161,"arrival_time, departure_time",mixed_date_format,fix (parse into one timestamp format)
9850,ATT010698,"arrival_time, departure_time",mixed_date_format,fix (parse into one timestamp format)
9855,ATT003952,presenting_complaint,inconsistent_text_format,"fix (trim spaces, standardise case)"
9856,ATT011293,disposition,inconsistent_text_format,"fix (trim spaces, standardise case)"
9857,ATT015858,gp_practice_code,missing_gp_code,set to NULL and flag
9858,ATT013293,presenting_complaint,inconsistent_text_format,"fix (trim spaces, standardise case)"
9858,ATT013293,disposition,inconsistent_text_format,"fix (trim spaces, standardise case)"
9861,ATT010572,presenting_complaint,inconsistent_text_format,"fix (trim spaces, standardise case)"
9862,ATT003917,"arrival_time, departure_time",mixed_date_format,fix (parse into one timestamp format)
9865,ATT006082,"arrival_time, departure_time",mixed_date_format,fix (parse into one timestamp format)
9869,ATT008010,gp_practice_code,missing_gp_code,set to NULL and flag
9870,ATT012731,"arrival_time, departure_time",mixed_date_format,fix (parse into one timestamp format)
9872,ATT011434,(entire row),duplicate_row,remove (keep first)
9873,ATT009293,"arrival_time, departure_time",mixed_date_format,fix (parse into one timestamp format)
9874,ATT019451,presenting_complaint,inconsistent_text_format,"fix (trim spaces, standardise case)"
9874,ATT019451,arrival_time,missing_arrival_time,reject
9874,ATT019451,"arrival_time, departure_time",mixed_date_format,fix (parse into one timestamp format)
9876,ATT001502,"arrival_time, departure_time",mixed_date_format,fix (parse into one timestamp format)
9877,ATT004996,triage_category,invalid_triage_code,reject
9880,ATT010445,presenting_complaint,inconsistent_text_format,"fix (trim spaces, standardise case)"
9883,ATT018979,disposition,inconsistent_text_format,"fix (trim spaces, standardise case)"
9883,ATT018979,"arrival_time, departure_time",mixed_date_format,fix (parse into one timestamp format)
9884,ATT007771,"arrival_time, departure_time",mixed_date_format,fix (parse into one timestamp format)
9885,ATT002533,triage_category,invalid_triage_code,reject
9885,ATT002533,"arrival_time, departure_time",mixed_date_format,fix (parse into one timestamp format)
9889,ATT014604,presenting_complaint,inconsistent_text_format,"fix (trim spaces, standardise case)"
9890,ATT013607,presenting_complaint,inconsistent_text_format,"fix (trim spaces, standardise case)"
9893,ATT013479,disposition,inconsistent_text_format,"fix (trim spaces, standardise case)"
9896,ATT004239,presenting_complaint,inconsistent_text_format,"fix (trim spaces, standardise case)"
9898,ATT006436,"arrival_time, departure_time",mixed_date_format,fix (parse into one timestamp format)
9898,ATT006436,triage_category,triage_decimal_format,fix (3.0 -> 3)
9902,ATT013152,"arrival_time, departure_time",mixed_date_format,fix (parse into one timestamp format)
9904,ATT016051,presenting_complaint,inconsistent_text_format,"fix (trim spaces, standardise case)"
9905,ATT001473,disposition,missing_disposition,fill with 'Unknown'
9906,ATT014304,"arrival_time, departure_time",mixed_date_format,fix (parse into one timestamp format)
9907,ATT018477,"arrival_time, departure_time",mixed_date_format,fix (parse into one timestamp format)
9909,ATT015451,gp_practice_code,gp_code_lowercase,fix (upper-case)
9911,ATT015842,disposition,inconsistent_text_format,"fix (trim spaces, standardise case)"
9913,ATT019352,"arrival_time, departure_time",mixed_date_format,fix (parse into one timestamp format)
9918,ATT003203,presenting_complaint,inconsistent_text_format,"fix (trim spaces, standardise case)"
9918,ATT003203,"arrival_time, departure_time",mixed_date_format,fix (parse into one timestamp format)
9919,ATT014339,"arrival_time, departure_time",mixed_date_format,fix (parse into one timestamp format)
9924,ATT008607,departure_time,departure_before_arrival,reject
9925,ATT003594,"arrival_time, departure_time",mixed_date_format,fix (parse into one timestamp format)
9926,ATT017258,"arrival_time, departure_time",mixed_date_format,fix (parse into one timestamp format)
9927,ATT011093,departure_time,departure_before_arrival,reject
9929,ATT011831,disposition,inconsistent_text_format,"fix (trim spaces, standardise case)"
9930,ATT003272,gp_practice_code,malformed_gp_code,set to NULL and flag
9931,ATT004718,disposition,inconsistent_text_format,"fix (trim spaces, standardise case)"
9932,ATT001005,departure_time,missing_departure_time,reject
9935,ATT016678,departure_time,missing_departure_time,reject
9935,ATT016678,"arrival_time, departure_time",mixed_date_format,fix (parse into one timestamp format)
9939,ATT006213,"arrival_time, departure_time",mixed_date_format,fix (parse into one timestamp format)
9940,ATT016578,gp_practice_code,missing_gp_code,set to NULL and flag
9940,ATT016578,"arrival_time, departure_time",mixed_date_format,fix (parse into one timestamp format)
9941,ATT013198,presenting_complaint,inconsistent_text_format,"fix (trim spaces, standardise case)"
9942,ATT003543,gp_practice_code,missing_gp_code,set to NULL and flag
9943,ATT010312,"arrival_time, departure_time",mixed_date_format,fix (parse into one timestamp format)
9944,ATT000254,disposition,inconsistent_text_format,"fix (trim spaces, standardise case)"
9945,ATT015305,"arrival_time, departure_time",mixed_date_format,fix (parse into one timestamp format)
9948,ATT002143,triage_category,invalid_triage_code,reject
9955,ATT013481,presenting_complaint,missing_presenting_complaint,fill with 'Unknown'
9955,ATT013481,"arrival_time, departure_time",mixed_date_format,fix (parse into one timestamp format)
9956,ATT014466,"arrival_time, departure_time",mixed_date_format,fix (parse into one timestamp format)
9957,ATT017081,disposition,missing_disposition,fill with 'Unknown'
9958,ATT009696,gp_practice_code,missing_gp_code,set to NULL and flag
9962,ATT010756,"arrival_time, departure_time",mixed_date_format,fix (parse into one timestamp format)
9965,ATT005730,pseudo_patient_id,missing_patient_id,reject
9966,ATT017713,gp_practice_code,missing_gp_code,set to NULL and flag
9967,ATT018177,"arrival_time, departure_time",mixed_date_format,fix (parse into one timestamp format)
9968,ATT011199,"arrival_time, departure_time",mixed_date_format,fix (parse into one timestamp format)
9969,ATT017402,presenting_complaint,inconsistent_text_format,"fix (trim spaces, standardise case)"
9969,ATT017402,"arrival_time, departure_time",mixed_date_format,fix (parse into one timestamp format)
9970,ATT019401,"arrival_time, departure_time",mixed_date_format,fix (parse into one timestamp format)
9971,ATT019915,"arrival_time, departure_time",mixed_date_format,fix (parse into one timestamp format)
9972,ATT015821,presenting_complaint,inconsistent_text_format,"fix (trim spaces, standardise case)"
9975,ATT003095,"arrival_time, departure_time",mixed_date_format,fix (parse into one timestamp format)
9976,ATT018644,"arrival_time, departure_time",mixed_date_format,fix (parse into one timestamp format)
9978,ATT002115,gp_practice_code,missing_gp_code,set to NULL and flag
9979,ATT015321,disposition,inconsistent_text_format,"fix (trim spaces, standardise case)"
9980,ATT002274,presenting_complaint,missing_presenting_complaint,fill with 'Unknown'
9986,ATT004818,"arrival_time, departure_time",mixed_date_format,fix (parse into one timestamp format)
9987,ATT013943,presenting_complaint,inconsistent_text_format,"fix (trim spaces, standardise case)"
9988,ATT003564,"arrival_time, departure_time",mixed_date_format,fix (parse into one timestamp format)
9989,ATT012122,disposition,inconsistent_text_format,"fix (trim spaces, standardise case)"
9991,ATT017256,disposition,inconsistent_text_format,"fix (trim spaces, standardise case)"
9997,ATT012305,presenting_complaint,inconsistent_text_format,"fix (trim spaces, standardise case)"
9999,ATT000657,"arrival_time, departure_time",mixed_date_format,fix (parse into one timestamp format)
10000,ATT006685,presenting_complaint,inconsistent_text_format,"fix (trim spaces, standardise case)"
10002,ATT018159,presenting_complaint,inconsistent_text_format,"fix (trim spaces, standardise case)"
10003,ATT012795,presenting_complaint,inconsistent_text_format,"fix (trim spaces, standardise case)"
10004,ATT016835,(entire row),duplicate_row,remove (keep first)
10006,ATT003232,disposition,inconsistent_text_format,"fix (trim spaces, standardise case)"
10008,ATT002485,gp_practice_code,missing_gp_code,set to NULL and flag
10010,ATT005968,"arrival_time, departure_time",mixed_date_format,fix (parse into one timestamp format)
10011,ATT017490,"arrival_time, departure_time",mixed_date_format,fix (parse into one timestamp format)
10015,ATT005665,gp_practice_code,gp_code_lowercase,fix (upper-case)
10016,ATT011946,gp_practice_code,missing_gp_code,set to NULL and flag
10018,ATT016583,presenting_complaint,inconsistent_text_format,"fix (trim spaces, standardise case)"
10018,ATT016583,gp_practice_code,missing_gp_code,set to NULL and flag
10019,ATT003410,disposition,inconsistent_text_format,"fix (trim spaces, standardise case)"
10020,ATT004776,disposition,inconsistent_text_format,"fix (trim spaces, standardise case)"
10021,ATT009911,disposition,inconsistent_text_format,"fix (trim spaces, standardise case)"
10022,ATT014612,departure_time,departure_before_arrival,reject
10024,ATT011617,"arrival_time, departure_time",mixed_date_format,fix (parse into one timestamp format)
10025,ATT001462,"arrival_time, departure_time",mixed_date_format,fix (parse into one timestamp format)
10029,ATT012768,presenting_complaint,inconsistent_text_format,"fix (trim spaces, standardise case)"
10030,ATT013785,"arrival_time, departure_time",mixed_date_format,fix (parse into one timestamp format)
10031,ATT011765,presenting_complaint,inconsistent_text_format,"fix (trim spaces, standardise case)"
10032,ATT015743,"arrival_time, departure_time",mixed_date_format,fix (parse into one timestamp format)
10038,ATT017820,disposition,inconsistent_text_format,"fix (trim spaces, standardise case)"
10045,ATT003859,"arrival_time, departure_time",mixed_date_format,fix (parse into one timestamp format)
10051,ATT002628,presenting_complaint,inconsistent_text_format,"fix (trim spaces, standardise case)"
10054,ATT003664,disposition,inconsistent_text_format,"fix (trim spaces, standardise case)"
10054,ATT003664,gp_practice_code,malformed_gp_code,set to NULL and flag
10055,ATT013470,presenting_complaint,missing_presenting_complaint,fill with 'Unknown'
10058,ATT014620,disposition,missing_disposition,fill with 'Unknown'
10063,ATT003083,gp_practice_code,missing_gp_code,set to NULL and flag
10064,ATT011147,presenting_complaint,missing_presenting_complaint,fill with 'Unknown'
10064,ATT011147,"arrival_time, departure_time",mixed_date_format,fix (parse into one timestamp format)
10073,ATT014511,gp_practice_code,missing_gp_code,set to NULL and flag
10075,ATT008128,"arrival_time, departure_time",mixed_date_format,fix (parse into one timestamp format)
10076,ATT006884,"arrival_time, departure_time",mixed_date_format,fix (parse into one timestamp format)
10077,ATT018006,gp_practice_code,malformed_gp_code,set to NULL and flag
10077,ATT018006,"arrival_time, departure_time",mixed_date_format,fix (parse into one timestamp format)
10078,ATT014712,"arrival_time, departure_time",mixed_date_format,fix (parse into one timestamp format)
10079,ATT002398,"arrival_time, departure_time",mixed_date_format,fix (parse into one timestamp format)
10081,ATT004185,"arrival_time, departure_time",mixed_date_format,fix (parse into one timestamp format)
10082,ATT017329,presenting_complaint,inconsistent_text_format,"fix (trim spaces, standardise case)"
10082,ATT017329,disposition,inconsistent_text_format,"fix (trim spaces, standardise case)"
10084,ATT002374,"arrival_time, departure_time",mixed_date_format,fix (parse into one timestamp format)
10085,ATT016266,presenting_complaint,inconsistent_text_format,"fix (trim spaces, standardise case)"
10085,ATT016266,disposition,inconsistent_text_format,"fix (trim spaces, standardise case)"
10087,ATT016703,"arrival_time, departure_time",mixed_date_format,fix (parse into one timestamp format)
10089,ATT015104,"arrival_time, departure_time",mixed_date_format,fix (parse into one timestamp format)
10091,ATT009474,arrival_time,missing_arrival_time,reject
10092,ATT011877,gp_practice_code,missing_gp_code,set to NULL and flag
10092,ATT011877,"arrival_time, departure_time",mixed_date_format,fix (parse into one timestamp format)
10093,ATT010029,"arrival_time, departure_time",mixed_date_format,fix (parse into one timestamp format)
10099,ATT014718,presenting_complaint,inconsistent_text_format,"fix (trim spaces, standardise case)"
10100,ATT012782,disposition,inconsistent_text_format,"fix (trim spaces, standardise case)"
10103,ATT005014,"arrival_time, departure_time",mixed_date_format,fix (parse into one timestamp format)
10104,ATT015440,"arrival_time, departure_time",mixed_date_format,fix (parse into one timestamp format)
10107,ATT011466,gp_practice_code,malformed_gp_code,set to NULL and flag
10107,ATT011466,"arrival_time, departure_time",mixed_date_format,fix (parse into one timestamp format)
10112,ATT014440,presenting_complaint,inconsistent_text_format,"fix (trim spaces, standardise case)"
10118,ATT016852,(entire row),duplicate_row,remove (keep first)
10120,ATT009434,presenting_complaint,missing_presenting_complaint,fill with 'Unknown'
10123,ATT016492,disposition,inconsistent_text_format,"fix (trim spaces, standardise case)"
10123,ATT016492,departure_time,missing_departure_time,reject
10126,ATT014606,disposition,missing_disposition,fill with 'Unknown'
10127,ATT001524,departure_time,extreme_length_of_stay,reject
10131,ATT005207,presenting_complaint,inconsistent_text_format,"fix (trim spaces, standardise case)"
10133,ATT001407,disposition,inconsistent_text_format,"fix (trim spaces, standardise case)"
10133,ATT001407,presenting_complaint,missing_presenting_complaint,fill with 'Unknown'
10134,ATT003320,presenting_complaint,inconsistent_text_format,"fix (trim spaces, standardise case)"
10136,ATT015360,"arrival_time, departure_time",mixed_date_format,fix (parse into one timestamp format)
10138,ATT000528,(entire row),duplicate_row,remove (keep first)
10138,ATT000528,presenting_complaint,inconsistent_text_format,"fix (trim spaces, standardise case)"
10141,ATT014144,disposition,inconsistent_text_format,"fix (trim spaces, standardise case)"
10142,ATT017565,"arrival_time, departure_time",mixed_date_format,fix (parse into one timestamp format)
10143,ATT015598,(entire row),duplicate_row,remove (keep first)
10146,ATT019842,presenting_complaint,inconsistent_text_format,"fix (trim spaces, standardise case)"
10150,ATT011814,presenting_complaint,inconsistent_text_format,"fix (trim spaces, standardise case)"
10153,ATT010260,"arrival_time, departure_time",mixed_date_format,fix (parse into one timestamp format)
10157,ATT000775,presenting_complaint,inconsistent_text_format,"fix (trim spaces, standardise case)"
10158,ATT011881,presenting_complaint,missing_presenting_complaint,fill with 'Unknown'
10159,ATT001632,disposition,inconsistent_text_format,"fix (trim spaces, standardise case)"
10160,ATT013941,gp_practice_code,gp_code_lowercase,fix (upper-case)
10161,ATT014165,disposition,inconsistent_text_format,"fix (trim spaces, standardise case)"
10162,ATT015050,"arrival_time, departure_time",mixed_date_format,fix (parse into one timestamp format)
10163,ATT014397,"arrival_time, departure_time",mixed_date_format,fix (parse into one timestamp format)
10167,ATT015520,departure_time,departure_before_arrival,reject
10170,ATT010599,disposition,inconsistent_text_format,"fix (trim spaces, standardise case)"
10171,ATT018827,"arrival_time, departure_time",mixed_date_format,fix (parse into one timestamp format)
10173,ATT009184,(entire row),duplicate_row,remove (keep first)
10178,ATT004660,disposition,inconsistent_text_format,"fix (trim spaces, standardise case)"
10182,ATT004685,disposition,inconsistent_text_format,"fix (trim spaces, standardise case)"
10184,ATT015412,gp_practice_code,malformed_gp_code,set to NULL and flag
10184,ATT015412,"arrival_time, departure_time",mixed_date_format,fix (parse into one timestamp format)
10186,ATT008664,presenting_complaint,inconsistent_text_format,"fix (trim spaces, standardise case)"
10187,ATT012168,presenting_complaint,inconsistent_text_format,"fix (trim spaces, standardise case)"
10187,ATT012168,gp_practice_code,malformed_gp_code,set to NULL and flag
10192,ATT013323,"arrival_time, departure_time",mixed_date_format,fix (parse into one timestamp format)
10194,ATT001447,"arrival_time, departure_time",mixed_date_format,fix (parse into one timestamp format)
10195,ATT018715,"arrival_time, departure_time",mixed_date_format,fix (parse into one timestamp format)
10197,ATT011442,"arrival_time, departure_time",mixed_date_format,fix (parse into one timestamp format)
10199,ATT014480,"arrival_time, departure_time",mixed_date_format,fix (parse into one timestamp format)
10200,ATT007310,"arrival_time, departure_time",mixed_date_format,fix (parse into one timestamp format)
10204,ATT012545,gp_practice_code,malformed_gp_code,set to NULL and flag
10206,ATT003219,"arrival_time, departure_time",mixed_date_format,fix (parse into one timestamp format)
10207,ATT014580,gp_practice_code,missing_gp_code,set to NULL and flag
10208,ATT003521,(entire row),duplicate_row,remove (keep first)
10210,ATT005948,disposition,inconsistent_text_format,"fix (trim spaces, standardise case)"
10212,ATT002589,(entire row),duplicate_row,remove (keep first)
10215,ATT013253,"arrival_time, departure_time",mixed_date_format,fix (parse into one timestamp format)
10217,ATT009951,"arrival_time, departure_time",mixed_date_format,fix (parse into one timestamp format)
10218,ATT013292,presenting_complaint,inconsistent_text_format,"fix (trim spaces, standardise case)"
10220,ATT008644,"arrival_time, departure_time",mixed_date_format,fix (parse into one timestamp format)
10221,ATT006807,disposition,inconsistent_text_format,"fix (trim spaces, standardise case)"
10223,ATT009045,presenting_complaint,inconsistent_text_format,"fix (trim spaces, standardise case)"
10227,ATT009293,(entire row),duplicate_row,remove (keep first)
10227,ATT009293,"arrival_time, departure_time",mixed_date_format,fix (parse into one timestamp format)
10228,ATT016296,presenting_complaint,missing_presenting_complaint,fill with 'Unknown'
10229,ATT017977,presenting_complaint,missing_presenting_complaint,fill with 'Unknown'
10230,ATT004484,"arrival_time, departure_time",mixed_date_format,fix (parse into one timestamp format)
10231,ATT015006,departure_time,departure_before_arrival,reject
10232,ATT009181,presenting_complaint,missing_presenting_complaint,fill with 'Unknown'
10233,ATT012834,presenting_complaint,inconsistent_text_format,"fix (trim spaces, standardise case)"
10234,ATT014658,"arrival_time, departure_time",mixed_date_format,fix (parse into one timestamp format)
10238,ATT004609,departure_time,departure_before_arrival,reject
10239,ATT012129,"arrival_time, departure_time",mixed_date_format,fix (parse into one timestamp format)
10243,ATT015482,presenting_complaint,inconsistent_text_format,"fix (trim spaces, standardise case)"
10245,ATT006328,gp_practice_code,malformed_gp_code,set to NULL and flag
10245,ATT006328,"arrival_time, departure_time",mixed_date_format,fix (parse into one timestamp format)
10246,ATT009194,disposition,inconsistent_text_format,"fix (trim spaces, standardise case)"
10247,ATT013116,(entire row),duplicate_row,remove (keep first)
10247,ATT013116,"arrival_time, departure_time",mixed_date_format,fix (parse into one timestamp format)
10249,ATT011959,triage_category,triage_decimal_format,fix (3.0 -> 3)
10252,ATT003140,disposition,inconsistent_text_format,"fix (trim spaces, standardise case)"
10255,ATT019396,"arrival_time, departure_time",mixed_date_format,fix (parse into one timestamp format)
10258,ATT018538,gp_practice_code,missing_gp_code,set to NULL and flag
10259,ATT017273,disposition,missing_disposition,fill with 'Unknown'
10260,ATT004020,"arrival_time, departure_time",mixed_date_format,fix (parse into one timestamp format)
10262,ATT009554,triage_category,invalid_triage_code,reject
10268,ATT006084,presenting_complaint,inconsistent_text_format,"fix (trim spaces, standardise case)"
10269,ATT009306,presenting_complaint,inconsistent_text_format,"fix (trim spaces, standardise case)"
10274,ATT005891,disposition,inconsistent_text_format,"fix (trim spaces, standardise case)"
10274,ATT005891,"arrival_time, departure_time",mixed_date_format,fix (parse into one timestamp format)
10275,ATT017126,"arrival_time, departure_time",mixed_date_format,fix (parse into one timestamp format)
10280,ATT000566,presenting_complaint,inconsistent_text_format,"fix (trim spaces, standardise case)"
10281,ATT004119,"arrival_time, departure_time",mixed_date_format,fix (parse into one timestamp format)
10283,ATT000841,presenting_complaint,inconsistent_text_format,"fix (trim spaces, standardise case)"
10283,ATT000841,"arrival_time, departure_time",mixed_date_format,fix (parse into one timestamp format)
10285,ATT009835,disposition,inconsistent_text_format,"fix (trim spaces, standardise case)"
10291,ATT015213,"arrival_time, departure_time",mixed_date_format,fix (parse into one timestamp format)
10292,ATT009342,"arrival_time, departure_time",mixed_date_format,fix (parse into one timestamp format)
10299,ATT015020,"arrival_time, departure_time",mixed_date_format,fix (parse into one timestamp format)
10300,ATT018675,presenting_complaint,inconsistent_text_format,"fix (trim spaces, standardise case)"
10302,ATT004866,"arrival_time, departure_time",mixed_date_format,fix (parse into one timestamp format)
10305,ATT014946,"arrival_time, departure_time",mixed_date_format,fix (parse into one timestamp format)
10306,ATT013069,(entire row),duplicate_row,remove (keep first)
10307,ATT015984,disposition,inconsistent_text_format,"fix (trim spaces, standardise case)"
10312,ATT004103,"arrival_time, departure_time",mixed_date_format,fix (parse into one timestamp format)
10320,ATT002686,disposition,inconsistent_text_format,"fix (trim spaces, standardise case)"
10323,ATT007786,triage_category,invalid_triage_code,reject
10326,ATT009405,gp_practice_code,missing_gp_code,set to NULL and flag
10328,ATT014071,presenting_complaint,inconsistent_text_format,"fix (trim spaces, standardise case)"
10329,ATT012948,disposition,missing_disposition,fill with 'Unknown'
10329,ATT012948,"arrival_time, departure_time",mixed_date_format,fix (parse into one timestamp format)
10330,ATT017961,presenting_complaint,inconsistent_text_format,"fix (trim spaces, standardise case)"
10331,ATT016411,presenting_complaint,inconsistent_text_format,"fix (trim spaces, standardise case)"
10336,ATT011641,disposition,inconsistent_text_format,"fix (trim spaces, standardise case)"
10336,ATT011641,gp_practice_code,missing_gp_code,set to NULL and flag
10337,ATT011688,triage_category,invalid_triage_code,reject
10341,ATT002733,gp_practice_code,missing_gp_code,set to NULL and flag
10346,ATT009813,(entire row),duplicate_row,remove (keep first)
10349,ATT001360,disposition,inconsistent_text_format,"fix (trim spaces, standardise case)"
10351,ATT009841,"arrival_time, departure_time",mixed_date_format,fix (parse into one timestamp format)
10353,ATT002163,triage_category,invalid_triage_code,reject
10354,ATT000880,"arrival_time, departure_time",mixed_date_format,fix (parse into one timestamp format)
10355,ATT001579,presenting_complaint,inconsistent_text_format,"fix (trim spaces, standardise case)"
10361,ATT004113,presenting_complaint,missing_presenting_complaint,fill with 'Unknown'
10361,ATT004113,"arrival_time, departure_time",mixed_date_format,fix (parse into one timestamp format)
10362,ATT014380,"arrival_time, departure_time",mixed_date_format,fix (parse into one timestamp format)
10363,ATT001846,gp_practice_code,malformed_gp_code,set to NULL and flag
10364,ATT007839,departure_time,missing_departure_time,reject
10365,ATT004569,presenting_complaint,missing_presenting_complaint,fill with 'Unknown'
10367,ATT010490,gp_practice_code,malformed_gp_code,set to NULL and flag
10368,ATT019634,disposition,inconsistent_text_format,"fix (trim spaces, standardise case)"
10372,ATT011324,disposition,inconsistent_text_format,"fix (trim spaces, standardise case)"
10373,ATT009435,departure_time,missing_departure_time,reject
10376,ATT007774,"arrival_time, departure_time",mixed_date_format,fix (parse into one timestamp format)
10378,ATT006033,presenting_complaint,inconsistent_text_format,"fix (trim spaces, standardise case)"
10384,ATT019152,"arrival_time, departure_time",mixed_date_format,fix (parse into one timestamp format)
10387,ATT008984,disposition,inconsistent_text_format,"fix (trim spaces, standardise case)"
10387,ATT008984,"arrival_time, departure_time",mixed_date_format,fix (parse into one timestamp format)
10392,ATT010747,departure_time,extreme_length_of_stay,reject
10394,ATT000046,gp_practice_code,missing_gp_code,set to NULL and flag
10395,ATT015056,disposition,inconsistent_text_format,"fix (trim spaces, standardise case)"
10395,ATT015056,gp_practice_code,malformed_gp_code,set to NULL and flag
10397,ATT013643,"arrival_time, departure_time",mixed_date_format,fix (parse into one timestamp format)
10398,ATT006787,"arrival_time, departure_time",mixed_date_format,fix (parse into one timestamp format)
10403,ATT009777,"arrival_time, departure_time",mixed_date_format,fix (parse into one timestamp format)
10405,ATT004516,triage_category,invalid_triage_code,reject
10406,ATT009582,pseudo_patient_id,missing_patient_id,reject
10408,ATT001976,departure_time,extreme_length_of_stay,reject
10408,ATT001976,presenting_complaint,inconsistent_text_format,"fix (trim spaces, standardise case)"
10409,ATT005122,"arrival_time, departure_time",mixed_date_format,fix (parse into one timestamp format)
10413,ATT012658,departure_time,departure_before_arrival,reject
10413,ATT012658,gp_practice_code,gp_code_lowercase,fix (upper-case)
10413,ATT012658,presenting_complaint,inconsistent_text_format,"fix (trim spaces, standardise case)"
10417,ATT017446,gp_practice_code,missing_gp_code,set to NULL and flag
10421,ATT010240,presenting_complaint,inconsistent_text_format,"fix (trim spaces, standardise case)"
10421,ATT010240,"arrival_time, departure_time",mixed_date_format,fix (parse into one timestamp format)
10424,ATT015853,presenting_complaint,inconsistent_text_format,"fix (trim spaces, standardise case)"
10426,ATT005168,gp_practice_code,missing_gp_code,set to NULL and flag
10433,ATT008769,gp_practice_code,gp_code_lowercase,fix (upper-case)
10433,ATT008769,"arrival_time, departure_time",mixed_date_format,fix (parse into one timestamp format)
10434,ATT016605,presenting_complaint,inconsistent_text_format,"fix (trim spaces, standardise case)"
10436,ATT003989,presenting_complaint,missing_presenting_complaint,fill with 'Unknown'
10438,ATT000714,"arrival_time, departure_time",mixed_date_format,fix (parse into one timestamp format)
10443,ATT017618,gp_practice_code,missing_gp_code,set to NULL and flag
10447,ATT012568,"arrival_time, departure_time",mixed_date_format,fix (parse into one timestamp format)
10448,ATT008760,disposition,missing_disposition,fill with 'Unknown'
10448,ATT008760,"arrival_time, departure_time",mixed_date_format,fix (parse into one timestamp format)
10452,ATT013012,presenting_complaint,inconsistent_text_format,"fix (trim spaces, standardise case)"
10453,ATT014659,"arrival_time, departure_time",mixed_date_format,fix (parse into one timestamp format)
10454,ATT008331,presenting_complaint,inconsistent_text_format,"fix (trim spaces, standardise case)"
10455,ATT007433,presenting_complaint,inconsistent_text_format,"fix (trim spaces, standardise case)"
10455,ATT007433,gp_practice_code,missing_gp_code,set to NULL and flag
10457,ATT008432,"arrival_time, departure_time",mixed_date_format,fix (parse into one timestamp format)
10462,ATT004491,disposition,inconsistent_text_format,"fix (trim spaces, standardise case)"
10462,ATT004491,"arrival_time, departure_time",mixed_date_format,fix (parse into one timestamp format)
10463,ATT019299,presenting_complaint,inconsistent_text_format,"fix (trim spaces, standardise case)"
10463,ATT019299,departure_time,missing_departure_time,reject
10464,ATT010483,disposition,missing_disposition,fill with 'Unknown'
10466,ATT013739,disposition,inconsistent_text_format,"fix (trim spaces, standardise case)"
10468,ATT018515,"arrival_time, departure_time",mixed_date_format,fix (parse into one timestamp format)
10473,ATT008342,(entire row),duplicate_row,remove (keep first)
10473,ATT008342,"arrival_time, departure_time",mixed_date_format,fix (parse into one timestamp format)
10474,ATT000626,disposition,inconsistent_text_format,"fix (trim spaces, standardise case)"
10474,ATT000626,presenting_complaint,missing_presenting_complaint,fill with 'Unknown'
10475,ATT007524,presenting_complaint,inconsistent_text_format,"fix (trim spaces, standardise case)"
10476,ATT005831,disposition,inconsistent_text_format,"fix (trim spaces, standardise case)"
10476,ATT005831,departure_time,missing_departure_time,reject
10478,ATT012684,disposition,inconsistent_text_format,"fix (trim spaces, standardise case)"
10479,ATT019931,presenting_complaint,inconsistent_text_format,"fix (trim spaces, standardise case)"
10481,ATT002830,presenting_complaint,inconsistent_text_format,"fix (trim spaces, standardise case)"
10481,ATT002830,disposition,inconsistent_text_format,"fix (trim spaces, standardise case)"
10483,ATT015558,disposition,inconsistent_text_format,"fix (trim spaces, standardise case)"
10484,ATT011106,"arrival_time, departure_time",mixed_date_format,fix (parse into one timestamp format)
10486,ATT013713,"arrival_time, departure_time",mixed_date_format,fix (parse into one timestamp format)
10488,ATT010448,gp_practice_code,gp_code_lowercase,fix (upper-case)
10498,ATT018315,"arrival_time, departure_time",mixed_date_format,fix (parse into one timestamp format)
10501,ATT000987,triage_category,invalid_triage_code,reject
10501,ATT000987,"arrival_time, departure_time",mixed_date_format,fix (parse into one timestamp format)
10504,ATT017033,presenting_complaint,missing_presenting_complaint,fill with 'Unknown'
10507,ATT010969,departure_time,missing_departure_time,reject
10508,ATT014651,disposition,inconsistent_text_format,"fix (trim spaces, standardise case)"
10509,ATT016345,presenting_complaint,missing_presenting_complaint,fill with 'Unknown'
10515,ATT005319,"arrival_time, departure_time",mixed_date_format,fix (parse into one timestamp format)
10516,ATT005855,disposition,missing_disposition,fill with 'Unknown'
10519,ATT019957,"arrival_time, departure_time",mixed_date_format,fix (parse into one timestamp format)
10520,ATT016215,disposition,inconsistent_text_format,"fix (trim spaces, standardise case)"
10527,ATT014970,"arrival_time, departure_time",mixed_date_format,fix (parse into one timestamp format)
10529,ATT017795,presenting_complaint,missing_presenting_complaint,fill with 'Unknown'
10532,ATT007408,departure_time,departure_before_arrival,reject
10532,ATT007408,disposition,inconsistent_text_format,"fix (trim spaces, standardise case)"
10533,ATT019702,presenting_complaint,inconsistent_text_format,"fix (trim spaces, standardise case)"
10533,ATT019702,gp_practice_code,malformed_gp_code,set to NULL and flag
10535,ATT007314,"arrival_time, departure_time",mixed_date_format,fix (parse into one timestamp format)
10546,ATT005693,presenting_complaint,inconsistent_text_format,"fix (trim spaces, standardise case)"
10547,ATT018690,presenting_complaint,inconsistent_text_format,"fix (trim spaces, standardise case)"
10547,ATT018690,"arrival_time, departure_time",mixed_date_format,fix (parse into one timestamp format)
10548,ATT019572,triage_category,invalid_triage_code,reject
10550,ATT009117,gp_practice_code,missing_gp_code,set to NULL and flag
10553,ATT015015,presenting_complaint,inconsistent_text_format,"fix (trim spaces, standardise case)"
10554,ATT013600,presenting_complaint,missing_presenting_complaint,fill with 'Unknown'
10556,ATT014396,presenting_complaint,inconsistent_text_format,"fix (trim spaces, standardise case)"
10556,ATT014396,departure_time,missing_departure_time,reject
10558,ATT008979,"arrival_time, departure_time",mixed_date_format,fix (parse into one timestamp format)
10559,ATT019244,gp_practice_code,missing_gp_code,set to NULL and flag
10560,ATT009292,disposition,inconsistent_text_format,"fix (trim spaces, standardise case)"
10561,ATT010539,disposition,inconsistent_text_format,"fix (trim spaces, standardise case)"
10561,ATT010539,gp_practice_code,missing_gp_code,set to NULL and flag
10564,ATT001880,"arrival_time, departure_time",mixed_date_format,fix (parse into one timestamp format)
10571,ATT012599,departure_time,departure_before_arrival,reject
10571,ATT012599,"arrival_time, departure_time",mixed_date_format,fix (parse into one timestamp format)
10572,ATT019444,presenting_complaint,inconsistent_text_format,"fix (trim spaces, standardise case)"
10576,ATT009754,(entire row),duplicate_row,remove (keep first)
10579,ATT000244,presenting_complaint,inconsistent_text_format,"fix (trim spaces, standardise case)"
10579,ATT000244,triage_category,invalid_triage_code,reject
10581,ATT010936,presenting_complaint,missing_presenting_complaint,fill with 'Unknown'
10582,ATT008299,disposition,missing_disposition,fill with 'Unknown'
10582,ATT008299,"arrival_time, departure_time",mixed_date_format,fix (parse into one timestamp format)
10584,ATT011151,disposition,inconsistent_text_format,"fix (trim spaces, standardise case)"
10585,ATT019186,presenting_complaint,inconsistent_text_format,"fix (trim spaces, standardise case)"
10585,ATT019186,"arrival_time, departure_time",mixed_date_format,fix (parse into one timestamp format)
10587,ATT004831,presenting_complaint,missing_presenting_complaint,fill with 'Unknown'
10588,ATT012759,"arrival_time, departure_time",mixed_date_format,fix (parse into one timestamp format)
10589,ATT005345,disposition,inconsistent_text_format,"fix (trim spaces, standardise case)"
10599,ATT016976,"arrival_time, departure_time",mixed_date_format,fix (parse into one timestamp format)
10607,ATT009450,disposition,inconsistent_text_format,"fix (trim spaces, standardise case)"
10607,ATT009450,"arrival_time, departure_time",mixed_date_format,fix (parse into one timestamp format)
10610,ATT019723,disposition,inconsistent_text_format,"fix (trim spaces, standardise case)"
10610,ATT019723,departure_time,missing_departure_time,reject
10613,ATT002802,triage_category,triage_decimal_format,fix (3.0 -> 3)
10617,ATT018068,"arrival_time, departure_time",mixed_date_format,fix (parse into one timestamp format)
10621,ATT001246,"arrival_time, departure_time",mixed_date_format,fix (parse into one timestamp format)
10623,ATT004538,"arrival_time, departure_time",mixed_date_format,fix (parse into one timestamp format)
10624,ATT004054,gp_practice_code,missing_gp_code,set to NULL and flag
10628,ATT014367,"arrival_time, departure_time",mixed_date_format,fix (parse into one timestamp format)
10630,ATT017166,(entire row),duplicate_row,remove (keep first)
10630,ATT017166,presenting_complaint,inconsistent_text_format,"fix (trim spaces, standardise case)"
10631,ATT012190,presenting_complaint,inconsistent_text_format,"fix (trim spaces, standardise case)"
10635,ATT004395,gp_practice_code,missing_gp_code,set to NULL and flag
10635,ATT004395,"arrival_time, departure_time",mixed_date_format,fix (parse into one timestamp format)
10636,ATT005874,"arrival_time, departure_time",mixed_date_format,fix (parse into one timestamp format)
10637,ATT018783,"arrival_time, departure_time",mixed_date_format,fix (parse into one timestamp format)
10640,ATT016728,"arrival_time, departure_time",mixed_date_format,fix (parse into one timestamp format)
10649,ATT015909,gp_practice_code,malformed_gp_code,set to NULL and flag
10649,ATT015909,"arrival_time, departure_time",mixed_date_format,fix (parse into one timestamp format)
10650,ATT010900,"arrival_time, departure_time",mixed_date_format,fix (parse into one timestamp format)
10653,ATT011014,gp_practice_code,missing_gp_code,set to NULL and flag
10655,ATT014826,presenting_complaint,inconsistent_text_format,"fix (trim spaces, standardise case)"
10655,ATT014826,"arrival_time, departure_time",mixed_date_format,fix (parse into one timestamp format)
10657,ATT003654,disposition,missing_disposition,fill with 'Unknown'
10658,ATT005873,"arrival_time, departure_time",mixed_date_format,fix (parse into one timestamp format)
10661,ATT007378,departure_time,departure_before_arrival,reject
10665,ATT012706,departure_time,departure_before_arrival,reject
10667,ATT009268,"arrival_time, departure_time",mixed_date_format,fix (parse into one timestamp format)
10670,ATT002826,presenting_complaint,inconsistent_text_format,"fix (trim spaces, standardise case)"
10671,ATT009135,(entire row),duplicate_row,remove (keep first)
10671,ATT009135,disposition,inconsistent_text_format,"fix (trim spaces, standardise case)"
10674,ATT005869,disposition,inconsistent_text_format,"fix (trim spaces, standardise case)"
10676,ATT001427,"arrival_time, departure_time",mixed_date_format,fix (parse into one timestamp format)
10677,ATT018335,disposition,inconsistent_text_format,"fix (trim spaces, standardise case)"
10681,ATT015833,(entire row),duplicate_row,remove (keep first)
10682,ATT018828,presenting_complaint,inconsistent_text_format,"fix (trim spaces, standardise case)"
10683,ATT019700,presenting_complaint,inconsistent_text_format,"fix (trim spaces, standardise case)"
10684,ATT010586,"arrival_time, departure_time",mixed_date_format,fix (parse into one timestamp format)
10686,ATT015627,"arrival_time, departure_time",mixed_date_format,fix (parse into one timestamp format)
10693,ATT003400,presenting_complaint,inconsistent_text_format,"fix (trim spaces, standardise case)"
10695,ATT015845,departure_time,departure_before_arrival,reject
10695,ATT015845,"arrival_time, departure_time",mixed_date_format,fix (parse into one timestamp format)
10696,ATT014013,triage_category,triage_decimal_format,fix (3.0 -> 3)
10697,ATT016926,disposition,inconsistent_text_format,"fix (trim spaces, standardise case)"
10701,ATT004366,disposition,inconsistent_text_format,"fix (trim spaces, standardise case)"
10704,ATT002991,"arrival_time, departure_time",mixed_date_format,fix (parse into one timestamp format)
10705,ATT004954,gp_practice_code,missing_gp_code,set to NULL and flag
10709,ATT008206,triage_category,invalid_triage_code,reject
10709,ATT008206,"arrival_time, departure_time",mixed_date_format,fix (parse into one timestamp format)
10711,ATT008481,presenting_complaint,inconsistent_text_format,"fix (trim spaces, standardise case)"
10711,ATT008481,"arrival_time, departure_time",mixed_date_format,fix (parse into one timestamp format)
10713,ATT012232,presenting_complaint,inconsistent_text_format,"fix (trim spaces, standardise case)"
10717,ATT018225,(entire row),duplicate_row,remove (keep first)
10717,ATT018225,disposition,inconsistent_text_format,"fix (trim spaces, standardise case)"
10724,ATT009305,"arrival_time, departure_time",mixed_date_format,fix (parse into one timestamp format)
10725,ATT016971,presenting_complaint,inconsistent_text_format,"fix (trim spaces, standardise case)"
10728,ATT018258,disposition,inconsistent_text_format,"fix (trim spaces, standardise case)"
10728,ATT018258,"arrival_time, departure_time",mixed_date_format,fix (parse into one timestamp format)
10732,ATT003924,triage_category,triage_decimal_format,fix (3.0 -> 3)
10733,ATT006128,disposition,inconsistent_text_format,"fix (trim spaces, standardise case)"
10734,ATT012693,presenting_complaint,inconsistent_text_format,"fix (trim spaces, standardise case)"
10735,ATT011236,presenting_complaint,inconsistent_text_format,"fix (trim spaces, standardise case)"
10736,ATT011583,presenting_complaint,inconsistent_text_format,"fix (trim spaces, standardise case)"
10745,ATT017104,departure_time,extreme_length_of_stay,reject
10751,ATT008813,triage_category,invalid_triage_code,reject
10755,ATT007873,disposition,inconsistent_text_format,"fix (trim spaces, standardise case)"
10758,ATT005329,arrival_time,missing_arrival_time,reject
10763,ATT006153,presenting_complaint,missing_presenting_complaint,fill with 'Unknown'
10768,ATT017761,"arrival_time, departure_time",mixed_date_format,fix (parse into one timestamp format)
10775,ATT001507,disposition,missing_disposition,fill with 'Unknown'
10777,ATT010589,departure_time,departure_before_arrival,reject
10779,ATT013099,presenting_complaint,inconsistent_text_format,"fix (trim spaces, standardise case)"
10785,ATT013301,"arrival_time, departure_time",mixed_date_format,fix (parse into one timestamp format)
10786,ATT008202,disposition,inconsistent_text_format,"fix (trim spaces, standardise case)"
10788,ATT012037,disposition,inconsistent_text_format,"fix (trim spaces, standardise case)"
10792,ATT002710,presenting_complaint,inconsistent_text_format,"fix (trim spaces, standardise case)"
10792,ATT002710,pseudo_patient_id,missing_patient_id,reject
10794,ATT014688,presenting_complaint,inconsistent_text_format,"fix (trim spaces, standardise case)"
10794,ATT014688,gp_practice_code,missing_gp_code,set to NULL and flag
10794,ATT014688,"arrival_time, departure_time",mixed_date_format,fix (parse into one timestamp format)
10795,ATT019013,presenting_complaint,inconsistent_text_format,"fix (trim spaces, standardise case)"
10795,ATT019013,disposition,inconsistent_text_format,"fix (trim spaces, standardise case)"
10796,ATT018172,"arrival_time, departure_time",mixed_date_format,fix (parse into one timestamp format)
10800,ATT001157,(entire row),duplicate_row,remove (keep first)
10802,ATT005986,disposition,missing_disposition,fill with 'Unknown'
10805,ATT018497,disposition,inconsistent_text_format,"fix (trim spaces, standardise case)"
10807,ATT009780,presenting_complaint,missing_presenting_complaint,fill with 'Unknown'
10808,ATT009177,"arrival_time, departure_time",mixed_date_format,fix (parse into one timestamp format)
10813,ATT014653,"arrival_time, departure_time",mixed_date_format,fix (parse into one timestamp format)
10815,ATT015175,disposition,inconsistent_text_format,"fix (trim spaces, standardise case)"
10815,ATT015175,"arrival_time, departure_time",mixed_date_format,fix (parse into one timestamp format)
10816,ATT008750,disposition,inconsistent_text_format,"fix (trim spaces, standardise case)"
10817,ATT000746,disposition,inconsistent_text_format,"fix (trim spaces, standardise case)"
10819,ATT018894,"arrival_time, departure_time",mixed_date_format,fix (parse into one timestamp format)
10821,ATT002878,"arrival_time, departure_time",mixed_date_format,fix (parse into one timestamp format)
10827,ATT015731,"arrival_time, departure_time",mixed_date_format,fix (parse into one timestamp format)
10835,ATT000958,gp_practice_code,missing_gp_code,set to NULL and flag
10837,ATT011506,presenting_complaint,inconsistent_text_format,"fix (trim spaces, standardise case)"
10838,ATT005109,"arrival_time, departure_time",mixed_date_format,fix (parse into one timestamp format)
10839,ATT012590,disposition,inconsistent_text_format,"fix (trim spaces, standardise case)"
10843,ATT019599,presenting_complaint,inconsistent_text_format,"fix (trim spaces, standardise case)"
10850,ATT014152,disposition,inconsistent_text_format,"fix (trim spaces, standardise case)"
10851,ATT010392,"arrival_time, departure_time",mixed_date_format,fix (parse into one timestamp format)
10854,ATT002400,disposition,inconsistent_text_format,"fix (trim spaces, standardise case)"
10855,ATT007311,presenting_complaint,inconsistent_text_format,"fix (trim spaces, standardise case)"
10859,ATT017732,"arrival_time, departure_time",mixed_date_format,fix (parse into one timestamp format)
10860,ATT016147,disposition,missing_disposition,fill with 'Unknown'
10860,ATT016147,"arrival_time, departure_time",mixed_date_format,fix (parse into one timestamp format)
10865,ATT019810,"arrival_time, departure_time",mixed_date_format,fix (parse into one timestamp format)
10866,ATT010780,gp_practice_code,gp_code_lowercase,fix (upper-case)
10870,ATT017991,"arrival_time, departure_time",mixed_date_format,fix (parse into one timestamp format)
10872,ATT016503,"arrival_time, departure_time",mixed_date_format,fix (parse into one timestamp format)
10874,ATT015456,(entire row),duplicate_row,remove (keep first)
10875,ATT013465,presenting_complaint,missing_presenting_complaint,fill with 'Unknown'
10876,ATT007435,(entire row),duplicate_row,remove (keep first)
10876,ATT007435,presenting_complaint,inconsistent_text_format,"fix (trim spaces, standardise case)"
10876,ATT007435,"arrival_time, departure_time",mixed_date_format,fix (parse into one timestamp format)
10877,ATT000077,gp_practice_code,gp_code_lowercase,fix (upper-case)
10883,ATT006652,gp_practice_code,gp_code_lowercase,fix (upper-case)
10883,ATT006652,presenting_complaint,inconsistent_text_format,"fix (trim spaces, standardise case)"
10883,ATT006652,disposition,inconsistent_text_format,"fix (trim spaces, standardise case)"
10883,ATT006652,"arrival_time, departure_time",mixed_date_format,fix (parse into one timestamp format)
10885,ATT013612,"arrival_time, departure_time",mixed_date_format,fix (parse into one timestamp format)
10891,ATT016856,presenting_complaint,inconsistent_text_format,"fix (trim spaces, standardise case)"
10897,ATT011743,presenting_complaint,missing_presenting_complaint,fill with 'Unknown'
10898,ATT003943,(entire row),duplicate_row,remove (keep first)
10898,ATT003943,disposition,inconsistent_text_format,"fix (trim spaces, standardise case)"
10899,ATT002339,"arrival_time, departure_time",mixed_date_format,fix (parse into one timestamp format)
10904,ATT001886,"arrival_time, departure_time",mixed_date_format,fix (parse into one timestamp format)
10906,ATT005774,presenting_complaint,missing_presenting_complaint,fill with 'Unknown'
10907,ATT004324,presenting_complaint,inconsistent_text_format,"fix (trim spaces, standardise case)"
10909,ATT018797,triage_category,invalid_triage_code,reject
10912,ATT011660,"arrival_time, departure_time",mixed_date_format,fix (parse into one timestamp format)
10917,ATT009630,disposition,inconsistent_text_format,"fix (trim spaces, standardise case)"
10919,ATT007850,disposition,inconsistent_text_format,"fix (trim spaces, standardise case)"
10922,ATT002466,presenting_complaint,inconsistent_text_format,"fix (trim spaces, standardise case)"
10923,ATT001294,"arrival_time, departure_time",mixed_date_format,fix (parse into one timestamp format)
10927,ATT013885,presenting_complaint,missing_presenting_complaint,fill with 'Unknown'
10928,ATT008642,presenting_complaint,inconsistent_text_format,"fix (trim spaces, standardise case)"
10929,ATT007843,disposition,inconsistent_text_format,"fix (trim spaces, standardise case)"
10931,ATT011585,"arrival_time, departure_time",mixed_date_format,fix (parse into one timestamp format)
10934,ATT007087,"arrival_time, departure_time",mixed_date_format,fix (parse into one timestamp format)
10937,ATT010083,disposition,inconsistent_text_format,"fix (trim spaces, standardise case)"
10937,ATT010083,gp_practice_code,missing_gp_code,set to NULL and flag
10937,ATT010083,"arrival_time, departure_time",mixed_date_format,fix (parse into one timestamp format)
10939,ATT015083,disposition,inconsistent_text_format,"fix (trim spaces, standardise case)"
10942,ATT009921,departure_time,departure_before_arrival,reject
10942,ATT009921,"arrival_time, departure_time",mixed_date_format,fix (parse into one timestamp format)
10943,ATT019536,arrival_time,missing_arrival_time,reject
10943,ATT019536,"arrival_time, departure_time",mixed_date_format,fix (parse into one timestamp format)
10945,ATT003228,presenting_complaint,inconsistent_text_format,"fix (trim spaces, standardise case)"
10946,ATT006522,disposition,inconsistent_text_format,"fix (trim spaces, standardise case)"
10957,ATT002847,presenting_complaint,inconsistent_text_format,"fix (trim spaces, standardise case)"
10959,ATT015317,disposition,inconsistent_text_format,"fix (trim spaces, standardise case)"
10960,ATT007587,presenting_complaint,inconsistent_text_format,"fix (trim spaces, standardise case)"
10960,ATT007587,gp_practice_code,missing_gp_code,set to NULL and flag
10963,ATT002192,disposition,inconsistent_text_format,"fix (trim spaces, standardise case)"
10966,ATT006669,triage_category,triage_decimal_format,fix (3.0 -> 3)
10967,ATT002071,departure_time,missing_departure_time,reject
10967,ATT002071,"arrival_time, departure_time",mixed_date_format,fix (parse into one timestamp format)
10968,ATT008164,"arrival_time, departure_time",mixed_date_format,fix (parse into one timestamp format)
10969,ATT017032,"arrival_time, departure_time",mixed_date_format,fix (parse into one timestamp format)
10971,ATT006303,presenting_complaint,inconsistent_text_format,"fix (trim spaces, standardise case)"
10972,ATT016328,presenting_complaint,inconsistent_text_format,"fix (trim spaces, standardise case)"
10974,ATT016588,presenting_complaint,missing_presenting_complaint,fill with 'Unknown'
10975,ATT002777,"arrival_time, departure_time",mixed_date_format,fix (parse into one timestamp format)
10976,ATT015367,disposition,inconsistent_text_format,"fix (trim spaces, standardise case)"
10977,ATT002880,(entire row),duplicate_row,remove (keep first)
10977,ATT002880,presenting_complaint,inconsistent_text_format,"fix (trim spaces, standardise case)"
10978,ATT011584,triage_category,triage_decimal_format,fix (3.0 -> 3)
10981,ATT014281,"arrival_time, departure_time",mixed_date_format,fix (parse into one timestamp format)
10983,ATT014087,disposition,inconsistent_text_format,"fix (trim spaces, standardise case)"
10988,ATT014495,disposition,inconsistent_text_format,"fix (trim spaces, standardise case)"
10988,ATT014495,presenting_complaint,missing_presenting_complaint,fill with 'Unknown'
10988,ATT014495,"arrival_time, departure_time",mixed_date_format,fix (parse into one timestamp format)
10990,ATT006746,disposition,inconsistent_text_format,"fix (trim spaces, standardise case)"
10992,ATT002493,"arrival_time, departure_time",mixed_date_format,fix (parse into one timestamp format)
10993,ATT007613,"arrival_time, departure_time",mixed_date_format,fix (parse into one timestamp format)
10997,ATT009070,"arrival_time, departure_time",mixed_date_format,fix (parse into one timestamp format)
11000,ATT005274,"arrival_time, departure_time",mixed_date_format,fix (parse into one timestamp format)
11001,ATT013182,presenting_complaint,inconsistent_text_format,"fix (trim spaces, standardise case)"
11003,ATT017384,disposition,inconsistent_text_format,"fix (trim spaces, standardise case)"
11003,ATT017384,"arrival_time, departure_time",mixed_date_format,fix (parse into one timestamp format)
11005,ATT019202,presenting_complaint,inconsistent_text_format,"fix (trim spaces, standardise case)"
11010,ATT012931,presenting_complaint,inconsistent_text_format,"fix (trim spaces, standardise case)"
11011,ATT013291,"arrival_time, departure_time",mixed_date_format,fix (parse into one timestamp format)
11013,ATT012148,presenting_complaint,inconsistent_text_format,"fix (trim spaces, standardise case)"
11017,ATT006029,"arrival_time, departure_time",mixed_date_format,fix (parse into one timestamp format)
11019,ATT000584,gp_practice_code,gp_code_lowercase,fix (upper-case)
11021,ATT013689,disposition,inconsistent_text_format,"fix (trim spaces, standardise case)"
11022,ATT016343,"arrival_time, departure_time",mixed_date_format,fix (parse into one timestamp format)
11025,ATT012385,disposition,inconsistent_text_format,"fix (trim spaces, standardise case)"
11027,ATT003350,"arrival_time, departure_time",mixed_date_format,fix (parse into one timestamp format)
11028,ATT018571,"arrival_time, departure_time",mixed_date_format,fix (parse into one timestamp format)
11029,ATT000802,disposition,inconsistent_text_format,"fix (trim spaces, standardise case)"
11031,ATT013989,presenting_complaint,inconsistent_text_format,"fix (trim spaces, standardise case)"
11033,ATT018386,"arrival_time, departure_time",mixed_date_format,fix (parse into one timestamp format)
11034,ATT014951,triage_category,triage_decimal_format,fix (3.0 -> 3)
11036,ATT016823,gp_practice_code,missing_gp_code,set to NULL and flag
11041,ATT015391,"arrival_time, departure_time",mixed_date_format,fix (parse into one timestamp format)
11043,ATT006854,gp_practice_code,gp_code_lowercase,fix (upper-case)
11046,ATT018596,"arrival_time, departure_time",mixed_date_format,fix (parse into one timestamp format)
11048,ATT006943,disposition,inconsistent_text_format,"fix (trim spaces, standardise case)"
11050,ATT014905,gp_practice_code,gp_code_lowercase,fix (upper-case)
11053,ATT005088,presenting_complaint,inconsistent_text_format,"fix (trim spaces, standardise case)"
11054,ATT010026,"arrival_time, departure_time",mixed_date_format,fix (parse into one timestamp format)
11056,ATT008078,triage_category,triage_decimal_format,fix (3.0 -> 3)
11059,ATT015077,presenting_complaint,missing_presenting_complaint,fill with 'Unknown'
11060,ATT010975,triage_category,invalid_triage_code,reject
11061,ATT019760,presenting_complaint,inconsistent_text_format,"fix (trim spaces, standardise case)"
11064,ATT009482,presenting_complaint,inconsistent_text_format,"fix (trim spaces, standardise case)"
11066,ATT002402,disposition,inconsistent_text_format,"fix (trim spaces, standardise case)"
11067,ATT008737,departure_time,departure_before_arrival,reject
11069,ATT014241,presenting_complaint,inconsistent_text_format,"fix (trim spaces, standardise case)"
11071,ATT011849,disposition,inconsistent_text_format,"fix (trim spaces, standardise case)"
11071,ATT011849,arrival_time,missing_arrival_time,reject
11072,ATT015219,disposition,inconsistent_text_format,"fix (trim spaces, standardise case)"
11074,ATT007233,"arrival_time, departure_time",mixed_date_format,fix (parse into one timestamp format)
11076,ATT006913,"arrival_time, departure_time",mixed_date_format,fix (parse into one timestamp format)
11078,ATT001703,presenting_complaint,inconsistent_text_format,"fix (trim spaces, standardise case)"
11081,ATT012137,gp_practice_code,malformed_gp_code,set to NULL and flag
11083,ATT004522,presenting_complaint,inconsistent_text_format,"fix (trim spaces, standardise case)"
11083,ATT004522,"arrival_time, departure_time",mixed_date_format,fix (parse into one timestamp format)
11088,ATT012195,"arrival_time, departure_time",mixed_date_format,fix (parse into one timestamp format)
11091,ATT011545,presenting_complaint,inconsistent_text_format,"fix (trim spaces, standardise case)"
11091,ATT011545,disposition,inconsistent_text_format,"fix (trim spaces, standardise case)"
11093,ATT000434,(entire row),duplicate_row,remove (keep first)
11094,ATT002212,"arrival_time, departure_time",mixed_date_format,fix (parse into one timestamp format)
11095,ATT013192,"arrival_time, departure_time",mixed_date_format,fix (parse into one timestamp format)
11100,ATT015001,disposition,inconsistent_text_format,"fix (trim spaces, standardise case)"
11103,ATT004321,"arrival_time, departure_time",mixed_date_format,fix (parse into one timestamp format)
11104,ATT010033,departure_time,extreme_length_of_stay,reject
11104,ATT010033,presenting_complaint,inconsistent_text_format,"fix (trim spaces, standardise case)"
11104,ATT010033,"arrival_time, departure_time",mixed_date_format,fix (parse into one timestamp format)
11111,ATT016452,"arrival_time, departure_time",mixed_date_format,fix (parse into one timestamp format)
11114,ATT013794,disposition,inconsistent_text_format,"fix (trim spaces, standardise case)"
11115,ATT017114,"arrival_time, departure_time",mixed_date_format,fix (parse into one timestamp format)
11118,ATT015076,gp_practice_code,missing_gp_code,set to NULL and flag
11127,ATT002588,"arrival_time, departure_time",mixed_date_format,fix (parse into one timestamp format)
11129,ATT014484,disposition,inconsistent_text_format,"fix (trim spaces, standardise case)"
11130,ATT002593,"arrival_time, departure_time",mixed_date_format,fix (parse into one timestamp format)
11132,ATT006850,gp_practice_code,missing_gp_code,set to NULL and flag
11133,ATT008024,presenting_complaint,inconsistent_text_format,"fix (trim spaces, standardise case)"
11133,ATT008024,"arrival_time, departure_time",mixed_date_format,fix (parse into one timestamp format)
11135,ATT017990,presenting_complaint,inconsistent_text_format,"fix (trim spaces, standardise case)"
11140,ATT017350,presenting_complaint,inconsistent_text_format,"fix (trim spaces, standardise case)"
11141,ATT010442,"arrival_time, departure_time",mixed_date_format,fix (parse into one timestamp format)
11145,ATT011260,disposition,inconsistent_text_format,"fix (trim spaces, standardise case)"
11147,ATT015140,disposition,inconsistent_text_format,"fix (trim spaces, standardise case)"
11153,ATT003197,disposition,missing_disposition,fill with 'Unknown'
11154,ATT016974,presenting_complaint,inconsistent_text_format,"fix (trim spaces, standardise case)"
11154,ATT016974,"arrival_time, departure_time",mixed_date_format,fix (parse into one timestamp format)
11155,ATT013167,gp_practice_code,gp_code_lowercase,fix (upper-case)
11156,ATT000487,triage_category,triage_decimal_format,fix (3.0 -> 3)
11158,ATT014164,triage_category,triage_decimal_format,fix (3.0 -> 3)
11160,ATT006597,disposition,inconsistent_text_format,"fix (trim spaces, standardise case)"
11160,ATT006597,"arrival_time, departure_time",mixed_date_format,fix (parse into one timestamp format)
11164,ATT003239,"arrival_time, departure_time",mixed_date_format,fix (parse into one timestamp format)
11172,ATT013939,arrival_time,missing_arrival_time,reject
11174,ATT006500,"arrival_time, departure_time",mixed_date_format,fix (parse into one timestamp format)
11175,ATT005685,gp_practice_code,gp_code_lowercase,fix (upper-case)
11176,ATT006729,gp_practice_code,gp_code_lowercase,fix (upper-case)
11176,ATT006729,disposition,inconsistent_text_format,"fix (trim spaces, standardise case)"
11177,ATT003633,disposition,inconsistent_text_format,"fix (trim spaces, standardise case)"
11180,ATT016148,disposition,inconsistent_text_format,"fix (trim spaces, standardise case)"
11182,ATT008935,presenting_complaint,missing_presenting_complaint,fill with 'Unknown'
11184,ATT014378,"arrival_time, departure_time",mixed_date_format,fix (parse into one timestamp format)
11187,ATT003325,"arrival_time, departure_time",mixed_date_format,fix (parse into one timestamp format)
11188,ATT019612,disposition,inconsistent_text_format,"fix (trim spaces, standardise case)"
11189,ATT004481,"arrival_time, departure_time",mixed_date_format,fix (parse into one timestamp format)
11191,ATT001440,presenting_complaint,inconsistent_text_format,"fix (trim spaces, standardise case)"
11191,ATT001440,arrival_time,missing_arrival_time,reject
11193,ATT017266,presenting_complaint,inconsistent_text_format,"fix (trim spaces, standardise case)"
11193,ATT017266,gp_practice_code,missing_gp_code,set to NULL and flag
11194,ATT012736,disposition,inconsistent_text_format,"fix (trim spaces, standardise case)"
11195,ATT006575,(entire row),duplicate_row,remove (keep first)
11200,ATT006132,gp_practice_code,missing_gp_code,set to NULL and flag
11202,ATT011323,"arrival_time, departure_time",mixed_date_format,fix (parse into one timestamp format)
11204,ATT013174,gp_practice_code,missing_gp_code,set to NULL and flag
11205,ATT019327,"arrival_time, departure_time",mixed_date_format,fix (parse into one timestamp format)
11208,ATT001835,disposition,inconsistent_text_format,"fix (trim spaces, standardise case)"
11209,ATT009379,disposition,inconsistent_text_format,"fix (trim spaces, standardise case)"
11211,ATT015212,"arrival_time, departure_time",mixed_date_format,fix (parse into one timestamp format)
11212,ATT014959,gp_practice_code,missing_gp_code,set to NULL and flag
11214,ATT017766,"arrival_time, departure_time",mixed_date_format,fix (parse into one timestamp format)
11216,ATT012905,"arrival_time, departure_time",mixed_date_format,fix (parse into one timestamp format)
11217,ATT013811,presenting_complaint,inconsistent_text_format,"fix (trim spaces, standardise case)"
11217,ATT013811,"arrival_time, departure_time",mixed_date_format,fix (parse into one timestamp format)
11225,ATT014607,"arrival_time, departure_time",mixed_date_format,fix (parse into one timestamp format)
11226,ATT003476,arrival_time,future_dated_attendance,reject
11226,ATT003476,presenting_complaint,inconsistent_text_format,"fix (trim spaces, standardise case)"
11227,ATT000790,"arrival_time, departure_time",mixed_date_format,fix (parse into one timestamp format)
11232,ATT016091,arrival_time,missing_arrival_time,reject
11233,ATT002515,gp_practice_code,missing_gp_code,set to NULL and flag
11238,ATT015155,presenting_complaint,inconsistent_text_format,"fix (trim spaces, standardise case)"
11239,ATT009259,pseudo_patient_id,missing_patient_id,reject
11240,ATT006228,"arrival_time, departure_time",mixed_date_format,fix (parse into one timestamp format)
11241,ATT016685,"arrival_time, departure_time",mixed_date_format,fix (parse into one timestamp format)
11248,ATT009778,presenting_complaint,inconsistent_text_format,"fix (trim spaces, standardise case)"
11248,ATT009778,gp_practice_code,malformed_gp_code,set to NULL and flag
11249,ATT015891,"arrival_time, departure_time",mixed_date_format,fix (parse into one timestamp format)
11251,ATT011558,"arrival_time, departure_time",mixed_date_format,fix (parse into one timestamp format)
11252,ATT017505,disposition,inconsistent_text_format,"fix (trim spaces, standardise case)"
11253,ATT014670,disposition,inconsistent_text_format,"fix (trim spaces, standardise case)"
11253,ATT014670,gp_practice_code,missing_gp_code,set to NULL and flag
11254,ATT012797,"arrival_time, departure_time",mixed_date_format,fix (parse into one timestamp format)
11256,ATT009987,gp_practice_code,missing_gp_code,set to NULL and flag
11257,ATT016082,triage_category,triage_decimal_format,fix (3.0 -> 3)
11266,ATT005784,disposition,inconsistent_text_format,"fix (trim spaces, standardise case)"
11267,ATT004410,"arrival_time, departure_time",mixed_date_format,fix (parse into one timestamp format)
11268,ATT005261,disposition,inconsistent_text_format,"fix (trim spaces, standardise case)"
11270,ATT017062,"arrival_time, departure_time",mixed_date_format,fix (parse into one timestamp format)
11272,ATT005412,"arrival_time, departure_time",mixed_date_format,fix (parse into one timestamp format)
11276,ATT003242,"arrival_time, departure_time",mixed_date_format,fix (parse into one timestamp format)
11277,ATT016118,disposition,missing_disposition,fill with 'Unknown'
11278,ATT016686,"arrival_time, departure_time",mixed_date_format,fix (parse into one timestamp format)
11280,ATT015721,"arrival_time, departure_time",mixed_date_format,fix (parse into one timestamp format)
11281,ATT008494,arrival_time,missing_arrival_time,reject
11282,ATT018404,"arrival_time, departure_time",mixed_date_format,fix (parse into one timestamp format)
11285,ATT005062,"arrival_time, departure_time",mixed_date_format,fix (parse into one timestamp format)
11286,ATT008445,triage_category,invalid_triage_code,reject
11286,ATT008445,"arrival_time, departure_time",mixed_date_format,fix (parse into one timestamp format)
11287,ATT011110,departure_time,departure_before_arrival,reject
11287,ATT011110,disposition,inconsistent_text_format,"fix (trim spaces, standardise case)"
11291,ATT003672,"arrival_time, departure_time",mixed_date_format,fix (parse into one timestamp format)
11293,ATT011810,presenting_complaint,inconsistent_text_format,"fix (trim spaces, standardise case)"
11295,ATT010630,presenting_complaint,inconsistent_text_format,"fix (trim spaces, standardise case)"
11298,ATT013214,presenting_complaint,inconsistent_text_format,"fix (trim spaces, standardise case)"
11298,ATT013214,"arrival_time, departure_time",mixed_date_format,fix (parse into one timestamp format)
11302,ATT012799,"arrival_time, departure_time",mixed_date_format,fix (parse into one timestamp format)
11307,ATT006598,presenting_complaint,inconsistent_text_format,"fix (trim spaces, standardise case)"
11312,ATT018518,gp_practice_code,missing_gp_code,set to NULL and flag
11316,ATT012945,arrival_time,future_dated_attendance,reject
11316,ATT012945,triage_category,triage_decimal_format,fix (3.0 -> 3)
11322,ATT000401,presenting_complaint,inconsistent_text_format,"fix (trim spaces, standardise case)"
11325,ATT006606,gp_practice_code,gp_code_lowercase,fix (upper-case)
11328,ATT017151,"arrival_time, departure_time",mixed_date_format,fix (parse into one timestamp format)
11329,ATT014081,presenting_complaint,missing_presenting_complaint,fill with 'Unknown'
11330,ATT016090,disposition,inconsistent_text_format,"fix (trim spaces, standardise case)"
11334,ATT017360,presenting_complaint,inconsistent_text_format,"fix (trim spaces, standardise case)"
11335,ATT007259,disposition,inconsistent_text_format,"fix (trim spaces, standardise case)"
11335,ATT007259,"arrival_time, departure_time",mixed_date_format,fix (parse into one timestamp format)
11340,ATT011369,presenting_complaint,inconsistent_text_format,"fix (trim spaces, standardise case)"
11341,ATT017922,"arrival_time, departure_time",mixed_date_format,fix (parse into one timestamp format)
11342,ATT007234,disposition,inconsistent_text_format,"fix (trim spaces, standardise case)"
11346,ATT001756,(entire row),duplicate_row,remove (keep first)
11348,ATT019215,triage_category,invalid_triage_code,reject
11348,ATT019215,"arrival_time, departure_time",mixed_date_format,fix (parse into one timestamp format)
11353,ATT008420,pseudo_patient_id,missing_patient_id,reject
11353,ATT008420,"arrival_time, departure_time",mixed_date_format,fix (parse into one timestamp format)
11354,ATT013208,(entire row),duplicate_row,remove (keep first)
11357,ATT016963,disposition,inconsistent_text_format,"fix (trim spaces, standardise case)"
11361,ATT005781,disposition,missing_disposition,fill with 'Unknown'
11363,ATT001700,disposition,inconsistent_text_format,"fix (trim spaces, standardise case)"
11363,ATT001700,gp_practice_code,missing_gp_code,set to NULL and flag
11363,ATT001700,"arrival_time, departure_time",mixed_date_format,fix (parse into one timestamp format)
11366,ATT019262,"arrival_time, departure_time",mixed_date_format,fix (parse into one timestamp format)
11369,ATT018005,arrival_time,missing_arrival_time,reject
11372,ATT007066,"arrival_time, departure_time",mixed_date_format,fix (parse into one timestamp format)
11376,ATT008991,disposition,inconsistent_text_format,"fix (trim spaces, standardise case)"
11378,ATT008169,"arrival_time, departure_time",mixed_date_format,fix (parse into one timestamp format)
11379,ATT011887,"arrival_time, departure_time",mixed_date_format,fix (parse into one timestamp format)
11382,ATT018117,gp_practice_code,missing_gp_code,set to NULL and flag
11383,ATT006593,disposition,inconsistent_text_format,"fix (trim spaces, standardise case)"
11385,ATT016697,presenting_complaint,inconsistent_text_format,"fix (trim spaces, standardise case)"
11385,ATT016697,disposition,missing_disposition,fill with 'Unknown'
11387,ATT002578,disposition,inconsistent_text_format,"fix (trim spaces, standardise case)"
11390,ATT008385,departure_time,departure_before_arrival,reject
11390,ATT008385,"arrival_time, departure_time",mixed_date_format,fix (parse into one timestamp format)
11391,ATT011787,disposition,missing_disposition,fill with 'Unknown'
11392,ATT017672,departure_time,departure_before_arrival,reject
11396,ATT016540,disposition,inconsistent_text_format,"fix (trim spaces, standardise case)"
11398,ATT003897,departure_time,extreme_length_of_stay,reject
11399,ATT017149,presenting_complaint,inconsistent_text_format,"fix (trim spaces, standardise case)"
11405,ATT017541,presenting_complaint,inconsistent_text_format,"fix (trim spaces, standardise case)"
11405,ATT017541,gp_practice_code,malformed_gp_code,set to NULL and flag
11407,ATT015284,presenting_complaint,inconsistent_text_format,"fix (trim spaces, standardise case)"
11408,ATT004051,gp_practice_code,missing_gp_code,set to NULL and flag
11414,ATT007106,disposition,inconsistent_text_format,"fix (trim spaces, standardise case)"
11414,ATT007106,gp_practice_code,missing_gp_code,set to NULL and flag
11418,ATT005063,gp_practice_code,missing_gp_code,set to NULL and flag
11419,ATT003603,disposition,missing_disposition,fill with 'Unknown'
11433,ATT018066,"arrival_time, departure_time",mixed_date_format,fix (parse into one timestamp format)
11434,ATT010767,presenting_complaint,inconsistent_text_format,"fix (trim spaces, standardise case)"
11435,ATT009575,"arrival_time, departure_time",mixed_date_format,fix (parse into one timestamp format)
11436,ATT006018,presenting_complaint,inconsistent_text_format,"fix (trim spaces, standardise case)"
11437,ATT012051,presenting_complaint,inconsistent_text_format,"fix (trim spaces, standardise case)"
11437,ATT012051,disposition,inconsistent_text_format,"fix (trim spaces, standardise case)"
11437,ATT012051,"arrival_time, departure_time",mixed_date_format,fix (parse into one timestamp format)
11442,ATT009612,disposition,inconsistent_text_format,"fix (trim spaces, standardise case)"
11443,ATT007521,gp_practice_code,malformed_gp_code,set to NULL and flag
11443,ATT007521,"arrival_time, departure_time",mixed_date_format,fix (parse into one timestamp format)
11446,ATT013628,disposition,inconsistent_text_format,"fix (trim spaces, standardise case)"
11449,ATT001559,"arrival_time, departure_time",mixed_date_format,fix (parse into one timestamp format)
11450,ATT012345,presenting_complaint,inconsistent_text_format,"fix (trim spaces, standardise case)"
11452,ATT018626,presenting_complaint,inconsistent_text_format,"fix (trim spaces, standardise case)"
11452,ATT018626,gp_practice_code,missing_gp_code,set to NULL and flag
11454,ATT003524,gp_practice_code,missing_gp_code,set to NULL and flag
11456,ATT014898,presenting_complaint,inconsistent_text_format,"fix (trim spaces, standardise case)"
11456,ATT014898,disposition,inconsistent_text_format,"fix (trim spaces, standardise case)"
11458,ATT013526,presenting_complaint,inconsistent_text_format,"fix (trim spaces, standardise case)"
11461,ATT013281,disposition,inconsistent_text_format,"fix (trim spaces, standardise case)"
11461,ATT013281,"arrival_time, departure_time",mixed_date_format,fix (parse into one timestamp format)
11462,ATT002273,disposition,inconsistent_text_format,"fix (trim spaces, standardise case)"
11465,ATT013067,gp_practice_code,missing_gp_code,set to NULL and flag
11466,ATT015188,presenting_complaint,inconsistent_text_format,"fix (trim spaces, standardise case)"
11469,ATT000293,presenting_complaint,inconsistent_text_format,"fix (trim spaces, standardise case)"
11471,ATT011393,departure_time,missing_departure_time,reject
11474,ATT011402,"arrival_time, departure_time",mixed_date_format,fix (parse into one timestamp format)
11475,ATT009965,(entire row),duplicate_row,remove (keep first)
11478,ATT013814,presenting_complaint,missing_presenting_complaint,fill with 'Unknown'
11481,ATT012217,"arrival_time, departure_time",mixed_date_format,fix (parse into one timestamp format)
11482,ATT019150,disposition,inconsistent_text_format,"fix (trim spaces, standardise case)"
11482,ATT019150,"arrival_time, departure_time",mixed_date_format,fix (parse into one timestamp format)
11483,ATT004880,presenting_complaint,inconsistent_text_format,"fix (trim spaces, standardise case)"
11484,ATT018917,disposition,inconsistent_text_format,"fix (trim spaces, standardise case)"
11487,ATT017495,presenting_complaint,inconsistent_text_format,"fix (trim spaces, standardise case)"
11488,ATT010421,"arrival_time, departure_time",mixed_date_format,fix (parse into one timestamp format)
11489,ATT014033,departure_time,missing_departure_time,reject
11492,ATT015948,gp_practice_code,missing_gp_code,set to NULL and flag
11493,ATT012111,"arrival_time, departure_time",mixed_date_format,fix (parse into one timestamp format)
11498,ATT000838,gp_practice_code,missing_gp_code,set to NULL and flag
11500,ATT008459,disposition,inconsistent_text_format,"fix (trim spaces, standardise case)"
11501,ATT011716,disposition,missing_disposition,fill with 'Unknown'
11504,ATT001727,"arrival_time, departure_time",mixed_date_format,fix (parse into one timestamp format)
11510,ATT010285,disposition,inconsistent_text_format,"fix (trim spaces, standardise case)"
11511,ATT014571,disposition,inconsistent_text_format,"fix (trim spaces, standardise case)"
11512,ATT017436,"arrival_time, departure_time",mixed_date_format,fix (parse into one timestamp format)
11513,ATT016335,"arrival_time, departure_time",mixed_date_format,fix (parse into one timestamp format)
11514,ATT011978,disposition,inconsistent_text_format,"fix (trim spaces, standardise case)"
11518,ATT009634,"arrival_time, departure_time",mixed_date_format,fix (parse into one timestamp format)
11521,ATT015662,gp_practice_code,missing_gp_code,set to NULL and flag
11525,ATT006968,presenting_complaint,inconsistent_text_format,"fix (trim spaces, standardise case)"
11534,ATT011318,presenting_complaint,missing_presenting_complaint,fill with 'Unknown'
11536,ATT009320,presenting_complaint,inconsistent_text_format,"fix (trim spaces, standardise case)"
11538,ATT008354,gp_practice_code,missing_gp_code,set to NULL and flag
11542,ATT012274,presenting_complaint,inconsistent_text_format,"fix (trim spaces, standardise case)"
11543,ATT013310,disposition,missing_disposition,fill with 'Unknown'
11546,ATT011456,"arrival_time, departure_time",mixed_date_format,fix (parse into one timestamp format)
11551,ATT002269,disposition,inconsistent_text_format,"fix (trim spaces, standardise case)"
11555,ATT000133,presenting_complaint,inconsistent_text_format,"fix (trim spaces, standardise case)"
11556,ATT010132,"arrival_time, departure_time",mixed_date_format,fix (parse into one timestamp format)
11560,ATT014977,"arrival_time, departure_time",mixed_date_format,fix (parse into one timestamp format)
11563,ATT010219,presenting_complaint,inconsistent_text_format,"fix (trim spaces, standardise case)"
11564,ATT006559,"arrival_time, departure_time",mixed_date_format,fix (parse into one timestamp format)
11567,ATT003929,presenting_complaint,missing_presenting_complaint,fill with 'Unknown'
11572,ATT013455,presenting_complaint,inconsistent_text_format,"fix (trim spaces, standardise case)"
11574,ATT010470,triage_category,triage_decimal_format,fix (3.0 -> 3)
11575,ATT000226,disposition,inconsistent_text_format,"fix (trim spaces, standardise case)"
11577,ATT004212,"arrival_time, departure_time",mixed_date_format,fix (parse into one timestamp format)
11578,ATT019693,disposition,inconsistent_text_format,"fix (trim spaces, standardise case)"
11578,ATT019693,"arrival_time, departure_time",mixed_date_format,fix (parse into one timestamp format)
11581,ATT012888,gp_practice_code,missing_gp_code,set to NULL and flag
11581,ATT012888,"arrival_time, departure_time",mixed_date_format,fix (parse into one timestamp format)
11582,ATT016038,departure_time,departure_before_arrival,reject
11582,ATT016038,gp_practice_code,gp_code_lowercase,fix (upper-case)
11585,ATT012939,departure_time,departure_before_arrival,reject
11590,ATT005009,"arrival_time, departure_time",mixed_date_format,fix (parse into one timestamp format)
11590,ATT005009,triage_category,triage_decimal_format,fix (3.0 -> 3)
11591,ATT013089,(entire row),duplicate_row,remove (keep first)
11592,ATT003404,presenting_complaint,missing_presenting_complaint,fill with 'Unknown'
11594,ATT003884,disposition,inconsistent_text_format,"fix (trim spaces, standardise case)"
11596,ATT006756,"arrival_time, departure_time",mixed_date_format,fix (parse into one timestamp format)
11598,ATT002909,"arrival_time, departure_time",mixed_date_format,fix (parse into one timestamp format)
11601,ATT008072,departure_time,departure_before_arrival,reject
11601,ATT008072,presenting_complaint,inconsistent_text_format,"fix (trim spaces, standardise case)"
11604,ATT005265,arrival_time,missing_arrival_time,reject
11606,ATT006164,"arrival_time, departure_time",mixed_date_format,fix (parse into one timestamp format)
11610,ATT019025,departure_time,departure_before_arrival,reject
11614,ATT013541,disposition,missing_disposition,fill with 'Unknown'
11614,ATT013541,"arrival_time, departure_time",mixed_date_format,fix (parse into one timestamp format)
11617,ATT001160,presenting_complaint,inconsistent_text_format,"fix (trim spaces, standardise case)"
11617,ATT001160,"arrival_time, departure_time",mixed_date_format,fix (parse into one timestamp format)
11621,ATT008048,"arrival_time, departure_time",mixed_date_format,fix (parse into one timestamp format)
11625,ATT012524,disposition,inconsistent_text_format,"fix (trim spaces, standardise case)"
11625,ATT012524,"arrival_time, departure_time",mixed_date_format,fix (parse into one timestamp format)
11626,ATT000104,(entire row),duplicate_row,remove (keep first)
11627,ATT008790,disposition,inconsistent_text_format,"fix (trim spaces, standardise case)"
11629,ATT003621,disposition,inconsistent_text_format,"fix (trim spaces, standardise case)"
11633,ATT001511,(entire row),duplicate_row,remove (keep first)
11634,ATT018663,presenting_complaint,inconsistent_text_format,"fix (trim spaces, standardise case)"
11636,ATT004071,departure_time,departure_before_arrival,reject
11636,ATT004071,"arrival_time, departure_time",mixed_date_format,fix (parse into one timestamp format)
11637,ATT008291,disposition,inconsistent_text_format,"fix (trim spaces, standardise case)"
11638,ATT001395,"arrival_time, departure_time",mixed_date_format,fix (parse into one timestamp format)
11639,ATT005977,"arrival_time, departure_time",mixed_date_format,fix (parse into one timestamp format)
11643,ATT016635,disposition,inconsistent_text_format,"fix (trim spaces, standardise case)"
11648,ATT014062,presenting_complaint,missing_presenting_complaint,fill with 'Unknown'
11650,ATT016855,gp_practice_code,malformed_gp_code,set to NULL and flag
11651,ATT012643,"arrival_time, departure_time",mixed_date_format,fix (parse into one timestamp format)
11653,ATT007003,disposition,inconsistent_text_format,"fix (trim spaces, standardise case)"
11653,ATT007003,"arrival_time, departure_time",mixed_date_format,fix (parse into one timestamp format)
11655,ATT001737,gp_practice_code,gp_code_lowercase,fix (upper-case)
11660,ATT008415,"arrival_time, departure_time",mixed_date_format,fix (parse into one timestamp format)
11661,ATT010761,(entire row),duplicate_row,remove (keep first)
11662,ATT003995,presenting_complaint,inconsistent_text_format,"fix (trim spaces, standardise case)"
11662,ATT003995,"arrival_time, departure_time",mixed_date_format,fix (parse into one timestamp format)
11665,ATT009309,"arrival_time, departure_time",mixed_date_format,fix (parse into one timestamp format)
11667,ATT006285,presenting_complaint,inconsistent_text_format,"fix (trim spaces, standardise case)"
11671,ATT015651,"arrival_time, departure_time",mixed_date_format,fix (parse into one timestamp format)
11677,ATT008282,disposition,inconsistent_text_format,"fix (trim spaces, standardise case)"
11678,ATT004336,gp_practice_code,missing_gp_code,set to NULL and flag
11678,ATT004336,"arrival_time, departure_time",mixed_date_format,fix (parse into one timestamp format)
11680,ATT013701,triage_category,invalid_triage_code,reject
11682,ATT019363,disposition,inconsistent_text_format,"fix (trim spaces, standardise case)"
11682,ATT019363,triage_category,invalid_triage_code,reject
11684,ATT007175,departure_time,extreme_length_of_stay,reject
11684,ATT007175,presenting_complaint,inconsistent_text_format,"fix (trim spaces, standardise case)"
11686,ATT016188,presenting_complaint,inconsistent_text_format,"fix (trim spaces, standardise case)"
11689,ATT009953,presenting_complaint,inconsistent_text_format,"fix (trim spaces, standardise case)"
11690,ATT009035,disposition,inconsistent_text_format,"fix (trim spaces, standardise case)"
11693,ATT003719,presenting_complaint,inconsistent_text_format,"fix (trim spaces, standardise case)"
11694,ATT002903,"arrival_time, departure_time",mixed_date_format,fix (parse into one timestamp format)
11695,ATT016664,arrival_time,missing_arrival_time,reject
11695,ATT016664,"arrival_time, departure_time",mixed_date_format,fix (parse into one timestamp format)
11696,ATT011915,arrival_time,future_dated_attendance,reject
11697,ATT005535,presenting_complaint,inconsistent_text_format,"fix (trim spaces, standardise case)"
11698,ATT012690,presenting_complaint,inconsistent_text_format,"fix (trim spaces, standardise case)"
11700,ATT000780,presenting_complaint,inconsistent_text_format,"fix (trim spaces, standardise case)"
11704,ATT014009,disposition,inconsistent_text_format,"fix (trim spaces, standardise case)"
11712,ATT004726,presenting_complaint,missing_presenting_complaint,fill with 'Unknown'
11713,ATT001470,triage_category,invalid_triage_code,reject
11715,ATT014316,presenting_complaint,inconsistent_text_format,"fix (trim spaces, standardise case)"
11715,ATT014316,gp_practice_code,malformed_gp_code,set to NULL and flag
11720,ATT008425,"arrival_time, departure_time",mixed_date_format,fix (parse into one timestamp format)
11721,ATT000369,"arrival_time, departure_time",mixed_date_format,fix (parse into one timestamp format)
11724,ATT016249,"arrival_time, departure_time",mixed_date_format,fix (parse into one timestamp format)
11729,ATT016445,"arrival_time, departure_time",mixed_date_format,fix (parse into one timestamp format)
11734,ATT005325,"arrival_time, departure_time",mixed_date_format,fix (parse into one timestamp format)
11736,ATT007281,presenting_complaint,inconsistent_text_format,"fix (trim spaces, standardise case)"
11737,ATT010684,departure_time,missing_departure_time,reject
11738,ATT001825,"arrival_time, departure_time",mixed_date_format,fix (parse into one timestamp format)
11743,ATT017357,"arrival_time, departure_time",mixed_date_format,fix (parse into one timestamp format)
11744,ATT003233,"arrival_time, departure_time",mixed_date_format,fix (parse into one timestamp format)
11745,ATT016204,gp_practice_code,missing_gp_code,set to NULL and flag
11748,ATT001570,presenting_complaint,inconsistent_text_format,"fix (trim spaces, standardise case)"
11750,ATT008540,"arrival_time, departure_time",mixed_date_format,fix (parse into one timestamp format)
11751,ATT001243,presenting_complaint,inconsistent_text_format,"fix (trim spaces, standardise case)"
11751,ATT001243,"arrival_time, departure_time",mixed_date_format,fix (parse into one timestamp format)
11754,ATT016216,presenting_complaint,inconsistent_text_format,"fix (trim spaces, standardise case)"
11755,ATT011762,"arrival_time, departure_time",mixed_date_format,fix (parse into one timestamp format)
11757,ATT014505,(entire row),duplicate_row,remove (keep first)
11758,ATT008999,presenting_complaint,inconsistent_text_format,"fix (trim spaces, standardise case)"
11760,ATT012378,presenting_complaint,inconsistent_text_format,"fix (trim spaces, standardise case)"
11760,ATT012378,disposition,inconsistent_text_format,"fix (trim spaces, standardise case)"
11765,ATT016932,presenting_complaint,inconsistent_text_format,"fix (trim spaces, standardise case)"
11765,ATT016932,"arrival_time, departure_time",mixed_date_format,fix (parse into one timestamp format)
11765,ATT016932,triage_category,triage_decimal_format,fix (3.0 -> 3)
11766,ATT008894,disposition,missing_disposition,fill with 'Unknown'
11767,ATT004860,disposition,inconsistent_text_format,"fix (trim spaces, standardise case)"
11769,ATT018187,gp_practice_code,missing_gp_code,set to NULL and flag
11771,ATT013112,presenting_complaint,missing_presenting_complaint,fill with 'Unknown'
11773,ATT001778,disposition,inconsistent_text_format,"fix (trim spaces, standardise case)"
11776,ATT015197,(entire row),duplicate_row,remove (keep first)
11778,ATT011134,disposition,inconsistent_text_format,"fix (trim spaces, standardise case)"
11780,ATT012645,presenting_complaint,inconsistent_text_format,"fix (trim spaces, standardise case)"
11780,ATT012645,gp_practice_code,missing_gp_code,set to NULL and flag
11781,ATT008702,disposition,inconsistent_text_format,"fix (trim spaces, standardise case)"
11781,ATT008702,"arrival_time, departure_time",mixed_date_format,fix (parse into one timestamp format)
11785,ATT000749,presenting_complaint,inconsistent_text_format,"fix (trim spaces, standardise case)"
11789,ATT007174,presenting_complaint,inconsistent_text_format,"fix (trim spaces, standardise case)"
11791,ATT011808,presenting_complaint,inconsistent_text_format,"fix (trim spaces, standardise case)"
11793,ATT004321,(entire row),duplicate_row,remove (keep first)
11793,ATT004321,"arrival_time, departure_time",mixed_date_format,fix (parse into one timestamp format)
11799,ATT003330,presenting_complaint,inconsistent_text_format,"fix (trim spaces, standardise case)"
11801,ATT014404,presenting_complaint,inconsistent_text_format,"fix (trim spaces, standardise case)"
11801,ATT014404,"arrival_time, departure_time",mixed_date_format,fix (parse into one timestamp format)
11803,ATT014363,disposition,inconsistent_text_format,"fix (trim spaces, standardise case)"
11807,ATT008297,gp_practice_code,gp_code_lowercase,fix (upper-case)
11809,ATT001795,triage_category,invalid_triage_code,reject
11812,ATT017001,gp_practice_code,missing_gp_code,set to NULL and flag
11819,ATT004420,"arrival_time, departure_time",mixed_date_format,fix (parse into one timestamp format)
11820,ATT019797,arrival_time,missing_arrival_time,reject
11823,ATT008527,pseudo_patient_id,missing_patient_id,reject
11823,ATT008527,"arrival_time, departure_time",mixed_date_format,fix (parse into one timestamp format)
11824,ATT002167,"arrival_time, departure_time",mixed_date_format,fix (parse into one timestamp format)
11825,ATT003111,"arrival_time, departure_time",mixed_date_format,fix (parse into one timestamp format)
11826,ATT000793,gp_practice_code,missing_gp_code,set to NULL and flag
11827,ATT000234,disposition,inconsistent_text_format,"fix (trim spaces, standardise case)"
11828,ATT014453,"arrival_time, departure_time",mixed_date_format,fix (parse into one timestamp format)
11829,ATT019805,presenting_complaint,inconsistent_text_format,"fix (trim spaces, standardise case)"
11835,ATT004499,disposition,inconsistent_text_format,"fix (trim spaces, standardise case)"
11836,ATT012026,"arrival_time, departure_time",mixed_date_format,fix (parse into one timestamp format)
11837,ATT009506,presenting_complaint,inconsistent_text_format,"fix (trim spaces, standardise case)"
11840,ATT016279,triage_category,triage_decimal_format,fix (3.0 -> 3)
11847,ATT009456,gp_practice_code,missing_gp_code,set to NULL and flag
11848,ATT009811,presenting_complaint,inconsistent_text_format,"fix (trim spaces, standardise case)"
11850,ATT010607,"arrival_time, departure_time",mixed_date_format,fix (parse into one timestamp format)
11852,ATT009958,gp_practice_code,gp_code_lowercase,fix (upper-case)
11852,ATT009958,presenting_complaint,inconsistent_text_format,"fix (trim spaces, standardise case)"
11854,ATT006553,"arrival_time, departure_time",mixed_date_format,fix (parse into one timestamp format)
11855,ATT011376,gp_practice_code,missing_gp_code,set to NULL and flag
11855,ATT011376,"arrival_time, departure_time",mixed_date_format,fix (parse into one timestamp format)
11857,ATT002002,"arrival_time, departure_time",mixed_date_format,fix (parse into one timestamp format)
11865,ATT007260,"arrival_time, departure_time",mixed_date_format,fix (parse into one timestamp format)
11874,ATT004382,departure_time,departure_before_arrival,reject
11877,ATT013985,disposition,inconsistent_text_format,"fix (trim spaces, standardise case)"
11879,ATT007643,"arrival_time, departure_time",mixed_date_format,fix (parse into one timestamp format)
11880,ATT008068,"arrival_time, departure_time",mixed_date_format,fix (parse into one timestamp format)
11881,ATT006453,"arrival_time, departure_time",mixed_date_format,fix (parse into one timestamp format)
11887,ATT012120,"arrival_time, departure_time",mixed_date_format,fix (parse into one timestamp format)
11892,ATT015137,"arrival_time, departure_time",mixed_date_format,fix (parse into one timestamp format)
11896,ATT010197,"arrival_time, departure_time",mixed_date_format,fix (parse into one timestamp format)
11899,ATT011240,"arrival_time, departure_time",mixed_date_format,fix (parse into one timestamp format)
11900,ATT019295,disposition,inconsistent_text_format,"fix (trim spaces, standardise case)"
11913,ATT007848,"arrival_time, departure_time",mixed_date_format,fix (parse into one timestamp format)
11915,ATT010086,departure_time,missing_departure_time,reject
11916,ATT011493,"arrival_time, departure_time",mixed_date_format,fix (parse into one timestamp format)
11917,ATT008421,"arrival_time, departure_time",mixed_date_format,fix (parse into one timestamp format)
11918,ATT011096,(entire row),duplicate_row,remove (keep first)
11924,ATT009632,"arrival_time, departure_time",mixed_date_format,fix (parse into one timestamp format)
11926,ATT009374,disposition,inconsistent_text_format,"fix (trim spaces, standardise case)"
11927,ATT013327,disposition,inconsistent_text_format,"fix (trim spaces, standardise case)"
11930,ATT002270,disposition,inconsistent_text_format,"fix (trim spaces, standardise case)"
11930,ATT002270,"arrival_time, departure_time",mixed_date_format,fix (parse into one timestamp format)
11933,ATT013020,presenting_complaint,inconsistent_text_format,"fix (trim spaces, standardise case)"
11933,ATT013020,"arrival_time, departure_time",mixed_date_format,fix (parse into one timestamp format)
11938,ATT001858,(entire row),duplicate_row,remove (keep first)
11940,ATT013727,"arrival_time, departure_time",mixed_date_format,fix (parse into one timestamp format)
11941,ATT019849,arrival_time,future_dated_attendance,reject
11945,ATT012061,disposition,inconsistent_text_format,"fix (trim spaces, standardise case)"
11946,ATT007263,"arrival_time, departure_time",mixed_date_format,fix (parse into one timestamp format)
11950,ATT017047,gp_practice_code,missing_gp_code,set to NULL and flag
11955,ATT017057,presenting_complaint,inconsistent_text_format,"fix (trim spaces, standardise case)"
11955,ATT017057,gp_practice_code,missing_gp_code,set to NULL and flag
11956,ATT019880,presenting_complaint,inconsistent_text_format,"fix (trim spaces, standardise case)"
11957,ATT009038,disposition,inconsistent_text_format,"fix (trim spaces, standardise case)"
11959,ATT009476,gp_practice_code,malformed_gp_code,set to NULL and flag
11959,ATT009476,"arrival_time, departure_time",mixed_date_format,fix (parse into one timestamp format)
11960,ATT009285,presenting_complaint,inconsistent_text_format,"fix (trim spaces, standardise case)"
11966,ATT003772,disposition,inconsistent_text_format,"fix (trim spaces, standardise case)"
11968,ATT004656,disposition,inconsistent_text_format,"fix (trim spaces, standardise case)"
11973,ATT014225,disposition,inconsistent_text_format,"fix (trim spaces, standardise case)"
11977,ATT011724,"arrival_time, departure_time",mixed_date_format,fix (parse into one timestamp format)
11980,ATT016931,"arrival_time, departure_time",mixed_date_format,fix (parse into one timestamp format)
11983,ATT018862,gp_practice_code,missing_gp_code,set to NULL and flag
11987,ATT003346,"arrival_time, departure_time",mixed_date_format,fix (parse into one timestamp format)
11988,ATT011493,(entire row),duplicate_row,remove (keep first)
11988,ATT011493,"arrival_time, departure_time",mixed_date_format,fix (parse into one timestamp format)
11990,ATT009629,disposition,inconsistent_text_format,"fix (trim spaces, standardise case)"
11992,ATT008315,"arrival_time, departure_time",mixed_date_format,fix (parse into one timestamp format)
11993,ATT009720,gp_practice_code,gp_code_lowercase,fix (upper-case)
11993,ATT009720,presenting_complaint,inconsistent_text_format,"fix (trim spaces, standardise case)"
11994,ATT015705,"arrival_time, departure_time",mixed_date_format,fix (parse into one timestamp format)
11997,ATT000059,presenting_complaint,inconsistent_text_format,"fix (trim spaces, standardise case)"
11999,ATT013977,"arrival_time, departure_time",mixed_date_format,fix (parse into one timestamp format)
12000,ATT008406,presenting_complaint,inconsistent_text_format,"fix (trim spaces, standardise case)"
12005,ATT003691,presenting_complaint,missing_presenting_complaint,fill with 'Unknown'
12006,ATT001650,"arrival_time, departure_time",mixed_date_format,fix (parse into one timestamp format)
12007,ATT004637,presenting_complaint,inconsistent_text_format,"fix (trim spaces, standardise case)"
12008,ATT002511,"arrival_time, departure_time",mixed_date_format,fix (parse into one timestamp format)
12010,ATT015947,disposition,inconsistent_text_format,"fix (trim spaces, standardise case)"
12010,ATT015947,presenting_complaint,missing_presenting_complaint,fill with 'Unknown'
12011,ATT000939,"arrival_time, departure_time",mixed_date_format,fix (parse into one timestamp format)
12012,ATT014005,"arrival_time, departure_time",mixed_date_format,fix (parse into one timestamp format)
12013,ATT000396,disposition,inconsistent_text_format,"fix (trim spaces, standardise case)"
12013,ATT000396,"arrival_time, departure_time",mixed_date_format,fix (parse into one timestamp format)
12017,ATT014775,presenting_complaint,inconsistent_text_format,"fix (trim spaces, standardise case)"
12018,ATT011760,presenting_complaint,inconsistent_text_format,"fix (trim spaces, standardise case)"
12021,ATT019870,"arrival_time, departure_time",mixed_date_format,fix (parse into one timestamp format)
12023,ATT010293,presenting_complaint,inconsistent_text_format,"fix (trim spaces, standardise case)"
12023,ATT010293,"arrival_time, departure_time",mixed_date_format,fix (parse into one timestamp format)
12024,ATT018888,presenting_complaint,inconsistent_text_format,"fix (trim spaces, standardise case)"
12027,ATT015530,disposition,inconsistent_text_format,"fix (trim spaces, standardise case)"
12029,ATT004416,presenting_complaint,inconsistent_text_format,"fix (trim spaces, standardise case)"
12031,ATT017420,presenting_complaint,inconsistent_text_format,"fix (trim spaces, standardise case)"
12033,ATT010010,"arrival_time, departure_time",mixed_date_format,fix (parse into one timestamp format)
12034,ATT011301,departure_time,missing_departure_time,reject
12034,ATT011301,triage_category,triage_decimal_format,fix (3.0 -> 3)
12036,ATT003950,"arrival_time, departure_time",mixed_date_format,fix (parse into one timestamp format)
12037,ATT017182,(entire row),duplicate_row,remove (keep first)
12037,ATT017182,"arrival_time, departure_time",mixed_date_format,fix (parse into one timestamp format)
12038,ATT013419,"arrival_time, departure_time",mixed_date_format,fix (parse into one timestamp format)
12041,ATT019228,gp_practice_code,gp_code_lowercase,fix (upper-case)
12042,ATT013942,disposition,inconsistent_text_format,"fix (trim spaces, standardise case)"
12053,ATT000767,disposition,inconsistent_text_format,"fix (trim spaces, standardise case)"
12054,ATT014101,presenting_complaint,inconsistent_text_format,"fix (trim spaces, standardise case)"
12055,ATT003783,triage_category,invalid_triage_code,reject
12062,ATT002861,gp_practice_code,gp_code_lowercase,fix (upper-case)
12062,ATT002861,disposition,inconsistent_text_format,"fix (trim spaces, standardise case)"
12063,ATT001222,disposition,inconsistent_text_format,"fix (trim spaces, standardise case)"
12065,ATT004865,presenting_complaint,inconsistent_text_format,"fix (trim spaces, standardise case)"
12067,ATT013772,departure_time,missing_departure_time,reject
12070,ATT004533,presenting_complaint,inconsistent_text_format,"fix (trim spaces, standardise case)"
12070,ATT004533,"arrival_time, departure_time",mixed_date_format,fix (parse into one timestamp format)
12081,ATT010468,departure_time,departure_before_arrival,reject
12087,ATT010238,presenting_complaint,inconsistent_text_format,"fix (trim spaces, standardise case)"
12087,ATT010238,gp_practice_code,missing_gp_code,set to NULL and flag
12088,ATT015767,presenting_complaint,inconsistent_text_format,"fix (trim spaces, standardise case)"
12093,ATT017177,presenting_complaint,missing_presenting_complaint,fill with 'Unknown'
12093,ATT017177,"arrival_time, departure_time",mixed_date_format,fix (parse into one timestamp format)
12096,ATT018534,presenting_complaint,inconsistent_text_format,"fix (trim spaces, standardise case)"
12100,ATT018774,"arrival_time, departure_time",mixed_date_format,fix (parse into one timestamp format)
12101,ATT004440,"arrival_time, departure_time",mixed_date_format,fix (parse into one timestamp format)
12103,ATT007876,departure_time,extreme_length_of_stay,reject
12110,ATT009747,disposition,inconsistent_text_format,"fix (trim spaces, standardise case)"
12112,ATT001952,disposition,inconsistent_text_format,"fix (trim spaces, standardise case)"
12114,ATT016096,disposition,inconsistent_text_format,"fix (trim spaces, standardise case)"
12115,ATT014831,"arrival_time, departure_time",mixed_date_format,fix (parse into one timestamp format)
12116,ATT015546,arrival_time,missing_arrival_time,reject
12117,ATT006945,arrival_time,missing_arrival_time,reject
12118,ATT009966,"arrival_time, departure_time",mixed_date_format,fix (parse into one timestamp format)
12124,ATT007861,(entire row),duplicate_row,remove (keep first)
12125,ATT017605,"arrival_time, departure_time",mixed_date_format,fix (parse into one timestamp format)
12126,ATT011028,presenting_complaint,inconsistent_text_format,"fix (trim spaces, standardise case)"
12127,ATT004701,presenting_complaint,inconsistent_text_format,"fix (trim spaces, standardise case)"
12127,ATT004701,triage_category,invalid_triage_code,reject
12128,ATT015838,disposition,inconsistent_text_format,"fix (trim spaces, standardise case)"
12128,ATT015838,triage_category,invalid_triage_code,reject
12129,ATT002234,presenting_complaint,inconsistent_text_format,"fix (trim spaces, standardise case)"
12130,ATT011243,disposition,missing_disposition,fill with 'Unknown'
12137,ATT001791,"arrival_time, departure_time",mixed_date_format,fix (parse into one timestamp format)
12138,ATT013376,disposition,missing_disposition,fill with 'Unknown'
12141,ATT012405,disposition,inconsistent_text_format,"fix (trim spaces, standardise case)"
12141,ATT012405,"arrival_time, departure_time",mixed_date_format,fix (parse into one timestamp format)
12143,ATT015394,presenting_complaint,inconsistent_text_format,"fix (trim spaces, standardise case)"
12144,ATT014021,arrival_time,missing_arrival_time,reject
12146,ATT005425,"arrival_time, departure_time",mixed_date_format,fix (parse into one timestamp format)
12148,ATT003402,"arrival_time, departure_time",mixed_date_format,fix (parse into one timestamp format)
12149,ATT007493,presenting_complaint,inconsistent_text_format,"fix (trim spaces, standardise case)"
12151,ATT001551,departure_time,missing_departure_time,reject
12153,ATT015467,gp_practice_code,malformed_gp_code,set to NULL and flag
12153,ATT015467,"arrival_time, departure_time",mixed_date_format,fix (parse into one timestamp format)
12155,ATT010930,disposition,inconsistent_text_format,"fix (trim spaces, standardise case)"
12155,ATT010930,"arrival_time, departure_time",mixed_date_format,fix (parse into one timestamp format)
12158,ATT000649,"arrival_time, departure_time",mixed_date_format,fix (parse into one timestamp format)
12159,ATT016353,pseudo_patient_id,missing_patient_id,reject
12164,ATT013602,presenting_complaint,inconsistent_text_format,"fix (trim spaces, standardise case)"
12169,ATT000332,presenting_complaint,inconsistent_text_format,"fix (trim spaces, standardise case)"
12169,ATT000332,disposition,inconsistent_text_format,"fix (trim spaces, standardise case)"
12171,ATT013558,disposition,inconsistent_text_format,"fix (trim spaces, standardise case)"
12171,ATT013558,"arrival_time, departure_time",mixed_date_format,fix (parse into one timestamp format)
12173,ATT000212,"arrival_time, departure_time",mixed_date_format,fix (parse into one timestamp format)
12174,ATT019483,"arrival_time, departure_time",mixed_date_format,fix (parse into one timestamp format)
12178,ATT015336,presenting_complaint,missing_presenting_complaint,fill with 'Unknown'
12178,ATT015336,"arrival_time, departure_time",mixed_date_format,fix (parse into one timestamp format)
12191,ATT009507,disposition,inconsistent_text_format,"fix (trim spaces, standardise case)"
12192,ATT015803,departure_time,departure_before_arrival,reject
12192,ATT015803,disposition,inconsistent_text_format,"fix (trim spaces, standardise case)"
12192,ATT015803,"arrival_time, departure_time",mixed_date_format,fix (parse into one timestamp format)
12196,ATT012172,"arrival_time, departure_time",mixed_date_format,fix (parse into one timestamp format)
12201,ATT000035,(entire row),duplicate_row,remove (keep first)
12201,ATT000035,"arrival_time, departure_time",mixed_date_format,fix (parse into one timestamp format)
12206,ATT013487,(entire row),duplicate_row,remove (keep first)
12211,ATT000660,disposition,inconsistent_text_format,"fix (trim spaces, standardise case)"
12216,ATT000941,gp_practice_code,missing_gp_code,set to NULL and flag
12216,ATT000941,"arrival_time, departure_time",mixed_date_format,fix (parse into one timestamp format)
12225,ATT004072,departure_time,departure_before_arrival,reject
12225,ATT004072,"arrival_time, departure_time",mixed_date_format,fix (parse into one timestamp format)
12226,ATT001401,presenting_complaint,inconsistent_text_format,"fix (trim spaces, standardise case)"
12233,ATT006567,departure_time,missing_departure_time,reject
12234,ATT019274,"arrival_time, departure_time",mixed_date_format,fix (parse into one timestamp format)
12237,ATT012249,"arrival_time, departure_time",mixed_date_format,fix (parse into one timestamp format)
12238,ATT015271,presenting_complaint,missing_presenting_complaint,fill with 'Unknown'
12239,ATT005189,"arrival_time, departure_time",mixed_date_format,fix (parse into one timestamp format)
12241,ATT001109,disposition,inconsistent_text_format,"fix (trim spaces, standardise case)"
12241,ATT001109,pseudo_patient_id,missing_patient_id,reject
12253,ATT001780,(entire row),duplicate_row,remove (keep first)
12254,ATT002554,"arrival_time, departure_time",mixed_date_format,fix (parse into one timestamp format)
12255,ATT002687,"arrival_time, departure_time",mixed_date_format,fix (parse into one timestamp format)
12256,ATT001041,presenting_complaint,inconsistent_text_format,"fix (trim spaces, standardise case)"
12257,ATT019084,"arrival_time, departure_time",mixed_date_format,fix (parse into one timestamp format)
12258,ATT001564,presenting_complaint,inconsistent_text_format,"fix (trim spaces, standardise case)"
12259,ATT017314,presenting_complaint,inconsistent_text_format,"fix (trim spaces, standardise case)"
12260,ATT000556,"arrival_time, departure_time",mixed_date_format,fix (parse into one timestamp format)
12265,ATT013220,disposition,inconsistent_text_format,"fix (trim spaces, standardise case)"
12268,ATT015181,departure_time,missing_departure_time,reject
12270,ATT014994,"arrival_time, departure_time",mixed_date_format,fix (parse into one timestamp format)
12271,ATT015487,presenting_complaint,inconsistent_text_format,"fix (trim spaces, standardise case)"
12272,ATT017806,"arrival_time, departure_time",mixed_date_format,fix (parse into one timestamp format)
12276,ATT009411,"arrival_time, departure_time",mixed_date_format,fix (parse into one timestamp format)
12284,ATT008962,presenting_complaint,inconsistent_text_format,"fix (trim spaces, standardise case)"
12285,ATT016159,presenting_complaint,inconsistent_text_format,"fix (trim spaces, standardise case)"
12287,ATT018848,"arrival_time, departure_time",mixed_date_format,fix (parse into one timestamp format)
12290,ATT013592,(entire row),duplicate_row,remove (keep first)
12292,ATT013019,presenting_complaint,inconsistent_text_format,"fix (trim spaces, standardise case)"
12294,ATT010895,"arrival_time, departure_time",mixed_date_format,fix (parse into one timestamp format)
12296,ATT000029,gp_practice_code,missing_gp_code,set to NULL and flag
12297,ATT018270,gp_practice_code,missing_gp_code,set to NULL and flag
12300,ATT009622,triage_category,triage_decimal_format,fix (3.0 -> 3)
12302,ATT018284,disposition,missing_disposition,fill with 'Unknown'
12304,ATT019313,gp_practice_code,gp_code_lowercase,fix (upper-case)
12304,ATT019313,"arrival_time, departure_time",mixed_date_format,fix (parse into one timestamp format)
12306,ATT008525,presenting_complaint,missing_presenting_complaint,fill with 'Unknown'
12307,ATT005644,disposition,inconsistent_text_format,"fix (trim spaces, standardise case)"
12308,ATT006866,triage_category,triage_decimal_format,fix (3.0 -> 3)
12310,ATT014153,triage_category,invalid_triage_code,reject
12312,ATT004225,"arrival_time, departure_time",mixed_date_format,fix (parse into one timestamp format)
12315,ATT000121,presenting_complaint,inconsistent_text_format,"fix (trim spaces, standardise case)"
12318,ATT005580,disposition,inconsistent_text_format,"fix (trim spaces, standardise case)"
12318,ATT005580,triage_category,invalid_triage_code,reject
12320,ATT004711,disposition,missing_disposition,fill with 'Unknown'
12335,ATT017639,departure_time,missing_departure_time,reject
12339,ATT009737,disposition,inconsistent_text_format,"fix (trim spaces, standardise case)"
12343,ATT012770,disposition,inconsistent_text_format,"fix (trim spaces, standardise case)"
12345,ATT010893,gp_practice_code,gp_code_lowercase,fix (upper-case)
12346,ATT000601,departure_time,missing_departure_time,reject
12347,ATT009138,presenting_complaint,inconsistent_text_format,"fix (trim spaces, standardise case)"
12348,ATT004551,gp_practice_code,malformed_gp_code,set to NULL and flag
12351,ATT013671,arrival_time,future_dated_attendance,reject
12352,ATT017560,presenting_complaint,missing_presenting_complaint,fill with 'Unknown'
12353,ATT019834,presenting_complaint,inconsistent_text_format,"fix (trim spaces, standardise case)"
12355,ATT016569,presenting_complaint,inconsistent_text_format,"fix (trim spaces, standardise case)"
12359,ATT010190,disposition,inconsistent_text_format,"fix (trim spaces, standardise case)"
12363,ATT001783,"arrival_time, departure_time",mixed_date_format,fix (parse into one timestamp format)
12365,ATT001096,"arrival_time, departure_time",mixed_date_format,fix (parse into one timestamp format)
12367,ATT001947,disposition,inconsistent_text_format,"fix (trim spaces, standardise case)"
12369,ATT019607,presenting_complaint,inconsistent_text_format,"fix (trim spaces, standardise case)"
12370,ATT018826,"arrival_time, departure_time",mixed_date_format,fix (parse into one timestamp format)
12372,ATT010798,"arrival_time, departure_time",mixed_date_format,fix (parse into one timestamp format)
12375,ATT012846,disposition,inconsistent_text_format,"fix (trim spaces, standardise case)"
12376,ATT010662,"arrival_time, departure_time",mixed_date_format,fix (parse into one timestamp format)
12378,ATT016066,presenting_complaint,inconsistent_text_format,"fix (trim spaces, standardise case)"
12381,ATT006695,disposition,inconsistent_text_format,"fix (trim spaces, standardise case)"
12381,ATT006695,"arrival_time, departure_time",mixed_date_format,fix (parse into one timestamp format)
12385,ATT009970,gp_practice_code,gp_code_lowercase,fix (upper-case)
12385,ATT009970,presenting_complaint,inconsistent_text_format,"fix (trim spaces, standardise case)"
12392,ATT003023,"arrival_time, departure_time",mixed_date_format,fix (parse into one timestamp format)
12393,ATT005402,presenting_complaint,inconsistent_text_format,"fix (trim spaces, standardise case)"
12393,ATT005402,"arrival_time, departure_time",mixed_date_format,fix (parse into one timestamp format)
12395,ATT011205,presenting_complaint,inconsistent_text_format,"fix (trim spaces, standardise case)"
12401,ATT017480,disposition,inconsistent_text_format,"fix (trim spaces, standardise case)"
12410,ATT004265,(entire row),duplicate_row,remove (keep first)
12412,ATT010653,presenting_complaint,inconsistent_text_format,"fix (trim spaces, standardise case)"
12414,ATT008114,"arrival_time, departure_time",mixed_date_format,fix (parse into one timestamp format)
12416,ATT000702,disposition,inconsistent_text_format,"fix (trim spaces, standardise case)"
12419,ATT008160,presenting_complaint,missing_presenting_complaint,fill with 'Unknown'
12420,ATT006871,triage_category,triage_decimal_format,fix (3.0 -> 3)
12421,ATT012579,presenting_complaint,inconsistent_text_format,"fix (trim spaces, standardise case)"
12422,ATT004424,presenting_complaint,inconsistent_text_format,"fix (trim spaces, standardise case)"
12422,ATT004424,"arrival_time, departure_time",mixed_date_format,fix (parse into one timestamp format)
12426,ATT004869,presenting_complaint,inconsistent_text_format,"fix (trim spaces, standardise case)"
12427,ATT009491,"arrival_time, departure_time",mixed_date_format,fix (parse into one timestamp format)
12428,ATT004377,presenting_complaint,missing_presenting_complaint,fill with 'Unknown'
12430,ATT009545,presenting_complaint,inconsistent_text_format,"fix (trim spaces, standardise case)"
12430,ATT009545,disposition,inconsistent_text_format,"fix (trim spaces, standardise case)"
12431,ATT002927,"arrival_time, departure_time",mixed_date_format,fix (parse into one timestamp format)
12432,ATT013659,triage_category,invalid_triage_code,reject
12432,ATT013659,"arrival_time, departure_time",mixed_date_format,fix (parse into one timestamp format)
12433,ATT009826,presenting_complaint,inconsistent_text_format,"fix (trim spaces, standardise case)"
12435,ATT008734,"arrival_time, departure_time",mixed_date_format,fix (parse into one timestamp format)
12439,ATT014702,pseudo_patient_id,missing_patient_id,reject
12443,ATT018971,disposition,inconsistent_text_format,"fix (trim spaces, standardise case)"
12448,ATT002148,presenting_complaint,inconsistent_text_format,"fix (trim spaces, standardise case)"
12452,ATT010087,presenting_complaint,inconsistent_text_format,"fix (trim spaces, standardise case)"
12452,ATT010087,"arrival_time, departure_time",mixed_date_format,fix (parse into one timestamp format)
12453,ATT015129,"arrival_time, departure_time",mixed_date_format,fix (parse into one timestamp format)
12454,ATT009700,gp_practice_code,gp_code_lowercase,fix (upper-case)
12457,ATT013104,disposition,inconsistent_text_format,"fix (trim spaces, standardise case)"
12459,ATT010428,presenting_complaint,inconsistent_text_format,"fix (trim spaces, standardise case)"
12459,ATT010428,departure_time,missing_departure_time,reject
12463,ATT000313,gp_practice_code,missing_gp_code,set to NULL and flag
12463,ATT000313,"arrival_time, departure_time",mixed_date_format,fix (parse into one timestamp format)
12469,ATT000886,departure_time,departure_before_arrival,reject
12471,ATT001791,(entire row),duplicate_row,remove (keep first)
12471,ATT001791,"arrival_time, departure_time",mixed_date_format,fix (parse into one timestamp format)
12472,ATT013867,triage_category,invalid_triage_code,reject
12473,ATT014102,presenting_complaint,missing_presenting_complaint,fill with 'Unknown'
12473,ATT014102,"arrival_time, departure_time",mixed_date_format,fix (parse into one timestamp format)
12474,ATT010201,arrival_time,missing_arrival_time,reject
12479,ATT014912,disposition,inconsistent_text_format,"fix (trim spaces, standardise case)"
12479,ATT014912,departure_time,missing_departure_time,reject
12479,ATT014912,"arrival_time, departure_time",mixed_date_format,fix (parse into one timestamp format)
12480,ATT016769,"arrival_time, departure_time",mixed_date_format,fix (parse into one timestamp format)
12482,ATT019368,gp_practice_code,gp_code_lowercase,fix (upper-case)
12484,ATT015114,"arrival_time, departure_time",mixed_date_format,fix (parse into one timestamp format)
12487,ATT012335,presenting_complaint,missing_presenting_complaint,fill with 'Unknown'
12488,ATT012319,presenting_complaint,missing_presenting_complaint,fill with 'Unknown'
12489,ATT015092,gp_practice_code,malformed_gp_code,set to NULL and flag
12490,ATT019169,presenting_complaint,inconsistent_text_format,"fix (trim spaces, standardise case)"
12491,ATT015745,gp_practice_code,missing_gp_code,set to NULL and flag
12493,ATT001469,disposition,inconsistent_text_format,"fix (trim spaces, standardise case)"
12494,ATT009609,"arrival_time, departure_time",mixed_date_format,fix (parse into one timestamp format)
12495,ATT000471,"arrival_time, departure_time",mixed_date_format,fix (parse into one timestamp format)
12496,ATT010551,triage_category,invalid_triage_code,reject
12496,ATT010551,"arrival_time, departure_time",mixed_date_format,fix (parse into one timestamp format)
12499,ATT018927,triage_category,invalid_triage_code,reject
12500,ATT011061,(entire row),duplicate_row,remove (keep first)
12501,ATT018796,departure_time,extreme_length_of_stay,reject
12501,ATT018796,presenting_complaint,inconsistent_text_format,"fix (trim spaces, standardise case)"
12514,ATT009248,disposition,inconsistent_text_format,"fix (trim spaces, standardise case)"
12515,ATT018166,"arrival_time, departure_time",mixed_date_format,fix (parse into one timestamp format)
12518,ATT013385,disposition,inconsistent_text_format,"fix (trim spaces, standardise case)"
12519,ATT010117,"arrival_time, departure_time",mixed_date_format,fix (parse into one timestamp format)
12523,ATT003877,"arrival_time, departure_time",mixed_date_format,fix (parse into one timestamp format)
12524,ATT001076,presenting_complaint,inconsistent_text_format,"fix (trim spaces, standardise case)"
12525,ATT009308,gp_practice_code,missing_gp_code,set to NULL and flag
12526,ATT003937,disposition,inconsistent_text_format,"fix (trim spaces, standardise case)"
12529,ATT017241,gp_practice_code,missing_gp_code,set to NULL and flag
12530,ATT007142,presenting_complaint,inconsistent_text_format,"fix (trim spaces, standardise case)"
12530,ATT007142,disposition,inconsistent_text_format,"fix (trim spaces, standardise case)"
12531,ATT011225,presenting_complaint,inconsistent_text_format,"fix (trim spaces, standardise case)"
12533,ATT006714,"arrival_time, departure_time",mixed_date_format,fix (parse into one timestamp format)
12533,ATT006714,triage_category,triage_decimal_format,fix (3.0 -> 3)
12539,ATT010115,presenting_complaint,inconsistent_text_format,"fix (trim spaces, standardise case)"
12542,ATT016355,"arrival_time, departure_time",mixed_date_format,fix (parse into one timestamp format)
12543,ATT009526,(entire row),duplicate_row,remove (keep first)
12547,ATT010322,disposition,inconsistent_text_format,"fix (trim spaces, standardise case)"
12547,ATT010322,gp_practice_code,missing_gp_code,set to NULL and flag
12548,ATT018824,presenting_complaint,inconsistent_text_format,"fix (trim spaces, standardise case)"
12550,ATT017418,"arrival_time, departure_time",mixed_date_format,fix (parse into one timestamp format)
12550,ATT017418,triage_category,triage_decimal_format,fix (3.0 -> 3)
12551,ATT015002,presenting_complaint,missing_presenting_complaint,fill with 'Unknown'
12557,ATT018369,"arrival_time, departure_time",mixed_date_format,fix (parse into one timestamp format)
12560,ATT013962,disposition,missing_disposition,fill with 'Unknown'
12560,ATT013962,"arrival_time, departure_time",mixed_date_format,fix (parse into one timestamp format)
12561,ATT018185,disposition,inconsistent_text_format,"fix (trim spaces, standardise case)"
12562,ATT011435,presenting_complaint,inconsistent_text_format,"fix (trim spaces, standardise case)"
12565,ATT014498,gp_practice_code,missing_gp_code,set to NULL and flag
12565,ATT014498,"arrival_time, departure_time",mixed_date_format,fix (parse into one timestamp format)
12570,ATT007927,arrival_time,missing_arrival_time,reject
12570,ATT007927,"arrival_time, departure_time",mixed_date_format,fix (parse into one timestamp format)
12580,ATT011561,"arrival_time, departure_time",mixed_date_format,fix (parse into one timestamp format)
12581,ATT000755,"arrival_time, departure_time",mixed_date_format,fix (parse into one timestamp format)
12586,ATT014500,presenting_complaint,inconsistent_text_format,"fix (trim spaces, standardise case)"
12587,ATT013276,presenting_complaint,inconsistent_text_format,"fix (trim spaces, standardise case)"
12590,ATT016498,"arrival_time, departure_time",mixed_date_format,fix (parse into one timestamp format)
12591,ATT000238,triage_category,triage_decimal_format,fix (3.0 -> 3)
12597,ATT017550,"arrival_time, departure_time",mixed_date_format,fix (parse into one timestamp format)
12599,ATT012753,disposition,missing_disposition,fill with 'Unknown'
12602,ATT007504,presenting_complaint,missing_presenting_complaint,fill with 'Unknown'
12606,ATT001309,presenting_complaint,inconsistent_text_format,"fix (trim spaces, standardise case)"
12607,ATT001583,presenting_complaint,missing_presenting_complaint,fill with 'Unknown'
12608,ATT018455,disposition,inconsistent_text_format,"fix (trim spaces, standardise case)"
12611,ATT017959,departure_time,departure_before_arrival,reject
12611,ATT017959,"arrival_time, departure_time",mixed_date_format,fix (parse into one timestamp format)
12612,ATT009750,gp_practice_code,missing_gp_code,set to NULL and flag
12614,ATT018619,disposition,inconsistent_text_format,"fix (trim spaces, standardise case)"
12614,ATT018619,"arrival_time, departure_time",mixed_date_format,fix (parse into one timestamp format)
12616,ATT007634,triage_category,invalid_triage_code,reject
12616,ATT007634,"arrival_time, departure_time",mixed_date_format,fix (parse into one timestamp format)
12617,ATT015294,(entire row),duplicate_row,remove (keep first)
12617,ATT015294,"arrival_time, departure_time",mixed_date_format,fix (parse into one timestamp format)
12619,ATT016684,presenting_complaint,inconsistent_text_format,"fix (trim spaces, standardise case)"
12620,ATT010308,presenting_complaint,inconsistent_text_format,"fix (trim spaces, standardise case)"
12621,ATT005796,disposition,inconsistent_text_format,"fix (trim spaces, standardise case)"
12624,ATT000619,gp_practice_code,missing_gp_code,set to NULL and flag
12625,ATT003800,presenting_complaint,inconsistent_text_format,"fix (trim spaces, standardise case)"
12625,ATT003800,"arrival_time, departure_time",mixed_date_format,fix (parse into one timestamp format)
12628,ATT011589,departure_time,missing_departure_time,reject
12634,ATT014755,"arrival_time, departure_time",mixed_date_format,fix (parse into one timestamp format)
12635,ATT002041,presenting_complaint,inconsistent_text_format,"fix (trim spaces, standardise case)"
12637,ATT007966,gp_practice_code,malformed_gp_code,set to NULL and flag
12638,ATT015244,presenting_complaint,inconsistent_text_format,"fix (trim spaces, standardise case)"
12638,ATT015244,gp_practice_code,missing_gp_code,set to NULL and flag
12642,ATT016234,disposition,inconsistent_text_format,"fix (trim spaces, standardise case)"
12643,ATT001357,disposition,inconsistent_text_format,"fix (trim spaces, standardise case)"
12647,ATT010738,presenting_complaint,inconsistent_text_format,"fix (trim spaces, standardise case)"
12649,ATT018612,triage_category,invalid_triage_code,reject
12653,ATT007170,presenting_complaint,inconsistent_text_format,"fix (trim spaces, standardise case)"
12653,ATT007170,triage_category,triage_decimal_format,fix (3.0 -> 3)
12654,ATT000176,disposition,inconsistent_text_format,"fix (trim spaces, standardise case)"
12654,ATT000176,"arrival_time, departure_time",mixed_date_format,fix (parse into one timestamp format)
12661,ATT010418,triage_category,triage_decimal_format,fix (3.0 -> 3)
12663,ATT014656,disposition,inconsistent_text_format,"fix (trim spaces, standardise case)"
12664,ATT009319,disposition,inconsistent_text_format,"fix (trim spaces, standardise case)"
12665,ATT014134,presenting_complaint,inconsistent_text_format,"fix (trim spaces, standardise case)"
12668,ATT002442,presenting_complaint,inconsistent_text_format,"fix (trim spaces, standardise case)"
12669,ATT012909,triage_category,triage_decimal_format,fix (3.0 -> 3)
12674,ATT008015,presenting_complaint,inconsistent_text_format,"fix (trim spaces, standardise case)"
12676,ATT004066,"arrival_time, departure_time",mixed_date_format,fix (parse into one timestamp format)
12683,ATT014729,disposition,inconsistent_text_format,"fix (trim spaces, standardise case)"
12684,ATT001560,gp_practice_code,malformed_gp_code,set to NULL and flag
12685,ATT015110,presenting_complaint,inconsistent_text_format,"fix (trim spaces, standardise case)"
12686,ATT005578,triage_category,invalid_triage_code,reject
12687,ATT015835,(entire row),duplicate_row,remove (keep first)
12689,ATT010689,presenting_complaint,inconsistent_text_format,"fix (trim spaces, standardise case)"
12691,ATT012900,presenting_complaint,inconsistent_text_format,"fix (trim spaces, standardise case)"
12692,ATT018096,triage_category,invalid_triage_code,reject
12696,ATT009547,disposition,inconsistent_text_format,"fix (trim spaces, standardise case)"
12703,ATT006907,"arrival_time, departure_time",mixed_date_format,fix (parse into one timestamp format)
12704,ATT014816,departure_time,missing_departure_time,reject
12707,ATT001236,"arrival_time, departure_time",mixed_date_format,fix (parse into one timestamp format)
12709,ATT014592,presenting_complaint,inconsistent_text_format,"fix (trim spaces, standardise case)"
12713,ATT009218,"arrival_time, departure_time",mixed_date_format,fix (parse into one timestamp format)
12714,ATT003671,presenting_complaint,inconsistent_text_format,"fix (trim spaces, standardise case)"
12716,ATT016060,"arrival_time, departure_time",mixed_date_format,fix (parse into one timestamp format)
12718,ATT014139,"arrival_time, departure_time",mixed_date_format,fix (parse into one timestamp format)
12720,ATT008829,"arrival_time, departure_time",mixed_date_format,fix (parse into one timestamp format)
12721,ATT014546,disposition,inconsistent_text_format,"fix (trim spaces, standardise case)"
12724,ATT000948,presenting_complaint,inconsistent_text_format,"fix (trim spaces, standardise case)"
12725,ATT011690,departure_time,departure_before_arrival,reject
12727,ATT013882,disposition,missing_disposition,fill with 'Unknown'
12728,ATT002971,presenting_complaint,inconsistent_text_format,"fix (trim spaces, standardise case)"
12729,ATT013982,presenting_complaint,inconsistent_text_format,"fix (trim spaces, standardise case)"
12729,ATT013982,"arrival_time, departure_time",mixed_date_format,fix (parse into one timestamp format)
12730,ATT014646,presenting_complaint,inconsistent_text_format,"fix (trim spaces, standardise case)"
12731,ATT003886,triage_category,triage_decimal_format,fix (3.0 -> 3)
12733,ATT017931,presenting_complaint,inconsistent_text_format,"fix (trim spaces, standardise case)"
12735,ATT011911,presenting_complaint,inconsistent_text_format,"fix (trim spaces, standardise case)"
12737,ATT012824,presenting_complaint,inconsistent_text_format,"fix (trim spaces, standardise case)"
12737,ATT012824,gp_practice_code,missing_gp_code,set to NULL and flag
12739,ATT017685,"arrival_time, departure_time",mixed_date_format,fix (parse into one timestamp format)
12740,ATT011080,"arrival_time, departure_time",mixed_date_format,fix (parse into one timestamp format)
12746,ATT001565,"arrival_time, departure_time",mixed_date_format,fix (parse into one timestamp format)
12752,ATT003321,disposition,inconsistent_text_format,"fix (trim spaces, standardise case)"
12756,ATT012447,presenting_complaint,inconsistent_text_format,"fix (trim spaces, standardise case)"
12757,ATT004774,disposition,inconsistent_text_format,"fix (trim spaces, standardise case)"
12760,ATT004710,"arrival_time, departure_time",mixed_date_format,fix (parse into one timestamp format)
12761,ATT000848,disposition,inconsistent_text_format,"fix (trim spaces, standardise case)"
12761,ATT000848,"arrival_time, departure_time",mixed_date_format,fix (parse into one timestamp format)
12762,ATT013390,presenting_complaint,missing_presenting_complaint,fill with 'Unknown'
12764,ATT008741,presenting_complaint,inconsistent_text_format,"fix (trim spaces, standardise case)"
12767,ATT017043,"arrival_time, departure_time",mixed_date_format,fix (parse into one timestamp format)
12771,ATT005786,departure_time,missing_departure_time,reject
12772,ATT007340,(entire row),duplicate_row,remove (keep first)
12774,ATT019724,disposition,missing_disposition,fill with 'Unknown'
12780,ATT002312,"arrival_time, departure_time",mixed_date_format,fix (parse into one timestamp format)
12786,ATT008392,pseudo_patient_id,missing_patient_id,reject
12786,ATT008392,"arrival_time, departure_time",mixed_date_format,fix (parse into one timestamp format)
12787,ATT008678,presenting_complaint,inconsistent_text_format,"fix (trim spaces, standardise case)"
12788,ATT011463,"arrival_time, departure_time",mixed_date_format,fix (parse into one timestamp format)
12792,ATT005337,presenting_complaint,inconsistent_text_format,"fix (trim spaces, standardise case)"
12794,ATT004454,presenting_complaint,inconsistent_text_format,"fix (trim spaces, standardise case)"
12795,ATT008187,"arrival_time, departure_time",mixed_date_format,fix (parse into one timestamp format)
12801,ATT008002,"arrival_time, departure_time",mixed_date_format,fix (parse into one timestamp format)
12802,ATT018424,presenting_complaint,missing_presenting_complaint,fill with 'Unknown'
12803,ATT010987,"arrival_time, departure_time",mixed_date_format,fix (parse into one timestamp format)
12804,ATT011575,presenting_complaint,inconsistent_text_format,"fix (trim spaces, standardise case)"
12812,ATT018711,presenting_complaint,inconsistent_text_format,"fix (trim spaces, standardise case)"
12812,ATT018711,"arrival_time, departure_time",mixed_date_format,fix (parse into one timestamp format)
12817,ATT013693,presenting_complaint,inconsistent_text_format,"fix (trim spaces, standardise case)"
12819,ATT007398,presenting_complaint,inconsistent_text_format,"fix (trim spaces, standardise case)"
12819,ATT007398,disposition,missing_disposition,fill with 'Unknown'
12819,ATT007398,"arrival_time, departure_time",mixed_date_format,fix (parse into one timestamp format)
12821,ATT019232,disposition,inconsistent_text_format,"fix (trim spaces, standardise case)"
12825,ATT017123,presenting_complaint,inconsistent_text_format,"fix (trim spaces, standardise case)"
12827,ATT008881,"arrival_time, departure_time",mixed_date_format,fix (parse into one timestamp format)
12831,ATT010325,(entire row),duplicate_row,remove (keep first)
12831,ATT010325,"arrival_time, departure_time",mixed_date_format,fix (parse into one timestamp format)
12836,ATT015068,disposition,missing_disposition,fill with 'Unknown'
12844,ATT017469,"arrival_time, departure_time",mixed_date_format,fix (parse into one timestamp format)
12845,ATT004306,disposition,inconsistent_text_format,"fix (trim spaces, standardise case)"
12848,ATT010943,gp_practice_code,malformed_gp_code,set to NULL and flag
12851,ATT007654,presenting_complaint,inconsistent_text_format,"fix (trim spaces, standardise case)"
12851,ATT007654,"arrival_time, departure_time",mixed_date_format,fix (parse into one timestamp format)
12857,ATT015740,presenting_complaint,inconsistent_text_format,"fix (trim spaces, standardise case)"
12857,ATT015740,"arrival_time, departure_time",mixed_date_format,fix (parse into one timestamp format)
12858,ATT018252,"arrival_time, departure_time",mixed_date_format,fix (parse into one timestamp format)
12859,ATT008639,"arrival_time, departure_time",mixed_date_format,fix (parse into one timestamp format)
12861,ATT004434,gp_practice_code,malformed_gp_code,set to NULL and flag
12862,ATT015264,gp_practice_code,missing_gp_code,set to NULL and flag
12864,ATT003118,"arrival_time, departure_time",mixed_date_format,fix (parse into one timestamp format)
12865,ATT018735,presenting_complaint,inconsistent_text_format,"fix (trim spaces, standardise case)"
12866,ATT006879,disposition,inconsistent_text_format,"fix (trim spaces, standardise case)"
12867,ATT017657,departure_time,departure_before_arrival,reject
12869,ATT011233,"arrival_time, departure_time",mixed_date_format,fix (parse into one timestamp format)
12874,ATT019332,gp_practice_code,missing_gp_code,set to NULL and flag
12875,ATT017522,"arrival_time, departure_time",mixed_date_format,fix (parse into one timestamp format)
12877,ATT015395,"arrival_time, departure_time",mixed_date_format,fix (parse into one timestamp format)
12881,ATT012470,presenting_complaint,missing_presenting_complaint,fill with 'Unknown'
12882,ATT008541,presenting_complaint,inconsistent_text_format,"fix (trim spaces, standardise case)"
12884,ATT001929,presenting_complaint,inconsistent_text_format,"fix (trim spaces, standardise case)"
12885,ATT018995,presenting_complaint,inconsistent_text_format,"fix (trim spaces, standardise case)"
12886,ATT000351,presenting_complaint,inconsistent_text_format,"fix (trim spaces, standardise case)"
12889,ATT006031,presenting_complaint,inconsistent_text_format,"fix (trim spaces, standardise case)"
12890,ATT019716,(entire row),duplicate_row,remove (keep first)
12890,ATT019716,"arrival_time, departure_time",mixed_date_format,fix (parse into one timestamp format)
12891,ATT019680,"arrival_time, departure_time",mixed_date_format,fix (parse into one timestamp format)
12894,ATT002501,disposition,inconsistent_text_format,"fix (trim spaces, standardise case)"
12896,ATT016369,"arrival_time, departure_time",mixed_date_format,fix (parse into one timestamp format)
12898,ATT009775,gp_practice_code,missing_gp_code,set to NULL and flag
12901,ATT016603,disposition,inconsistent_text_format,"fix (trim spaces, standardise case)"
12902,ATT017196,disposition,inconsistent_text_format,"fix (trim spaces, standardise case)"
12903,ATT003386,disposition,inconsistent_text_format,"fix (trim spaces, standardise case)"
12905,ATT007960,"arrival_time, departure_time",mixed_date_format,fix (parse into one timestamp format)
12906,ATT002708,presenting_complaint,inconsistent_text_format,"fix (trim spaces, standardise case)"
12906,ATT002708,"arrival_time, departure_time",mixed_date_format,fix (parse into one timestamp format)
12907,ATT002791,presenting_complaint,inconsistent_text_format,"fix (trim spaces, standardise case)"
12913,ATT015781,disposition,inconsistent_text_format,"fix (trim spaces, standardise case)"
12915,ATT001640,(entire row),duplicate_row,remove (keep first)
12915,ATT001640,presenting_complaint,inconsistent_text_format,"fix (trim spaces, standardise case)"
12915,ATT001640,"arrival_time, departure_time",mixed_date_format,fix (parse into one timestamp format)
12918,ATT000822,"arrival_time, departure_time",mixed_date_format,fix (parse into one timestamp format)
12923,ATT016570,disposition,inconsistent_text_format,"fix (trim spaces, standardise case)"
12928,ATT012019,departure_time,extreme_length_of_stay,reject
12928,ATT012019,"arrival_time, departure_time",mixed_date_format,fix (parse into one timestamp format)
12931,ATT016895,presenting_complaint,inconsistent_text_format,"fix (trim spaces, standardise case)"
12932,ATT002834,presenting_complaint,inconsistent_text_format,"fix (trim spaces, standardise case)"
12933,ATT011239,presenting_complaint,missing_presenting_complaint,fill with 'Unknown'
12936,ATT015280,gp_practice_code,missing_gp_code,set to NULL and flag
12937,ATT019437,disposition,inconsistent_text_format,"fix (trim spaces, standardise case)"
12939,ATT011941,"arrival_time, departure_time",mixed_date_format,fix (parse into one timestamp format)
12940,ATT017688,disposition,inconsistent_text_format,"fix (trim spaces, standardise case)"
12941,ATT015992,disposition,inconsistent_text_format,"fix (trim spaces, standardise case)"
12943,ATT013178,presenting_complaint,inconsistent_text_format,"fix (trim spaces, standardise case)"
12944,ATT007769,presenting_complaint,inconsistent_text_format,"fix (trim spaces, standardise case)"
12945,ATT017683,presenting_complaint,inconsistent_text_format,"fix (trim spaces, standardise case)"
12945,ATT017683,"arrival_time, departure_time",mixed_date_format,fix (parse into one timestamp format)
12946,ATT004096,"arrival_time, departure_time",mixed_date_format,fix (parse into one timestamp format)
12947,ATT002690,presenting_complaint,missing_presenting_complaint,fill with 'Unknown'
12947,ATT002690,"arrival_time, departure_time",mixed_date_format,fix (parse into one timestamp format)
12950,ATT004846,disposition,missing_disposition,fill with 'Unknown'
12953,ATT008061,gp_practice_code,missing_gp_code,set to NULL and flag
12953,ATT008061,"arrival_time, departure_time",mixed_date_format,fix (parse into one timestamp format)
12954,ATT010566,arrival_time,missing_arrival_time,reject
12955,ATT005677,disposition,inconsistent_text_format,"fix (trim spaces, standardise case)"
12959,ATT006066,disposition,inconsistent_text_format,"fix (trim spaces, standardise case)"
12960,ATT016356,gp_practice_code,malformed_gp_code,set to NULL and flag
12962,ATT014183,presenting_complaint,inconsistent_text_format,"fix (trim spaces, standardise case)"
12963,ATT014920,presenting_complaint,inconsistent_text_format,"fix (trim spaces, standardise case)"
12965,ATT003881,presenting_complaint,missing_presenting_complaint,fill with 'Unknown'
12968,ATT013245,"arrival_time, departure_time",mixed_date_format,fix (parse into one timestamp format)
12969,ATT004935,presenting_complaint,inconsistent_text_format,"fix (trim spaces, standardise case)"
12970,ATT015269,"arrival_time, departure_time",mixed_date_format,fix (parse into one timestamp format)
12971,ATT016605,(entire row),duplicate_row,remove (keep first)
12971,ATT016605,presenting_complaint,inconsistent_text_format,"fix (trim spaces, standardise case)"
12972,ATT011976,gp_practice_code,missing_gp_code,set to NULL and flag
12973,ATT007747,presenting_complaint,missing_presenting_complaint,fill with 'Unknown'
12975,ATT005236,"arrival_time, departure_time",mixed_date_format,fix (parse into one timestamp format)
12977,ATT010122,departure_time,departure_before_arrival,reject
12980,ATT010110,disposition,inconsistent_text_format,"fix (trim spaces, standardise case)"
12980,ATT010110,"arrival_time, departure_time",mixed_date_format,fix (parse into one timestamp format)
12985,ATT005667,"arrival_time, departure_time",mixed_date_format,fix (parse into one timestamp format)
12988,ATT013421,presenting_complaint,inconsistent_text_format,"fix (trim spaces, standardise case)"
12989,ATT015164,"arrival_time, departure_time",mixed_date_format,fix (parse into one timestamp format)
12997,ATT010933,gp_practice_code,gp_code_lowercase,fix (upper-case)
12997,ATT010933,"arrival_time, departure_time",mixed_date_format,fix (parse into one timestamp format)
12998,ATT010025,disposition,inconsistent_text_format,"fix (trim spaces, standardise case)"
12998,ATT010025,"arrival_time, departure_time",mixed_date_format,fix (parse into one timestamp format)
13000,ATT017068,presenting_complaint,inconsistent_text_format,"fix (trim spaces, standardise case)"
13001,ATT011879,"arrival_time, departure_time",mixed_date_format,fix (parse into one timestamp format)
13003,ATT019394,triage_category,invalid_triage_code,reject
13006,ATT008419,presenting_complaint,inconsistent_text_format,"fix (trim spaces, standardise case)"
13007,ATT009027,presenting_complaint,inconsistent_text_format,"fix (trim spaces, standardise case)"
13007,ATT009027,gp_practice_code,missing_gp_code,set to NULL and flag
13009,ATT009323,disposition,inconsistent_text_format,"fix (trim spaces, standardise case)"
13010,ATT009583,"arrival_time, departure_time",mixed_date_format,fix (parse into one timestamp format)
13011,ATT015552,"arrival_time, departure_time",mixed_date_format,fix (parse into one timestamp format)
13013,ATT012283,disposition,inconsistent_text_format,"fix (trim spaces, standardise case)"
13015,ATT008258,"arrival_time, departure_time",mixed_date_format,fix (parse into one timestamp format)
13016,ATT012468,gp_practice_code,gp_code_lowercase,fix (upper-case)
13019,ATT002025,gp_practice_code,missing_gp_code,set to NULL and flag
13022,ATT005361,presenting_complaint,missing_presenting_complaint,fill with 'Unknown'
13028,ATT019100,(entire row),duplicate_row,remove (keep first)
13029,ATT003396,presenting_complaint,inconsistent_text_format,"fix (trim spaces, standardise case)"
13032,ATT019104,(entire row),duplicate_row,remove (keep first)
13035,ATT008502,"arrival_time, departure_time",mixed_date_format,fix (parse into one timestamp format)
13038,ATT007161,"arrival_time, departure_time",mixed_date_format,fix (parse into one timestamp format)
13040,ATT004355,"arrival_time, departure_time",mixed_date_format,fix (parse into one timestamp format)
13042,ATT017811,"arrival_time, departure_time",mixed_date_format,fix (parse into one timestamp format)
13044,ATT013085,gp_practice_code,missing_gp_code,set to NULL and flag
13049,ATT018377,"arrival_time, departure_time",mixed_date_format,fix (parse into one timestamp format)
13051,ATT000325,presenting_complaint,inconsistent_text_format,"fix (trim spaces, standardise case)"
13053,ATT005172,(entire row),duplicate_row,remove (keep first)
13053,ATT005172,"arrival_time, departure_time",mixed_date_format,fix (parse into one timestamp format)
13054,ATT005649,presenting_complaint,inconsistent_text_format,"fix (trim spaces, standardise case)"
13058,ATT011268,presenting_complaint,inconsistent_text_format,"fix (trim spaces, standardise case)"
13061,ATT015142,departure_time,extreme_length_of_stay,reject
13062,ATT004753,"arrival_time, departure_time",mixed_date_format,fix (parse into one timestamp format)
13066,ATT017035,presenting_complaint,inconsistent_text_format,"fix (trim spaces, standardise case)"
13069,ATT008022,disposition,inconsistent_text_format,"fix (trim spaces, standardise case)"
13074,ATT011621,disposition,inconsistent_text_format,"fix (trim spaces, standardise case)"
13075,ATT007858,"arrival_time, departure_time",mixed_date_format,fix (parse into one timestamp format)
13075,ATT007858,triage_category,triage_decimal_format,fix (3.0 -> 3)
13076,ATT004422,"arrival_time, departure_time",mixed_date_format,fix (parse into one timestamp format)
13077,ATT001102,departure_time,extreme_length_of_stay,reject
13082,ATT003251,"arrival_time, departure_time",mixed_date_format,fix (parse into one timestamp format)
13084,ATT012333,departure_time,extreme_length_of_stay,reject
13084,ATT012333,presenting_complaint,inconsistent_text_format,"fix (trim spaces, standardise case)"
13085,ATT003558,"arrival_time, departure_time",mixed_date_format,fix (parse into one timestamp format)
13090,ATT002043,presenting_complaint,inconsistent_text_format,"fix (trim spaces, standardise case)"
13093,ATT013145,presenting_complaint,inconsistent_text_format,"fix (trim spaces, standardise case)"
13093,ATT013145,gp_practice_code,malformed_gp_code,set to NULL and flag
13094,ATT000318,disposition,missing_disposition,fill with 'Unknown'
13094,ATT000318,"arrival_time, departure_time",mixed_date_format,fix (parse into one timestamp format)
13095,ATT014262,presenting_complaint,inconsistent_text_format,"fix (trim spaces, standardise case)"
13097,ATT017296,"arrival_time, departure_time",mixed_date_format,fix (parse into one timestamp format)
13099,ATT012874,"arrival_time, departure_time",mixed_date_format,fix (parse into one timestamp format)
13105,ATT004274,disposition,inconsistent_text_format,"fix (trim spaces, standardise case)"
13114,ATT003383,disposition,inconsistent_text_format,"fix (trim spaces, standardise case)"
13115,ATT010918,(entire row),duplicate_row,remove (keep first)
13117,ATT004912,disposition,inconsistent_text_format,"fix (trim spaces, standardise case)"
13117,ATT004912,gp_practice_code,missing_gp_code,set to NULL and flag
13118,ATT011543,(entire row),duplicate_row,remove (keep first)
13121,ATT002766,departure_time,departure_before_arrival,reject
13122,ATT006379,"arrival_time, departure_time",mixed_date_format,fix (parse into one timestamp format)
13123,ATT002242,presenting_complaint,inconsistent_text_format,"fix (trim spaces, standardise case)"
13133,ATT004690,presenting_complaint,inconsistent_text_format,"fix (trim spaces, standardise case)"
13133,ATT004690,"arrival_time, departure_time",mixed_date_format,fix (parse into one timestamp format)
13136,ATT013875,"arrival_time, departure_time",mixed_date_format,fix (parse into one timestamp format)
13141,ATT001426,"arrival_time, departure_time",mixed_date_format,fix (parse into one timestamp format)
13144,ATT015622,departure_time,missing_departure_time,reject
13149,ATT018910,disposition,missing_disposition,fill with 'Unknown'
13152,ATT005852,"arrival_time, departure_time",mixed_date_format,fix (parse into one timestamp format)
13153,ATT007195,disposition,inconsistent_text_format,"fix (trim spaces, standardise case)"
13153,ATT007195,"arrival_time, departure_time",mixed_date_format,fix (parse into one timestamp format)
13154,ATT010096,presenting_complaint,inconsistent_text_format,"fix (trim spaces, standardise case)"
13154,ATT010096,disposition,inconsistent_text_format,"fix (trim spaces, standardise case)"
13155,ATT014361,presenting_complaint,inconsistent_text_format,"fix (trim spaces, standardise case)"
13159,ATT006523,disposition,inconsistent_text_format,"fix (trim spaces, standardise case)"
13159,ATT006523,"arrival_time, departure_time",mixed_date_format,fix (parse into one timestamp format)
13162,ATT006785,"arrival_time, departure_time",mixed_date_format,fix (parse into one timestamp format)
13164,ATT002773,disposition,inconsistent_text_format,"fix (trim spaces, standardise case)"
13165,ATT003393,disposition,missing_disposition,fill with 'Unknown'
13168,ATT011035,presenting_complaint,inconsistent_text_format,"fix (trim spaces, standardise case)"
13169,ATT001750,presenting_complaint,inconsistent_text_format,"fix (trim spaces, standardise case)"
13169,ATT001750,"arrival_time, departure_time",mixed_date_format,fix (parse into one timestamp format)
13174,ATT010140,gp_practice_code,gp_code_lowercase,fix (upper-case)
13181,ATT014074,"arrival_time, departure_time",mixed_date_format,fix (parse into one timestamp format)
13184,ATT013974,"arrival_time, departure_time",mixed_date_format,fix (parse into one timestamp format)
13187,ATT008972,"arrival_time, departure_time",mixed_date_format,fix (parse into one timestamp format)
13188,ATT000723,presenting_complaint,inconsistent_text_format,"fix (trim spaces, standardise case)"
13188,ATT000723,"arrival_time, departure_time",mixed_date_format,fix (parse into one timestamp format)
13190,ATT010154,presenting_complaint,missing_presenting_complaint,fill with 'Unknown'
13190,ATT010154,"arrival_time, departure_time",mixed_date_format,fix (parse into one timestamp format)
13192,ATT018803,disposition,missing_disposition,fill with 'Unknown'
13196,ATT001993,presenting_complaint,inconsistent_text_format,"fix (trim spaces, standardise case)"
13196,ATT001993,"arrival_time, departure_time",mixed_date_format,fix (parse into one timestamp format)
13198,ATT016458,"arrival_time, departure_time",mixed_date_format,fix (parse into one timestamp format)
13201,ATT014448,presenting_complaint,missing_presenting_complaint,fill with 'Unknown'
13202,ATT006118,disposition,inconsistent_text_format,"fix (trim spaces, standardise case)"
13202,ATT006118,departure_time,missing_departure_time,reject
13203,ATT003460,gp_practice_code,gp_code_lowercase,fix (upper-case)
13209,ATT014907,gp_practice_code,missing_gp_code,set to NULL and flag
13209,ATT014907,"arrival_time, departure_time",mixed_date_format,fix (parse into one timestamp format)
13211,ATT008950,"arrival_time, departure_time",mixed_date_format,fix (parse into one timestamp format)
13213,ATT014691,"arrival_time, departure_time",mixed_date_format,fix (parse into one timestamp format)
13215,ATT017250,"arrival_time, departure_time",mixed_date_format,fix (parse into one timestamp format)
13216,ATT017229,disposition,inconsistent_text_format,"fix (trim spaces, standardise case)"
13216,ATT017229,"arrival_time, departure_time",mixed_date_format,fix (parse into one timestamp format)
13220,ATT017739,disposition,inconsistent_text_format,"fix (trim spaces, standardise case)"
13222,ATT018251,presenting_complaint,inconsistent_text_format,"fix (trim spaces, standardise case)"
13222,ATT018251,"arrival_time, departure_time",mixed_date_format,fix (parse into one timestamp format)
13223,ATT017777,"arrival_time, departure_time",mixed_date_format,fix (parse into one timestamp format)
13226,ATT018691,disposition,inconsistent_text_format,"fix (trim spaces, standardise case)"
13228,ATT008696,presenting_complaint,inconsistent_text_format,"fix (trim spaces, standardise case)"
13230,ATT010515,presenting_complaint,inconsistent_text_format,"fix (trim spaces, standardise case)"
13230,ATT010515,"arrival_time, departure_time",mixed_date_format,fix (parse into one timestamp format)
13231,ATT013785,(entire row),duplicate_row,remove (keep first)
13231,ATT013785,"arrival_time, departure_time",mixed_date_format,fix (parse into one timestamp format)
13237,ATT017191,presenting_complaint,missing_presenting_complaint,fill with 'Unknown'
13240,ATT004053,disposition,inconsistent_text_format,"fix (trim spaces, standardise case)"
13242,ATT010924,"arrival_time, departure_time",mixed_date_format,fix (parse into one timestamp format)
13243,ATT013853,"arrival_time, departure_time",mixed_date_format,fix (parse into one timestamp format)
13246,ATT000998,triage_category,invalid_triage_code,reject
13250,ATT011587,presenting_complaint,inconsistent_text_format,"fix (trim spaces, standardise case)"
13250,ATT011587,"arrival_time, departure_time",mixed_date_format,fix (parse into one timestamp format)
13251,ATT000552,"arrival_time, departure_time",mixed_date_format,fix (parse into one timestamp format)
13252,ATT005255,presenting_complaint,inconsistent_text_format,"fix (trim spaces, standardise case)"
13254,ATT004373,triage_category,triage_decimal_format,fix (3.0 -> 3)
13260,ATT015870,"arrival_time, departure_time",mixed_date_format,fix (parse into one timestamp format)
13261,ATT018714,disposition,inconsistent_text_format,"fix (trim spaces, standardise case)"
13264,ATT017958,gp_practice_code,missing_gp_code,set to NULL and flag
13270,ATT009175,"arrival_time, departure_time",mixed_date_format,fix (parse into one timestamp format)
13275,ATT010459,disposition,missing_disposition,fill with 'Unknown'
13277,ATT016130,"arrival_time, departure_time",mixed_date_format,fix (parse into one timestamp format)
13279,ATT000262,"arrival_time, departure_time",mixed_date_format,fix (parse into one timestamp format)
13281,ATT011530,disposition,inconsistent_text_format,"fix (trim spaces, standardise case)"
13281,ATT011530,departure_time,missing_departure_time,reject
13284,ATT004017,departure_time,missing_departure_time,reject
13292,ATT007339,"arrival_time, departure_time",mixed_date_format,fix (parse into one timestamp format)
13293,ATT003368,disposition,inconsistent_text_format,"fix (trim spaces, standardise case)"
13295,ATT011060,disposition,inconsistent_text_format,"fix (trim spaces, standardise case)"
13300,ATT001169,"arrival_time, departure_time",mixed_date_format,fix (parse into one timestamp format)
13301,ATT004145,departure_time,extreme_length_of_stay,reject
13301,ATT004145,presenting_complaint,inconsistent_text_format,"fix (trim spaces, standardise case)"
13304,ATT003150,departure_time,extreme_length_of_stay,reject
13305,ATT015333,presenting_complaint,inconsistent_text_format,"fix (trim spaces, standardise case)"
13308,ATT009409,disposition,inconsistent_text_format,"fix (trim spaces, standardise case)"
13313,ATT017440,"arrival_time, departure_time",mixed_date_format,fix (parse into one timestamp format)
13321,ATT014901,gp_practice_code,missing_gp_code,set to NULL and flag
13321,ATT014901,"arrival_time, departure_time",mixed_date_format,fix (parse into one timestamp format)
13325,ATT016890,presenting_complaint,inconsistent_text_format,"fix (trim spaces, standardise case)"
13326,ATT000580,disposition,inconsistent_text_format,"fix (trim spaces, standardise case)"
13330,ATT017488,disposition,inconsistent_text_format,"fix (trim spaces, standardise case)"
13333,ATT016841,gp_practice_code,malformed_gp_code,set to NULL and flag
13333,ATT016841,"arrival_time, departure_time",mixed_date_format,fix (parse into one timestamp format)
13338,ATT000403,"arrival_time, departure_time",mixed_date_format,fix (parse into one timestamp format)
13339,ATT004429,presenting_complaint,inconsistent_text_format,"fix (trim spaces, standardise case)"
13340,ATT010277,disposition,missing_disposition,fill with 'Unknown'
13342,ATT010191,disposition,inconsistent_text_format,"fix (trim spaces, standardise case)"
13342,ATT010191,"arrival_time, departure_time",mixed_date_format,fix (parse into one timestamp format)
13345,ATT016711,presenting_complaint,inconsistent_text_format,"fix (trim spaces, standardise case)"
13346,ATT010391,"arrival_time, departure_time",mixed_date_format,fix (parse into one timestamp format)
13349,ATT012213,"arrival_time, departure_time",mixed_date_format,fix (parse into one timestamp format)
13350,ATT003318,gp_practice_code,missing_gp_code,set to NULL and flag
13352,ATT007866,"arrival_time, departure_time",mixed_date_format,fix (parse into one timestamp format)
13355,ATT006852,presenting_complaint,missing_presenting_complaint,fill with 'Unknown'
13356,ATT001848,gp_practice_code,malformed_gp_code,set to NULL and flag
13357,ATT018144,presenting_complaint,inconsistent_text_format,"fix (trim spaces, standardise case)"
13362,ATT008946,presenting_complaint,inconsistent_text_format,"fix (trim spaces, standardise case)"
13364,ATT019005,"arrival_time, departure_time",mixed_date_format,fix (parse into one timestamp format)
13367,ATT003492,"arrival_time, departure_time",mixed_date_format,fix (parse into one timestamp format)
13371,ATT007707,presenting_complaint,inconsistent_text_format,"fix (trim spaces, standardise case)"
13372,ATT007055,disposition,inconsistent_text_format,"fix (trim spaces, standardise case)"
13372,ATT007055,triage_category,triage_decimal_format,fix (3.0 -> 3)
13380,ATT015045,disposition,inconsistent_text_format,"fix (trim spaces, standardise case)"
13381,ATT009267,departure_time,departure_before_arrival,reject
13384,ATT011631,triage_category,triage_decimal_format,fix (3.0 -> 3)
13386,ATT011503,disposition,inconsistent_text_format,"fix (trim spaces, standardise case)"
13387,ATT009183,disposition,inconsistent_text_format,"fix (trim spaces, standardise case)"
13389,ATT000247,disposition,inconsistent_text_format,"fix (trim spaces, standardise case)"
13390,ATT003816,triage_category,invalid_triage_code,reject
13394,ATT002263,(entire row),duplicate_row,remove (keep first)
13398,ATT008625,"arrival_time, departure_time",mixed_date_format,fix (parse into one timestamp format)
13400,ATT001174,disposition,inconsistent_text_format,"fix (trim spaces, standardise case)"
13401,ATT018665,presenting_complaint,inconsistent_text_format,"fix (trim spaces, standardise case)"
13402,ATT006438,disposition,missing_disposition,fill with 'Unknown'
13403,ATT014371,disposition,inconsistent_text_format,"fix (trim spaces, standardise case)"
13407,ATT005290,disposition,inconsistent_text_format,"fix (trim spaces, standardise case)"
13407,ATT005290,"arrival_time, departure_time",mixed_date_format,fix (parse into one timestamp format)
13414,ATT016699,(entire row),duplicate_row,remove (keep first)
13417,ATT013736,presenting_complaint,inconsistent_text_format,"fix (trim spaces, standardise case)"
13422,ATT014318,(entire row),duplicate_row,remove (keep first)
13426,ATT007423,"arrival_time, departure_time",mixed_date_format,fix (parse into one timestamp format)
13429,ATT004201,presenting_complaint,inconsistent_text_format,"fix (trim spaces, standardise case)"
13431,ATT017063,"arrival_time, departure_time",mixed_date_format,fix (parse into one timestamp format)
13432,ATT011327,(entire row),duplicate_row,remove (keep first)
13432,ATT011327,disposition,inconsistent_text_format,"fix (trim spaces, standardise case)"
13432,ATT011327,"arrival_time, departure_time",mixed_date_format,fix (parse into one timestamp format)
13433,ATT005630,presenting_complaint,inconsistent_text_format,"fix (trim spaces, standardise case)"
13434,ATT004003,disposition,inconsistent_text_format,"fix (trim spaces, standardise case)"
13434,ATT004003,gp_practice_code,missing_gp_code,set to NULL and flag
13436,ATT004754,presenting_complaint,inconsistent_text_format,"fix (trim spaces, standardise case)"
13436,ATT004754,gp_practice_code,malformed_gp_code,set to NULL and flag
13438,ATT016534,gp_practice_code,missing_gp_code,set to NULL and flag
13439,ATT015106,presenting_complaint,inconsistent_text_format,"fix (trim spaces, standardise case)"
13441,ATT009636,disposition,inconsistent_text_format,"fix (trim spaces, standardise case)"
13442,ATT003682,disposition,inconsistent_text_format,"fix (trim spaces, standardise case)"
13442,ATT003682,triage_category,triage_decimal_format,fix (3.0 -> 3)
13445,ATT007449,presenting_complaint,inconsistent_text_format,"fix (trim spaces, standardise case)"
13449,ATT003986,disposition,inconsistent_text_format,"fix (trim spaces, standardise case)"
13449,ATT003986,"arrival_time, departure_time",mixed_date_format,fix (parse into one timestamp format)
13454,ATT004403,departure_time,extreme_length_of_stay,reject
13456,ATT003667,"arrival_time, departure_time",mixed_date_format,fix (parse into one timestamp format)
13457,ATT008413,presenting_complaint,inconsistent_text_format,"fix (trim spaces, standardise case)"
13458,ATT004388,(entire row),duplicate_row,remove (keep first)
13458,ATT004388,disposition,inconsistent_text_format,"fix (trim spaces, standardise case)"
13459,ATT002447,presenting_complaint,inconsistent_text_format,"fix (trim spaces, standardise case)"
13461,ATT013542,"arrival_time, departure_time",mixed_date_format,fix (parse into one timestamp format)
13464,ATT017881,departure_time,missing_departure_time,reject
13464,ATT017881,"arrival_time, departure_time",mixed_date_format,fix (parse into one timestamp format)
13465,ATT008960,(entire row),duplicate_row,remove (keep first)
13466,ATT003173,departure_time,departure_before_arrival,reject
13467,ATT001224,gp_practice_code,missing_gp_code,set to NULL and flag
13467,ATT001224,"arrival_time, departure_time",mixed_date_format,fix (parse into one timestamp format)
13468,ATT019529,"arrival_time, departure_time",mixed_date_format,fix (parse into one timestamp format)
13471,ATT001205,disposition,inconsistent_text_format,"fix (trim spaces, standardise case)"
13473,ATT008614,(entire row),duplicate_row,remove (keep first)
13479,ATT001389,presenting_complaint,inconsistent_text_format,"fix (trim spaces, standardise case)"
13480,ATT018439,departure_time,departure_before_arrival,reject
13483,ATT010722,disposition,inconsistent_text_format,"fix (trim spaces, standardise case)"
13484,ATT008389,triage_category,invalid_triage_code,reject
13484,ATT008389,"arrival_time, departure_time",mixed_date_format,fix (parse into one timestamp format)
13485,ATT000099,"arrival_time, departure_time",mixed_date_format,fix (parse into one timestamp format)
13494,ATT014458,disposition,inconsistent_text_format,"fix (trim spaces, standardise case)"
13496,ATT018962,presenting_complaint,inconsistent_text_format,"fix (trim spaces, standardise case)"
13498,ATT019936,(entire row),duplicate_row,remove (keep first)
13502,ATT006480,presenting_complaint,missing_presenting_complaint,fill with 'Unknown'
13503,ATT004712,disposition,inconsistent_text_format,"fix (trim spaces, standardise case)"
13511,ATT002509,presenting_complaint,inconsistent_text_format,"fix (trim spaces, standardise case)"
13520,ATT009437,disposition,missing_disposition,fill with 'Unknown'
13522,ATT015031,"arrival_time, departure_time",mixed_date_format,fix (parse into one timestamp format)
13527,ATT013188,triage_category,invalid_triage_code,reject
13531,ATT015204,arrival_time,missing_arrival_time,reject
13535,ATT012704,"arrival_time, departure_time",mixed_date_format,fix (parse into one timestamp format)
13540,ATT000760,gp_practice_code,gp_code_lowercase,fix (upper-case)
13540,ATT000760,disposition,missing_disposition,fill with 'Unknown'
13542,ATT000655,disposition,inconsistent_text_format,"fix (trim spaces, standardise case)"
13547,ATT019055,disposition,inconsistent_text_format,"fix (trim spaces, standardise case)"
13547,ATT019055,"arrival_time, departure_time",mixed_date_format,fix (parse into one timestamp format)
13549,ATT009613,disposition,inconsistent_text_format,"fix (trim spaces, standardise case)"
13553,ATT008521,departure_time,departure_before_arrival,reject
13555,ATT008446,"arrival_time, departure_time",mixed_date_format,fix (parse into one timestamp format)
13557,ATT007319,"arrival_time, departure_time",mixed_date_format,fix (parse into one timestamp format)
13558,ATT006160,"arrival_time, departure_time",mixed_date_format,fix (parse into one timestamp format)
13559,ATT013516,"arrival_time, departure_time",mixed_date_format,fix (parse into one timestamp format)
13560,ATT014690,"arrival_time, departure_time",mixed_date_format,fix (parse into one timestamp format)
13567,ATT019131,disposition,inconsistent_text_format,"fix (trim spaces, standardise case)"
13569,ATT001132,gp_practice_code,missing_gp_code,set to NULL and flag
13574,ATT009466,presenting_complaint,inconsistent_text_format,"fix (trim spaces, standardise case)"
13575,ATT018525,arrival_time,missing_arrival_time,reject
13576,ATT002664,presenting_complaint,inconsistent_text_format,"fix (trim spaces, standardise case)"
13578,ATT005379,"arrival_time, departure_time",mixed_date_format,fix (parse into one timestamp format)
13579,ATT010013,presenting_complaint,inconsistent_text_format,"fix (trim spaces, standardise case)"
13579,ATT010013,"arrival_time, departure_time",mixed_date_format,fix (parse into one timestamp format)
13585,ATT004153,arrival_time,missing_arrival_time,reject
13586,ATT001928,gp_practice_code,gp_code_lowercase,fix (upper-case)
13586,ATT001928,"arrival_time, departure_time",mixed_date_format,fix (parse into one timestamp format)
13587,ATT019061,disposition,inconsistent_text_format,"fix (trim spaces, standardise case)"
13589,ATT015815,"arrival_time, departure_time",mixed_date_format,fix (parse into one timestamp format)
13590,ATT010380,presenting_complaint,inconsistent_text_format,"fix (trim spaces, standardise case)"
13591,ATT002881,(entire row),duplicate_row,remove (keep first)
13591,ATT002881,"arrival_time, departure_time",mixed_date_format,fix (parse into one timestamp format)
13598,ATT013029,"arrival_time, departure_time",mixed_date_format,fix (parse into one timestamp format)
13606,ATT016056,(entire row),duplicate_row,remove (keep first)
13609,ATT017749,disposition,inconsistent_text_format,"fix (trim spaces, standardise case)"
13609,ATT017749,"arrival_time, departure_time",mixed_date_format,fix (parse into one timestamp format)
13613,ATT014414,presenting_complaint,inconsistent_text_format,"fix (trim spaces, standardise case)"
13615,ATT001566,presenting_complaint,inconsistent_text_format,"fix (trim spaces, standardise case)"
13619,ATT014992,disposition,missing_disposition,fill with 'Unknown'
13619,ATT014992,"arrival_time, departure_time",mixed_date_format,fix (parse into one timestamp format)
13621,ATT019128,gp_practice_code,missing_gp_code,set to NULL and flag
13623,ATT013170,arrival_time,missing_arrival_time,reject
13626,ATT018407,"arrival_time, departure_time",mixed_date_format,fix (parse into one timestamp format)
13628,ATT002277,departure_time,missing_departure_time,reject
13634,ATT015168,disposition,inconsistent_text_format,"fix (trim spaces, standardise case)"
13637,ATT016334,disposition,inconsistent_text_format,"fix (trim spaces, standardise case)"
13639,ATT008535,departure_time,missing_departure_time,reject
13641,ATT000232,disposition,inconsistent_text_format,"fix (trim spaces, standardise case)"
13641,ATT000232,gp_practice_code,missing_gp_code,set to NULL and flag
13642,ATT008372,"arrival_time, departure_time",mixed_date_format,fix (parse into one timestamp format)
13648,ATT016441,"arrival_time, departure_time",mixed_date_format,fix (parse into one timestamp format)
13650,ATT017758,"arrival_time, departure_time",mixed_date_format,fix (parse into one timestamp format)
13653,ATT016612,gp_practice_code,missing_gp_code,set to NULL and flag
13655,ATT005936,presenting_complaint,inconsistent_text_format,"fix (trim spaces, standardise case)"
13656,ATT010188,"arrival_time, departure_time",mixed_date_format,fix (parse into one timestamp format)
13657,ATT006496,disposition,inconsistent_text_format,"fix (trim spaces, standardise case)"
13658,ATT000756,presenting_complaint,inconsistent_text_format,"fix (trim spaces, standardise case)"
13658,ATT000756,"arrival_time, departure_time",mixed_date_format,fix (parse into one timestamp format)
13659,ATT013969,departure_time,departure_before_arrival,reject
13662,ATT014614,presenting_complaint,inconsistent_text_format,"fix (trim spaces, standardise case)"
13662,ATT014614,"arrival_time, departure_time",mixed_date_format,fix (parse into one timestamp format)
13664,ATT017748,disposition,missing_disposition,fill with 'Unknown'
13664,ATT017748,"arrival_time, departure_time",mixed_date_format,fix (parse into one timestamp format)
13667,ATT016198,"arrival_time, departure_time",mixed_date_format,fix (parse into one timestamp format)
13669,ATT005368,departure_time,departure_before_arrival,reject
13671,ATT005683,"arrival_time, departure_time",mixed_date_format,fix (parse into one timestamp format)
13673,ATT001662,(entire row),duplicate_row,remove (keep first)
13678,ATT009662,presenting_complaint,inconsistent_text_format,"fix (trim spaces, standardise case)"
13680,ATT002604,"arrival_time, departure_time",mixed_date_format,fix (parse into one timestamp format)
13682,ATT007869,disposition,inconsistent_text_format,"fix (trim spaces, standardise case)"
13691,ATT008670,presenting_complaint,inconsistent_text_format,"fix (trim spaces, standardise case)"
13696,ATT016404,presenting_complaint,inconsistent_text_format,"fix (trim spaces, standardise case)"
13698,ATT019778,triage_category,invalid_triage_code,reject
13698,ATT019778,"arrival_time, departure_time",mixed_date_format,fix (parse into one timestamp format)
13700,ATT015261,(entire row),duplicate_row,remove (keep first)
13700,ATT015261,presenting_complaint,inconsistent_text_format,"fix (trim spaces, standardise case)"
13705,ATT009328,departure_time,extreme_length_of_stay,reject
13706,ATT016880,disposition,inconsistent_text_format,"fix (trim spaces, standardise case)"
13707,ATT012757,"arrival_time, departure_time",mixed_date_format,fix (parse into one timestamp format)
13708,ATT001546,gp_practice_code,missing_gp_code,set to NULL and flag
13709,ATT000740,presenting_complaint,missing_presenting_complaint,fill with 'Unknown'
13714,ATT013314,disposition,inconsistent_text_format,"fix (trim spaces, standardise case)"
13715,ATT006985,disposition,inconsistent_text_format,"fix (trim spaces, standardise case)"
13715,ATT006985,"arrival_time, departure_time",mixed_date_format,fix (parse into one timestamp format)
13719,ATT013767,disposition,inconsistent_text_format,"fix (trim spaces, standardise case)"
13725,ATT008522,disposition,inconsistent_text_format,"fix (trim spaces, standardise case)"
13726,ATT005201,triage_category,invalid_triage_code,reject
13728,ATT000642,gp_practice_code,gp_code_lowercase,fix (upper-case)
13730,ATT019735,presenting_complaint,inconsistent_text_format,"fix (trim spaces, standardise case)"
13732,ATT003204,presenting_complaint,inconsistent_text_format,"fix (trim spaces, standardise case)"
13732,ATT003204,"arrival_time, departure_time",mixed_date_format,fix (parse into one timestamp format)
13733,ATT007289,departure_time,departure_before_arrival,reject
13736,ATT009058,disposition,inconsistent_text_format,"fix (trim spaces, standardise case)"
13737,ATT013709,disposition,inconsistent_text_format,"fix (trim spaces, standardise case)"
13738,ATT011178,gp_practice_code,malformed_gp_code,set to NULL and flag
13741,ATT006924,gp_practice_code,gp_code_lowercase,fix (upper-case)
13741,ATT006924,"arrival_time, departure_time",mixed_date_format,fix (parse into one timestamp format)
13743,ATT017189,presenting_complaint,inconsistent_text_format,"fix (trim spaces, standardise case)"
13744,ATT011999,"arrival_time, departure_time",mixed_date_format,fix (parse into one timestamp format)
13746,ATT009155,presenting_complaint,inconsistent_text_format,"fix (trim spaces, standardise case)"
13747,ATT017563,"arrival_time, departure_time",mixed_date_format,fix (parse into one timestamp format)
13748,ATT012922,gp_practice_code,malformed_gp_code,set to NULL and flag
13748,ATT012922,"arrival_time, departure_time",mixed_date_format,fix (parse into one timestamp format)
13750,ATT003241,presenting_complaint,inconsistent_text_format,"fix (trim spaces, standardise case)"
13750,ATT003241,departure_time,missing_departure_time,reject
13750,ATT003241,"arrival_time, departure_time",mixed_date_format,fix (parse into one timestamp format)
13751,ATT019107,gp_practice_code,missing_gp_code,set to NULL and flag
13758,ATT007671,presenting_complaint,missing_presenting_complaint,fill with 'Unknown'
13763,ATT000472,"arrival_time, departure_time",mixed_date_format,fix (parse into one timestamp format)
13768,ATT014325,"arrival_time, departure_time",mixed_date_format,fix (parse into one timestamp format)
13771,ATT013466,"arrival_time, departure_time",mixed_date_format,fix (parse into one timestamp format)
13776,ATT003365,presenting_complaint,inconsistent_text_format,"fix (trim spaces, standardise case)"
13778,ATT014108,departure_time,departure_before_arrival,reject
13779,ATT012666,disposition,inconsistent_text_format,"fix (trim spaces, standardise case)"
13782,ATT016251,disposition,inconsistent_text_format,"fix (trim spaces, standardise case)"
13785,ATT008635,presenting_complaint,inconsistent_text_format,"fix (trim spaces, standardise case)"
13785,ATT008635,disposition,inconsistent_text_format,"fix (trim spaces, standardise case)"
13787,ATT000816,presenting_complaint,inconsistent_text_format,"fix (trim spaces, standardise case)"
13787,ATT000816,disposition,inconsistent_text_format,"fix (trim spaces, standardise case)"
13788,ATT006501,disposition,inconsistent_text_format,"fix (trim spaces, standardise case)"
13791,ATT001798,presenting_complaint,inconsistent_text_format,"fix (trim spaces, standardise case)"
13793,ATT004576,presenting_complaint,inconsistent_text_format,"fix (trim spaces, standardise case)"
13799,ATT004276,gp_practice_code,missing_gp_code,set to NULL and flag
13800,ATT000524,triage_category,invalid_triage_code,reject
13801,ATT003090,disposition,inconsistent_text_format,"fix (trim spaces, standardise case)"
13804,ATT003736,(entire row),duplicate_row,remove (keep first)
13805,ATT017753,disposition,inconsistent_text_format,"fix (trim spaces, standardise case)"
13805,ATT017753,"arrival_time, departure_time",mixed_date_format,fix (parse into one timestamp format)
13807,ATT019446,presenting_complaint,inconsistent_text_format,"fix (trim spaces, standardise case)"
13808,ATT001533,"arrival_time, departure_time",mixed_date_format,fix (parse into one timestamp format)
13810,ATT014269,arrival_time,missing_arrival_time,reject
13812,ATT002832,"arrival_time, departure_time",mixed_date_format,fix (parse into one timestamp format)
13814,ATT009728,"arrival_time, departure_time",mixed_date_format,fix (parse into one timestamp format)
13818,ATT014434,gp_practice_code,malformed_gp_code,set to NULL and flag
13819,ATT017837,departure_time,departure_before_arrival,reject
13820,ATT014381,presenting_complaint,inconsistent_text_format,"fix (trim spaces, standardise case)"
13821,ATT001300,"arrival_time, departure_time",mixed_date_format,fix (parse into one timestamp format)
13823,ATT005500,"arrival_time, departure_time",mixed_date_format,fix (parse into one timestamp format)
13824,ATT015645,disposition,inconsistent_text_format,"fix (trim spaces, standardise case)"
13827,ATT006231,disposition,inconsistent_text_format,"fix (trim spaces, standardise case)"
13827,ATT006231,"arrival_time, departure_time",mixed_date_format,fix (parse into one timestamp format)
13828,ATT001481,presenting_complaint,inconsistent_text_format,"fix (trim spaces, standardise case)"
13828,ATT001481,disposition,inconsistent_text_format,"fix (trim spaces, standardise case)"
13829,ATT018657,presenting_complaint,inconsistent_text_format,"fix (trim spaces, standardise case)"
13829,ATT018657,disposition,inconsistent_text_format,"fix (trim spaces, standardise case)"
13829,ATT018657,"arrival_time, departure_time",mixed_date_format,fix (parse into one timestamp format)
13830,ATT001602,presenting_complaint,inconsistent_text_format,"fix (trim spaces, standardise case)"
13831,ATT010152,"arrival_time, departure_time",mixed_date_format,fix (parse into one timestamp format)
13833,ATT007068,"arrival_time, departure_time",mixed_date_format,fix (parse into one timestamp format)
13834,ATT017130,gp_practice_code,malformed_gp_code,set to NULL and flag
13836,ATT017993,disposition,inconsistent_text_format,"fix (trim spaces, standardise case)"
13836,ATT017993,gp_practice_code,missing_gp_code,set to NULL and flag
13841,ATT008748,presenting_complaint,inconsistent_text_format,"fix (trim spaces, standardise case)"
13846,ATT012908,disposition,inconsistent_text_format,"fix (trim spaces, standardise case)"
13847,ATT000398,departure_time,missing_departure_time,reject
13850,ATT013077,"arrival_time, departure_time",mixed_date_format,fix (parse into one timestamp format)
13852,ATT016541,disposition,inconsistent_text_format,"fix (trim spaces, standardise case)"
13853,ATT012036,(entire row),duplicate_row,remove (keep first)
13854,ATT003011,presenting_complaint,inconsistent_text_format,"fix (trim spaces, standardise case)"
13854,ATT003011,gp_practice_code,malformed_gp_code,set to NULL and flag
13857,ATT000301,presenting_complaint,inconsistent_text_format,"fix (trim spaces, standardise case)"
13859,ATT015117,presenting_complaint,missing_presenting_complaint,fill with 'Unknown'
13863,ATT004186,(entire row),duplicate_row,remove (keep first)
13864,ATT002714,gp_practice_code,gp_code_lowercase,fix (upper-case)
13865,ATT017815,presenting_complaint,inconsistent_text_format,"fix (trim spaces, standardise case)"
13866,ATT011497,presenting_complaint,inconsistent_text_format,"fix (trim spaces, standardise case)"
13866,ATT011497,"arrival_time, departure_time",mixed_date_format,fix (parse into one timestamp format)
13873,ATT004583,gp_practice_code,malformed_gp_code,set to NULL and flag
13875,ATT007368,disposition,inconsistent_text_format,"fix (trim spaces, standardise case)"
13875,ATT007368,"arrival_time, departure_time",mixed_date_format,fix (parse into one timestamp format)
13876,ATT010682,presenting_complaint,inconsistent_text_format,"fix (trim spaces, standardise case)"
13877,ATT015490,"arrival_time, departure_time",mixed_date_format,fix (parse into one timestamp format)
13879,ATT019420,(entire row),duplicate_row,remove (keep first)
13880,ATT007434,"arrival_time, departure_time",mixed_date_format,fix (parse into one timestamp format)
13881,ATT018465,presenting_complaint,inconsistent_text_format,"fix (trim spaces, standardise case)"
13882,ATT009345,presenting_complaint,inconsistent_text_format,"fix (trim spaces, standardise case)"
13886,ATT007056,departure_time,missing_departure_time,reject
13888,ATT002350,disposition,inconsistent_text_format,"fix (trim spaces, standardise case)"
13889,ATT009262,"arrival_time, departure_time",mixed_date_format,fix (parse into one timestamp format)
13893,ATT005428,disposition,inconsistent_text_format,"fix (trim spaces, standardise case)"
13895,ATT003427,disposition,inconsistent_text_format,"fix (trim spaces, standardise case)"
13895,ATT003427,"arrival_time, departure_time",mixed_date_format,fix (parse into one timestamp format)
13897,ATT012855,triage_category,triage_decimal_format,fix (3.0 -> 3)
13904,ATT016623,(entire row),duplicate_row,remove (keep first)
13904,ATT016623,presenting_complaint,inconsistent_text_format,"fix (trim spaces, standardise case)"
13907,ATT011050,arrival_time,future_dated_attendance,reject
13912,ATT012380,disposition,inconsistent_text_format,"fix (trim spaces, standardise case)"
13913,ATT007854,departure_time,departure_before_arrival,reject
13918,ATT004627,triage_category,triage_decimal_format,fix (3.0 -> 3)
13920,ATT000997,gp_practice_code,gp_code_lowercase,fix (upper-case)
13925,ATT006251,"arrival_time, departure_time",mixed_date_format,fix (parse into one timestamp format)
13927,ATT008056,"arrival_time, departure_time",mixed_date_format,fix (parse into one timestamp format)
13928,ATT019891,presenting_complaint,inconsistent_text_format,"fix (trim spaces, standardise case)"
13930,ATT016943,triage_category,invalid_triage_code,reject
13932,ATT008927,disposition,missing_disposition,fill with 'Unknown'
13935,ATT003086,"arrival_time, departure_time",mixed_date_format,fix (parse into one timestamp format)
13936,ATT017629,presenting_complaint,missing_presenting_complaint,fill with 'Unknown'
13938,ATT013394,departure_time,missing_departure_time,reject
13941,ATT011988,"arrival_time, departure_time",mixed_date_format,fix (parse into one timestamp format)
13943,ATT017549,presenting_complaint,inconsistent_text_format,"fix (trim spaces, standardise case)"
13948,ATT000152,presenting_complaint,inconsistent_text_format,"fix (trim spaces, standardise case)"
13948,ATT000152,arrival_time,missing_arrival_time,reject
13948,ATT000152,"arrival_time, departure_time",mixed_date_format,fix (parse into one timestamp format)
13954,ATT003002,"arrival_time, departure_time",mixed_date_format,fix (parse into one timestamp format)
13958,ATT006962,presenting_complaint,inconsistent_text_format,"fix (trim spaces, standardise case)"
13959,ATT019357,disposition,inconsistent_text_format,"fix (trim spaces, standardise case)"
13961,ATT002884,presenting_complaint,inconsistent_text_format,"fix (trim spaces, standardise case)"
13964,ATT009534,"arrival_time, departure_time",mixed_date_format,fix (parse into one timestamp format)
13966,ATT000889,gp_practice_code,missing_gp_code,set to NULL and flag
13970,ATT010469,disposition,inconsistent_text_format,"fix (trim spaces, standardise case)"
13970,ATT010469,departure_time,missing_departure_time,reject
13973,ATT012654,presenting_complaint,inconsistent_text_format,"fix (trim spaces, standardise case)"
13974,ATT000344,arrival_time,future_dated_attendance,reject
13978,ATT003189,presenting_complaint,inconsistent_text_format,"fix (trim spaces, standardise case)"
13982,ATT016542,gp_practice_code,gp_code_lowercase,fix (upper-case)
13982,ATT016542,"arrival_time, departure_time",mixed_date_format,fix (parse into one timestamp format)
13985,ATT000993,"arrival_time, departure_time",mixed_date_format,fix (parse into one timestamp format)
13989,ATT016587,presenting_complaint,inconsistent_text_format,"fix (trim spaces, standardise case)"
13997,ATT004594,presenting_complaint,inconsistent_text_format,"fix (trim spaces, standardise case)"
14002,ATT000284,disposition,inconsistent_text_format,"fix (trim spaces, standardise case)"
14003,ATT019641,gp_practice_code,missing_gp_code,set to NULL and flag
14004,ATT014166,presenting_complaint,inconsistent_text_format,"fix (trim spaces, standardise case)"
14005,ATT011791,presenting_complaint,inconsistent_text_format,"fix (trim spaces, standardise case)"
14010,ATT010526,(entire row),duplicate_row,remove (keep first)
14011,ATT015267,disposition,missing_disposition,fill with 'Unknown'
14013,ATT010314,disposition,inconsistent_text_format,"fix (trim spaces, standardise case)"
14014,ATT014075,departure_time,departure_before_arrival,reject
14015,ATT007377,"arrival_time, departure_time",mixed_date_format,fix (parse into one timestamp format)
14017,ATT019658,(entire row),duplicate_row,remove (keep first)
14020,ATT014864,disposition,inconsistent_text_format,"fix (trim spaces, standardise case)"
14020,ATT014864,presenting_complaint,missing_presenting_complaint,fill with 'Unknown'
14022,ATT002631,disposition,inconsistent_text_format,"fix (trim spaces, standardise case)"
14023,ATT018176,gp_practice_code,missing_gp_code,set to NULL and flag
14025,ATT002566,disposition,missing_disposition,fill with 'Unknown'
14026,ATT018206,disposition,inconsistent_text_format,"fix (trim spaces, standardise case)"
14026,ATT018206,gp_practice_code,missing_gp_code,set to NULL and flag
14028,ATT006414,gp_practice_code,missing_gp_code,set to NULL and flag
14036,ATT007482,gp_practice_code,missing_gp_code,set to NULL and flag
14037,ATT018433,"arrival_time, departure_time",mixed_date_format,fix (parse into one timestamp format)
14038,ATT015806,disposition,inconsistent_text_format,"fix (trim spaces, standardise case)"
14038,ATT015806,gp_practice_code,missing_gp_code,set to NULL and flag
14043,ATT002461,"arrival_time, departure_time",mixed_date_format,fix (parse into one timestamp format)
14047,ATT008093,disposition,inconsistent_text_format,"fix (trim spaces, standardise case)"
14049,ATT016229,"arrival_time, departure_time",mixed_date_format,fix (parse into one timestamp format)
14053,ATT017935,departure_time,departure_before_arrival,reject
14053,ATT017935,"arrival_time, departure_time",mixed_date_format,fix (parse into one timestamp format)
14056,ATT005091,(entire row),duplicate_row,remove (keep first)
14058,ATT012473,presenting_complaint,missing_presenting_complaint,fill with 'Unknown'
14060,ATT008896,disposition,inconsistent_text_format,"fix (trim spaces, standardise case)"
14062,ATT017936,gp_practice_code,missing_gp_code,set to NULL and flag
14065,ATT007265,presenting_complaint,inconsistent_text_format,"fix (trim spaces, standardise case)"
14065,ATT007265,"arrival_time, departure_time",mixed_date_format,fix (parse into one timestamp format)
14068,ATT001068,"arrival_time, departure_time",mixed_date_format,fix (parse into one timestamp format)
14070,ATT012679,gp_practice_code,missing_gp_code,set to NULL and flag
14073,ATT006679,disposition,inconsistent_text_format,"fix (trim spaces, standardise case)"
14073,ATT006679,"arrival_time, departure_time",mixed_date_format,fix (parse into one timestamp format)
14077,ATT008082,presenting_complaint,inconsistent_text_format,"fix (trim spaces, standardise case)"
14077,ATT008082,disposition,inconsistent_text_format,"fix (trim spaces, standardise case)"
14078,ATT009414,disposition,inconsistent_text_format,"fix (trim spaces, standardise case)"
14080,ATT010741,presenting_complaint,inconsistent_text_format,"fix (trim spaces, standardise case)"
14085,ATT019459,"arrival_time, departure_time",mixed_date_format,fix (parse into one timestamp format)
14088,ATT010892,presenting_complaint,inconsistent_text_format,"fix (trim spaces, standardise case)"
14088,ATT010892,gp_practice_code,malformed_gp_code,set to NULL and flag
14092,ATT009226,"arrival_time, departure_time",mixed_date_format,fix (parse into one timestamp format)
14094,ATT002707,presenting_complaint,inconsistent_text_format,"fix (trim spaces, standardise case)"
14096,ATT008519,"arrival_time, departure_time",mixed_date_format,fix (parse into one timestamp format)
14097,ATT013328,presenting_complaint,inconsistent_text_format,"fix (trim spaces, standardise case)"
14098,ATT005326,presenting_complaint,inconsistent_text_format,"fix (trim spaces, standardise case)"
14100,ATT009197,gp_practice_code,gp_code_lowercase,fix (upper-case)
14100,ATT009197,"arrival_time, departure_time",mixed_date_format,fix (parse into one timestamp format)
14102,ATT007330,disposition,inconsistent_text_format,"fix (trim spaces, standardise case)"
14102,ATT007330,"arrival_time, departure_time",mixed_date_format,fix (parse into one timestamp format)
14104,ATT015018,"arrival_time, departure_time",mixed_date_format,fix (parse into one timestamp format)
14105,ATT018374,disposition,inconsistent_text_format,"fix (trim spaces, standardise case)"
14106,ATT004012,"arrival_time, departure_time",mixed_date_format,fix (parse into one timestamp format)
14109,ATT011963,presenting_complaint,inconsistent_text_format,"fix (trim spaces, standardise case)"
14110,ATT012153,presenting_complaint,inconsistent_text_format,"fix (trim spaces, standardise case)"
14111,ATT005824,(entire row),duplicate_row,remove (keep first)
14114,ATT012353,presenting_complaint,inconsistent_text_format,"fix (trim spaces, standardise case)"
14116,ATT014773,"arrival_time, departure_time",mixed_date_format,fix (parse into one timestamp format)
14117,ATT013992,disposition,inconsistent_text_format,"fix (trim spaces, standardise case)"
14117,ATT013992,gp_practice_code,missing_gp_code,set to NULL and flag
14119,ATT016805,presenting_complaint,inconsistent_text_format,"fix (trim spaces, standardise case)"
14120,ATT008684,"arrival_time, departure_time",mixed_date_format,fix (parse into one timestamp format)
14123,ATT009089,"arrival_time, departure_time",mixed_date_format,fix (parse into one timestamp format)
14126,ATT010149,presenting_complaint,inconsistent_text_format,"fix (trim spaces, standardise case)"
14131,ATT001917,"arrival_time, departure_time",mixed_date_format,fix (parse into one timestamp format)
14132,ATT011378,presenting_complaint,missing_presenting_complaint,fill with 'Unknown'
14133,ATT019281,presenting_complaint,inconsistent_text_format,"fix (trim spaces, standardise case)"
14133,ATT019281,disposition,missing_disposition,fill with 'Unknown'
14136,ATT008083,disposition,inconsistent_text_format,"fix (trim spaces, standardise case)"
14137,ATT001911,"arrival_time, departure_time",mixed_date_format,fix (parse into one timestamp format)
14138,ATT019519,presenting_complaint,inconsistent_text_format,"fix (trim spaces, standardise case)"
14138,ATT019519,departure_time,missing_departure_time,reject
14139,ATT016607,presenting_complaint,inconsistent_text_format,"fix (trim spaces, standardise case)"
14140,ATT014760,gp_practice_code,gp_code_lowercase,fix (upper-case)
14140,ATT014760,presenting_complaint,inconsistent_text_format,"fix (trim spaces, standardise case)"
14143,ATT016055,presenting_complaint,inconsistent_text_format,"fix (trim spaces, standardise case)"
14143,ATT016055,disposition,inconsistent_text_format,"fix (trim spaces, standardise case)"
14143,ATT016055,"arrival_time, departure_time",mixed_date_format,fix (parse into one timestamp format)
14144,ATT010711,"arrival_time, departure_time",mixed_date_format,fix (parse into one timestamp format)
14145,ATT017300,presenting_complaint,inconsistent_text_format,"fix (trim spaces, standardise case)"
14145,ATT017300,"arrival_time, departure_time",mixed_date_format,fix (parse into one timestamp format)
14147,ATT004369,presenting_complaint,inconsistent_text_format,"fix (trim spaces, standardise case)"
14148,ATT008314,presenting_complaint,inconsistent_text_format,"fix (trim spaces, standardise case)"
14149,ATT017858,disposition,inconsistent_text_format,"fix (trim spaces, standardise case)"
14154,ATT006081,gp_practice_code,missing_gp_code,set to NULL and flag
14165,ATT006430,"arrival_time, departure_time",mixed_date_format,fix (parse into one timestamp format)
14166,ATT012862,disposition,inconsistent_text_format,"fix (trim spaces, standardise case)"
14167,ATT019567,"arrival_time, departure_time",mixed_date_format,fix (parse into one timestamp format)
14169,ATT009143,(entire row),duplicate_row,remove (keep first)
14169,ATT009143,"arrival_time, departure_time",mixed_date_format,fix (parse into one timestamp format)
14171,ATT005078,"arrival_time, departure_time",mixed_date_format,fix (parse into one timestamp format)
14173,ATT012231,presenting_complaint,inconsistent_text_format,"fix (trim spaces, standardise case)"
14173,ATT012231,"arrival_time, departure_time",mixed_date_format,fix (parse into one timestamp format)
14174,ATT019360,triage_category,triage_decimal_format,fix (3.0 -> 3)
14175,ATT009600,presenting_complaint,inconsistent_text_format,"fix (trim spaces, standardise case)"
14175,ATT009600,gp_practice_code,missing_gp_code,set to NULL and flag
14181,ATT013723,presenting_complaint,inconsistent_text_format,"fix (trim spaces, standardise case)"
14181,ATT013723,disposition,inconsistent_text_format,"fix (trim spaces, standardise case)"
14188,ATT014536,"arrival_time, departure_time",mixed_date_format,fix (parse into one timestamp format)
14189,ATT001868,"arrival_time, departure_time",mixed_date_format,fix (parse into one timestamp format)
14190,ATT013743,"arrival_time, departure_time",mixed_date_format,fix (parse into one timestamp format)
14191,ATT014935,disposition,inconsistent_text_format,"fix (trim spaces, standardise case)"
14192,ATT004473,(entire row),duplicate_row,remove (keep first)
14192,ATT004473,presenting_complaint,inconsistent_text_format,"fix (trim spaces, standardise case)"
14192,ATT004473,disposition,inconsistent_text_format,"fix (trim spaces, standardise case)"
14192,ATT004473,"arrival_time, departure_time",mixed_date_format,fix (parse into one timestamp format)
14198,ATT008244,(entire row),duplicate_row,remove (keep first)
14198,ATT008244,"arrival_time, departure_time",mixed_date_format,fix (parse into one timestamp format)
14199,ATT018121,"arrival_time, departure_time",mixed_date_format,fix (parse into one timestamp format)
14201,ATT005188,"arrival_time, departure_time",mixed_date_format,fix (parse into one timestamp format)
14208,ATT018507,"arrival_time, departure_time",mixed_date_format,fix (parse into one timestamp format)
14210,ATT002119,disposition,inconsistent_text_format,"fix (trim spaces, standardise case)"
14215,ATT002810,"arrival_time, departure_time",mixed_date_format,fix (parse into one timestamp format)
14216,ATT018448,(entire row),duplicate_row,remove (keep first)
14216,ATT018448,"arrival_time, departure_time",mixed_date_format,fix (parse into one timestamp format)
14219,ATT000919,presenting_complaint,inconsistent_text_format,"fix (trim spaces, standardise case)"
14219,ATT000919,disposition,inconsistent_text_format,"fix (trim spaces, standardise case)"
14222,ATT016145,"arrival_time, departure_time",mixed_date_format,fix (parse into one timestamp format)
14223,ATT008618,disposition,inconsistent_text_format,"fix (trim spaces, standardise case)"
14230,ATT002742,presenting_complaint,inconsistent_text_format,"fix (trim spaces, standardise case)"
14233,ATT009272,"arrival_time, departure_time",mixed_date_format,fix (parse into one timestamp format)
14234,ATT016122,gp_practice_code,malformed_gp_code,set to NULL and flag
14236,ATT006002,presenting_complaint,missing_presenting_complaint,fill with 'Unknown'
14239,ATT005584,"arrival_time, departure_time",mixed_date_format,fix (parse into one timestamp format)
14241,ATT011846,presenting_complaint,inconsistent_text_format,"fix (trim spaces, standardise case)"
14247,ATT010524,disposition,missing_disposition,fill with 'Unknown'
14248,ATT010401,"arrival_time, departure_time",mixed_date_format,fix (parse into one timestamp format)
14253,ATT003154,"arrival_time, departure_time",mixed_date_format,fix (parse into one timestamp format)
14255,ATT011524,"arrival_time, departure_time",mixed_date_format,fix (parse into one timestamp format)
14256,ATT016068,gp_practice_code,missing_gp_code,set to NULL and flag
14258,ATT000513,gp_practice_code,malformed_gp_code,set to NULL and flag
14259,ATT006241,disposition,inconsistent_text_format,"fix (trim spaces, standardise case)"
14262,ATT010567,gp_practice_code,gp_code_lowercase,fix (upper-case)
14263,ATT009825,presenting_complaint,missing_presenting_complaint,fill with 'Unknown'
14264,ATT016040,presenting_complaint,inconsistent_text_format,"fix (trim spaces, standardise case)"
14265,ATT010491,presenting_complaint,inconsistent_text_format,"fix (trim spaces, standardise case)"
14267,ATT012445,triage_category,triage_decimal_format,fix (3.0 -> 3)
14271,ATT007894,"arrival_time, departure_time",mixed_date_format,fix (parse into one timestamp format)
14272,ATT007510,"arrival_time, departure_time",mixed_date_format,fix (parse into one timestamp format)
14278,ATT017951,presenting_complaint,inconsistent_text_format,"fix (trim spaces, standardise case)"
14285,ATT007237,disposition,inconsistent_text_format,"fix (trim spaces, standardise case)"
14287,ATT013287,disposition,inconsistent_text_format,"fix (trim spaces, standardise case)"
14288,ATT010833,disposition,inconsistent_text_format,"fix (trim spaces, standardise case)"
14289,ATT009054,disposition,inconsistent_text_format,"fix (trim spaces, standardise case)"
14291,ATT006055,gp_practice_code,gp_code_lowercase,fix (upper-case)
14296,ATT013136,gp_practice_code,gp_code_lowercase,fix (upper-case)
14297,ATT007441,presenting_complaint,inconsistent_text_format,"fix (trim spaces, standardise case)"
14297,ATT007441,disposition,inconsistent_text_format,"fix (trim spaces, standardise case)"
14299,ATT006769,presenting_complaint,inconsistent_text_format,"fix (trim spaces, standardise case)"
14302,ATT006450,presenting_complaint,inconsistent_text_format,"fix (trim spaces, standardise case)"
14303,ATT007952,"arrival_time, departure_time",mixed_date_format,fix (parse into one timestamp format)
14306,ATT013045,disposition,inconsistent_text_format,"fix (trim spaces, standardise case)"
14308,ATT004436,presenting_complaint,inconsistent_text_format,"fix (trim spaces, standardise case)"
14309,ATT011358,gp_practice_code,gp_code_lowercase,fix (upper-case)
14309,ATT011358,presenting_complaint,inconsistent_text_format,"fix (trim spaces, standardise case)"
14312,ATT013669,presenting_complaint,inconsistent_text_format,"fix (trim spaces, standardise case)"
14312,ATT013669,"arrival_time, departure_time",mixed_date_format,fix (parse into one timestamp format)
14315,ATT004646,presenting_complaint,missing_presenting_complaint,fill with 'Unknown'
14317,ATT011005,presenting_complaint,inconsistent_text_format,"fix (trim spaces, standardise case)"
14318,ATT003776,"arrival_time, departure_time",mixed_date_format,fix (parse into one timestamp format)
14319,ATT018973,presenting_complaint,inconsistent_text_format,"fix (trim spaces, standardise case)"
14325,ATT019268,presenting_complaint,inconsistent_text_format,"fix (trim spaces, standardise case)"
14334,ATT015174,arrival_time,missing_arrival_time,reject
14342,ATT005481,presenting_complaint,inconsistent_text_format,"fix (trim spaces, standardise case)"
14345,ATT016340,disposition,inconsistent_text_format,"fix (trim spaces, standardise case)"
14348,ATT010487,arrival_time,missing_arrival_time,reject
14352,ATT017200,presenting_complaint,inconsistent_text_format,"fix (trim spaces, standardise case)"
14353,ATT003151,disposition,inconsistent_text_format,"fix (trim spaces, standardise case)"
14353,ATT003151,presenting_complaint,missing_presenting_complaint,fill with 'Unknown'
14353,ATT003151,"arrival_time, departure_time",mixed_date_format,fix (parse into one timestamp format)
14361,ATT002940,"arrival_time, departure_time",mixed_date_format,fix (parse into one timestamp format)
14362,ATT014097,presenting_complaint,inconsistent_text_format,"fix (trim spaces, standardise case)"
14369,ATT015685,disposition,inconsistent_text_format,"fix (trim spaces, standardise case)"
14369,ATT015685,presenting_complaint,missing_presenting_complaint,fill with 'Unknown'
14372,ATT005807,presenting_complaint,inconsistent_text_format,"fix (trim spaces, standardise case)"
14372,ATT005807,departure_time,missing_departure_time,reject
14374,ATT006147,disposition,inconsistent_text_format,"fix (trim spaces, standardise case)"
14378,ATT012003,triage_category,invalid_triage_code,reject
14386,ATT008882,presenting_complaint,inconsistent_text_format,"fix (trim spaces, standardise case)"
14388,ATT005418,disposition,inconsistent_text_format,"fix (trim spaces, standardise case)"
14392,ATT003159,presenting_complaint,inconsistent_text_format,"fix (trim spaces, standardise case)"
14394,ATT009159,presenting_complaint,inconsistent_text_format,"fix (trim spaces, standardise case)"
14394,ATT009159,gp_practice_code,missing_gp_code,set to NULL and flag
14399,ATT013831,"arrival_time, departure_time",mixed_date_format,fix (parse into one timestamp format)
14402,ATT003830,"arrival_time, departure_time",mixed_date_format,fix (parse into one timestamp format)
14403,ATT012675,gp_practice_code,missing_gp_code,set to NULL and flag
14403,ATT012675,"arrival_time, departure_time",mixed_date_format,fix (parse into one timestamp format)
14404,ATT000379,departure_time,departure_before_arrival,reject
14406,ATT012996,presenting_complaint,inconsistent_text_format,"fix (trim spaces, standardise case)"
14407,ATT008182,gp_practice_code,missing_gp_code,set to NULL and flag
14409,ATT013512,presenting_complaint,missing_presenting_complaint,fill with 'Unknown'
14410,ATT007695,(entire row),duplicate_row,remove (keep first)
14411,ATT002717,presenting_complaint,inconsistent_text_format,"fix (trim spaces, standardise case)"
14416,ATT019375,"arrival_time, departure_time",mixed_date_format,fix (parse into one timestamp format)
14421,ATT019462,"arrival_time, departure_time",mixed_date_format,fix (parse into one timestamp format)
14424,ATT009400,"arrival_time, departure_time",mixed_date_format,fix (parse into one timestamp format)
14427,ATT016413,disposition,inconsistent_text_format,"fix (trim spaces, standardise case)"
14427,ATT016413,"arrival_time, departure_time",mixed_date_format,fix (parse into one timestamp format)
14429,ATT007091,(entire row),duplicate_row,remove (keep first)
14429,ATT007091,gp_practice_code,gp_code_lowercase,fix (upper-case)
14438,ATT011647,(entire row),duplicate_row,remove (keep first)
14438,ATT011647,"arrival_time, departure_time",mixed_date_format,fix (parse into one timestamp format)
14440,ATT014161,disposition,inconsistent_text_format,"fix (trim spaces, standardise case)"
14441,ATT019993,triage_category,invalid_triage_code,reject
14443,ATT017394,presenting_complaint,missing_presenting_complaint,fill with 'Unknown'
14444,ATT014655,presenting_complaint,inconsistent_text_format,"fix (trim spaces, standardise case)"
14445,ATT006359,presenting_complaint,inconsistent_text_format,"fix (trim spaces, standardise case)"
14449,ATT006692,gp_practice_code,missing_gp_code,set to NULL and flag
14453,ATT002221,"arrival_time, departure_time",mixed_date_format,fix (parse into one timestamp format)
14454,ATT011967,"arrival_time, departure_time",mixed_date_format,fix (parse into one timestamp format)
14456,ATT001578,disposition,inconsistent_text_format,"fix (trim spaces, standardise case)"
14457,ATT019670,presenting_complaint,missing_presenting_complaint,fill with 'Unknown'
14459,ATT003794,gp_practice_code,missing_gp_code,set to NULL and flag
14461,ATT017078,gp_practice_code,missing_gp_code,set to NULL and flag
14465,ATT019846,"arrival_time, departure_time",mixed_date_format,fix (parse into one timestamp format)
14467,ATT007687,departure_time,missing_departure_time,reject
14468,ATT005732,presenting_complaint,inconsistent_text_format,"fix (trim spaces, standardise case)"
14469,ATT002918,presenting_complaint,missing_presenting_complaint,fill with 'Unknown'
14470,ATT005587,gp_practice_code,missing_gp_code,set to NULL and flag
14471,ATT007089,"arrival_time, departure_time",mixed_date_format,fix (parse into one timestamp format)
14472,ATT006327,triage_category,invalid_triage_code,reject
14473,ATT001516,gp_practice_code,missing_gp_code,set to NULL and flag
14475,ATT011279,disposition,missing_disposition,fill with 'Unknown'
14476,ATT002372,"arrival_time, departure_time",mixed_date_format,fix (parse into one timestamp format)
14477,ATT003433,presenting_complaint,inconsistent_text_format,"fix (trim spaces, standardise case)"
14477,ATT003433,disposition,inconsistent_text_format,"fix (trim spaces, standardise case)"
14477,ATT003433,"arrival_time, departure_time",mixed_date_format,fix (parse into one timestamp format)
14479,ATT004480,presenting_complaint,inconsistent_text_format,"fix (trim spaces, standardise case)"
14481,ATT018815,"arrival_time, departure_time",mixed_date_format,fix (parse into one timestamp format)
14485,ATT018281,gp_practice_code,gp_code_lowercase,fix (upper-case)
14486,ATT010043,disposition,inconsistent_text_format,"fix (trim spaces, standardise case)"
14488,ATT016384,disposition,inconsistent_text_format,"fix (trim spaces, standardise case)"
14496,ATT019549,presenting_complaint,missing_presenting_complaint,fill with 'Unknown'
14499,ATT000732,"arrival_time, departure_time",mixed_date_format,fix (parse into one timestamp format)
14505,ATT012497,triage_category,triage_decimal_format,fix (3.0 -> 3)
14506,ATT002796,"arrival_time, departure_time",mixed_date_format,fix (parse into one timestamp format)
14507,ATT008980,triage_category,triage_decimal_format,fix (3.0 -> 3)
14509,ATT000799,gp_practice_code,missing_gp_code,set to NULL and flag
14510,ATT006233,arrival_time,missing_arrival_time,reject
14511,ATT000735,gp_practice_code,missing_gp_code,set to NULL and flag
14514,ATT000179,gp_practice_code,missing_gp_code,set to NULL and flag
14515,ATT011470,disposition,inconsistent_text_format,"fix (trim spaces, standardise case)"
14515,ATT011470,gp_practice_code,missing_gp_code,set to NULL and flag
14516,ATT011933,presenting_complaint,inconsistent_text_format,"fix (trim spaces, standardise case)"
14518,ATT013799,presenting_complaint,inconsistent_text_format,"fix (trim spaces, standardise case)"
14519,ATT018179,departure_time,departure_before_arrival,reject
14523,ATT018954,presenting_complaint,inconsistent_text_format,"fix (trim spaces, standardise case)"
14525,ATT011394,presenting_complaint,inconsistent_text_format,"fix (trim spaces, standardise case)"
14532,ATT003340,presenting_complaint,inconsistent_text_format,"fix (trim spaces, standardise case)"
14532,ATT003340,gp_practice_code,malformed_gp_code,set to NULL and flag
14540,ATT010507,presenting_complaint,inconsistent_text_format,"fix (trim spaces, standardise case)"
14542,ATT013278,"arrival_time, departure_time",mixed_date_format,fix (parse into one timestamp format)
14543,ATT019462,(entire row),duplicate_row,remove (keep first)
14543,ATT019462,"arrival_time, departure_time",mixed_date_format,fix (parse into one timestamp format)
14544,ATT007534,gp_practice_code,missing_gp_code,set to NULL and flag
14545,ATT016265,presenting_complaint,inconsistent_text_format,"fix (trim spaces, standardise case)"
14546,ATT000067,arrival_time,missing_arrival_time,reject
14547,ATT017769,presenting_complaint,inconsistent_text_format,"fix (trim spaces, standardise case)"
14548,ATT004713,presenting_complaint,inconsistent_text_format,"fix (trim spaces, standardise case)"
14549,ATT005215,presenting_complaint,missing_presenting_complaint,fill with 'Unknown'
14551,ATT018275,departure_time,missing_departure_time,reject
14552,ATT005034,presenting_complaint,inconsistent_text_format,"fix (trim spaces, standardise case)"
14553,ATT006916,disposition,inconsistent_text_format,"fix (trim spaces, standardise case)"
14555,ATT016889,gp_practice_code,malformed_gp_code,set to NULL and flag
14555,ATT016889,"arrival_time, departure_time",mixed_date_format,fix (parse into one timestamp format)
14556,ATT017304,disposition,inconsistent_text_format,"fix (trim spaces, standardise case)"
14557,ATT000623,"arrival_time, departure_time",mixed_date_format,fix (parse into one timestamp format)
14563,ATT019983,disposition,missing_disposition,fill with 'Unknown'
14563,ATT019983,"arrival_time, departure_time",mixed_date_format,fix (parse into one timestamp format)
14565,ATT017150,triage_category,triage_decimal_format,fix (3.0 -> 3)
14579,ATT004477,presenting_complaint,inconsistent_text_format,"fix (trim spaces, standardise case)"
14579,ATT004477,"arrival_time, departure_time",mixed_date_format,fix (parse into one timestamp format)
14581,ATT010840,"arrival_time, departure_time",mixed_date_format,fix (parse into one timestamp format)
14585,ATT010233,gp_practice_code,missing_gp_code,set to NULL and flag
14587,ATT015801,(entire row),duplicate_row,remove (keep first)
14588,ATT002599,"arrival_time, departure_time",mixed_date_format,fix (parse into one timestamp format)
14589,ATT001515,"arrival_time, departure_time",mixed_date_format,fix (parse into one timestamp format)
14590,ATT006192,"arrival_time, departure_time",mixed_date_format,fix (parse into one timestamp format)
14592,ATT014176,gp_practice_code,gp_code_lowercase,fix (upper-case)
14595,ATT002069,"arrival_time, departure_time",mixed_date_format,fix (parse into one timestamp format)
14596,ATT018931,arrival_time,missing_arrival_time,reject
14598,ATT008537,triage_category,triage_decimal_format,fix (3.0 -> 3)
14601,ATT007916,"arrival_time, departure_time",mixed_date_format,fix (parse into one timestamp format)
14605,ATT018595,presenting_complaint,inconsistent_text_format,"fix (trim spaces, standardise case)"
14605,ATT018595,disposition,inconsistent_text_format,"fix (trim spaces, standardise case)"
14607,ATT009857,gp_practice_code,missing_gp_code,set to NULL and flag
14608,ATT011081,disposition,inconsistent_text_format,"fix (trim spaces, standardise case)"
14608,ATT011081,gp_practice_code,missing_gp_code,set to NULL and flag
14611,ATT004624,presenting_complaint,inconsistent_text_format,"fix (trim spaces, standardise case)"
14613,ATT004819,presenting_complaint,inconsistent_text_format,"fix (trim spaces, standardise case)"
14615,ATT015544,"arrival_time, departure_time",mixed_date_format,fix (parse into one timestamp format)
14620,ATT018610,"arrival_time, departure_time",mixed_date_format,fix (parse into one timestamp format)
14621,ATT012779,"arrival_time, departure_time",mixed_date_format,fix (parse into one timestamp format)
14624,ATT018544,"arrival_time, departure_time",mixed_date_format,fix (parse into one timestamp format)
14626,ATT004249,"arrival_time, departure_time",mixed_date_format,fix (parse into one timestamp format)
14627,ATT006116,presenting_complaint,inconsistent_text_format,"fix (trim spaces, standardise case)"
14636,ATT016437,departure_time,departure_before_arrival,reject
14637,ATT012434,presenting_complaint,inconsistent_text_format,"fix (trim spaces, standardise case)"
14641,ATT017334,presenting_complaint,inconsistent_text_format,"fix (trim spaces, standardise case)"
14642,ATT008053,gp_practice_code,gp_code_lowercase,fix (upper-case)
14642,ATT008053,"arrival_time, departure_time",mixed_date_format,fix (parse into one timestamp format)
14644,ATT015818,"arrival_time, departure_time",mixed_date_format,fix (parse into one timestamp format)
14645,ATT019910,presenting_complaint,inconsistent_text_format,"fix (trim spaces, standardise case)"
14645,ATT019910,disposition,inconsistent_text_format,"fix (trim spaces, standardise case)"
14645,ATT019910,"arrival_time, departure_time",mixed_date_format,fix (parse into one timestamp format)
14647,ATT001678,presenting_complaint,missing_presenting_complaint,fill with 'Unknown'
14653,ATT002297,disposition,inconsistent_text_format,"fix (trim spaces, standardise case)"
14656,ATT008489,disposition,inconsistent_text_format,"fix (trim spaces, standardise case)"
14662,ATT008220,"arrival_time, departure_time",mixed_date_format,fix (parse into one timestamp format)
14663,ATT017565,(entire row),duplicate_row,remove (keep first)
14663,ATT017565,"arrival_time, departure_time",mixed_date_format,fix (parse into one timestamp format)
14670,ATT016383,disposition,inconsistent_text_format,"fix (trim spaces, standardise case)"
14670,ATT016383,gp_practice_code,missing_gp_code,set to NULL and flag
14672,ATT016484,gp_practice_code,missing_gp_code,set to NULL and flag
14677,ATT004341,disposition,inconsistent_text_format,"fix (trim spaces, standardise case)"
14682,ATT002388,presenting_complaint,inconsistent_text_format,"fix (trim spaces, standardise case)"
14684,ATT015847,"arrival_time, departure_time",mixed_date_format,fix (parse into one timestamp format)
14685,ATT005255,(entire row),duplicate_row,remove (keep first)
14685,ATT005255,presenting_complaint,inconsistent_text_format,"fix (trim spaces, standardise case)"
14686,ATT000682,disposition,missing_disposition,fill with 'Unknown'
14687,ATT004531,"arrival_time, departure_time",mixed_date_format,fix (parse into one timestamp format)
14690,ATT003160,disposition,inconsistent_text_format,"fix (trim spaces, standardise case)"
14690,ATT003160,"arrival_time, departure_time",mixed_date_format,fix (parse into one timestamp format)
14692,ATT002988,"arrival_time, departure_time",mixed_date_format,fix (parse into one timestamp format)
14693,ATT004909,presenting_complaint,missing_presenting_complaint,fill with 'Unknown'
14695,ATT014706,disposition,inconsistent_text_format,"fix (trim spaces, standardise case)"
14696,ATT019292,presenting_complaint,inconsistent_text_format,"fix (trim spaces, standardise case)"
14699,ATT003535,departure_time,missing_departure_time,reject
14699,ATT003535,"arrival_time, departure_time",mixed_date_format,fix (parse into one timestamp format)
14700,ATT005975,disposition,inconsistent_text_format,"fix (trim spaces, standardise case)"
14701,ATT003730,triage_category,triage_decimal_format,fix (3.0 -> 3)
14702,ATT000491,triage_category,invalid_triage_code,reject
14703,ATT005709,presenting_complaint,inconsistent_text_format,"fix (trim spaces, standardise case)"
14703,ATT005709,disposition,inconsistent_text_format,"fix (trim spaces, standardise case)"
14704,ATT001182,disposition,inconsistent_text_format,"fix (trim spaces, standardise case)"
14705,ATT001376,presenting_complaint,missing_presenting_complaint,fill with 'Unknown'
14706,ATT005015,"arrival_time, departure_time",mixed_date_format,fix (parse into one timestamp format)
14708,ATT012352,presenting_complaint,inconsistent_text_format,"fix (trim spaces, standardise case)"
14708,ATT012352,disposition,inconsistent_text_format,"fix (trim spaces, standardise case)"
14712,ATT010305,"arrival_time, departure_time",mixed_date_format,fix (parse into one timestamp format)
14713,ATT003561,presenting_complaint,inconsistent_text_format,"fix (trim spaces, standardise case)"
14714,ATT006041,"arrival_time, departure_time",mixed_date_format,fix (parse into one timestamp format)
14715,ATT012373,presenting_complaint,inconsistent_text_format,"fix (trim spaces, standardise case)"
14715,ATT012373,"arrival_time, departure_time",mixed_date_format,fix (parse into one timestamp format)
14716,ATT017453,presenting_complaint,inconsistent_text_format,"fix (trim spaces, standardise case)"
14716,ATT017453,"arrival_time, departure_time",mixed_date_format,fix (parse into one timestamp format)
14720,ATT014888,gp_practice_code,missing_gp_code,set to NULL and flag
14723,ATT002888,"arrival_time, departure_time",mixed_date_format,fix (parse into one timestamp format)
14724,ATT016778,presenting_complaint,inconsistent_text_format,"fix (trim spaces, standardise case)"
14725,ATT008877,triage_category,triage_decimal_format,fix (3.0 -> 3)
14728,ATT012272,presenting_complaint,inconsistent_text_format,"fix (trim spaces, standardise case)"
14729,ATT006684,disposition,inconsistent_text_format,"fix (trim spaces, standardise case)"
14730,ATT006672,presenting_complaint,missing_presenting_complaint,fill with 'Unknown'
14732,ATT009212,presenting_complaint,inconsistent_text_format,"fix (trim spaces, standardise case)"
14734,ATT012109,presenting_complaint,inconsistent_text_format,"fix (trim spaces, standardise case)"
14736,ATT002640,"arrival_time, departure_time",mixed_date_format,fix (parse into one timestamp format)
14737,ATT001192,"arrival_time, departure_time",mixed_date_format,fix (parse into one timestamp format)
14739,ATT019381,"arrival_time, departure_time",mixed_date_format,fix (parse into one timestamp format)
14740,ATT013922,disposition,inconsistent_text_format,"fix (trim spaces, standardise case)"
14743,ATT005297,disposition,inconsistent_text_format,"fix (trim spaces, standardise case)"
14748,ATT017656,"arrival_time, departure_time",mixed_date_format,fix (parse into one timestamp format)
14749,ATT016887,"arrival_time, departure_time",mixed_date_format,fix (parse into one timestamp format)
14753,ATT005980,departure_time,departure_before_arrival,reject
14754,ATT011996,"arrival_time, departure_time",mixed_date_format,fix (parse into one timestamp format)
14755,ATT004535,departure_time,extreme_length_of_stay,reject
14759,ATT007670,presenting_complaint,missing_presenting_complaint,fill with 'Unknown'
14762,ATT006870,departure_time,departure_before_arrival,reject
14767,ATT010473,disposition,inconsistent_text_format,"fix (trim spaces, standardise case)"
14768,ATT017403,triage_category,invalid_triage_code,reject
14769,ATT014858,"arrival_time, departure_time",mixed_date_format,fix (parse into one timestamp format)
14771,ATT013326,presenting_complaint,inconsistent_text_format,"fix (trim spaces, standardise case)"
14772,ATT004137,(entire row),duplicate_row,remove (keep first)
14774,ATT005429,gp_practice_code,missing_gp_code,set to NULL and flag
14776,ATT012323,(entire row),duplicate_row,remove (keep first)
14776,ATT012323,disposition,inconsistent_text_format,"fix (trim spaces, standardise case)"
14777,ATT005267,presenting_complaint,inconsistent_text_format,"fix (trim spaces, standardise case)"
14777,ATT005267,pseudo_patient_id,missing_patient_id,reject
14786,ATT010047,disposition,inconsistent_text_format,"fix (trim spaces, standardise case)"
14787,ATT017538,disposition,inconsistent_text_format,"fix (trim spaces, standardise case)"
14789,ATT002039,"arrival_time, departure_time",mixed_date_format,fix (parse into one timestamp format)
14791,ATT009282,"arrival_time, departure_time",mixed_date_format,fix (parse into one timestamp format)
14793,ATT008559,disposition,inconsistent_text_format,"fix (trim spaces, standardise case)"
14793,ATT008559,pseudo_patient_id,missing_patient_id,reject
14794,ATT009042,(entire row),duplicate_row,remove (keep first)
14798,ATT003341,disposition,missing_disposition,fill with 'Unknown'
14800,ATT002654,"arrival_time, departure_time",mixed_date_format,fix (parse into one timestamp format)
14801,ATT018496,gp_practice_code,gp_code_lowercase,fix (upper-case)
14801,ATT018496,departure_time,missing_departure_time,reject
14803,ATT018632,presenting_complaint,inconsistent_text_format,"fix (trim spaces, standardise case)"
14808,ATT002032,"arrival_time, departure_time",mixed_date_format,fix (parse into one timestamp format)
14812,ATT007236,gp_practice_code,missing_gp_code,set to NULL and flag
14814,ATT010972,presenting_complaint,inconsistent_text_format,"fix (trim spaces, standardise case)"
14816,ATT017759,disposition,inconsistent_text_format,"fix (trim spaces, standardise case)"
14816,ATT017759,departure_time,missing_departure_time,reject
14818,ATT004207,"arrival_time, departure_time",mixed_date_format,fix (parse into one timestamp format)
14819,ATT013984,gp_practice_code,missing_gp_code,set to NULL and flag
14820,ATT013467,"arrival_time, departure_time",mixed_date_format,fix (parse into one timestamp format)
14827,ATT017635,gp_practice_code,gp_code_lowercase,fix (upper-case)
14838,ATT002937,presenting_complaint,inconsistent_text_format,"fix (trim spaces, standardise case)"
14839,ATT008612,presenting_complaint,missing_presenting_complaint,fill with 'Unknown'
14839,ATT008612,"arrival_time, departure_time",mixed_date_format,fix (parse into one timestamp format)
14841,ATT003918,presenting_complaint,missing_presenting_complaint,fill with 'Unknown'
14848,ATT000306,departure_time,extreme_length_of_stay,reject
14854,ATT001232,disposition,inconsistent_text_format,"fix (trim spaces, standardise case)"
14856,ATT002314,presenting_complaint,inconsistent_text_format,"fix (trim spaces, standardise case)"
14857,ATT014337,"arrival_time, departure_time",mixed_date_format,fix (parse into one timestamp format)
14858,ATT009644,disposition,inconsistent_text_format,"fix (trim spaces, standardise case)"
14858,ATT009644,gp_practice_code,missing_gp_code,set to NULL and flag
14861,ATT018023,disposition,inconsistent_text_format,"fix (trim spaces, standardise case)"
14861,ATT018023,"arrival_time, departure_time",mixed_date_format,fix (parse into one timestamp format)
14862,ATT016909,presenting_complaint,inconsistent_text_format,"fix (trim spaces, standardise case)"
14863,ATT003497,presenting_complaint,inconsistent_text_format,"fix (trim spaces, standardise case)"
14865,ATT009830,gp_practice_code,malformed_gp_code,set to NULL and flag
14866,ATT009031,disposition,inconsistent_text_format,"fix (trim spaces, standardise case)"
14867,ATT002063,"arrival_time, departure_time",mixed_date_format,fix (parse into one timestamp format)
14869,ATT007948,(entire row),duplicate_row,remove (keep first)
14876,ATT005453,presenting_complaint,inconsistent_text_format,"fix (trim spaces, standardise case)"
14877,ATT011280,disposition,inconsistent_text_format,"fix (trim spaces, standardise case)"
14880,ATT000557,disposition,inconsistent_text_format,"fix (trim spaces, standardise case)"
14881,ATT012739,triage_category,triage_decimal_format,fix (3.0 -> 3)
14882,ATT012885,gp_practice_code,missing_gp_code,set to NULL and flag
14883,ATT009907,departure_time,missing_departure_time,reject
14887,ATT018829,disposition,inconsistent_text_format,"fix (trim spaces, standardise case)"
14890,ATT009096,"arrival_time, departure_time",mixed_date_format,fix (parse into one timestamp format)
14891,ATT003139,gp_practice_code,malformed_gp_code,set to NULL and flag
14892,ATT017476,departure_time,departure_before_arrival,reject
14894,ATT003366,gp_practice_code,missing_gp_code,set to NULL and flag
14894,ATT003366,"arrival_time, departure_time",mixed_date_format,fix (parse into one timestamp format)
14895,ATT002671,presenting_complaint,missing_presenting_complaint,fill with 'Unknown'
14896,ATT005516,"arrival_time, departure_time",mixed_date_format,fix (parse into one timestamp format)
14898,ATT008446,(entire row),duplicate_row,remove (keep first)
14898,ATT008446,"arrival_time, departure_time",mixed_date_format,fix (parse into one timestamp format)
14899,ATT008221,triage_category,invalid_triage_code,reject
14899,ATT008221,"arrival_time, departure_time",mixed_date_format,fix (parse into one timestamp format)
14900,ATT002396,"arrival_time, departure_time",mixed_date_format,fix (parse into one timestamp format)
14901,ATT016942,presenting_complaint,inconsistent_text_format,"fix (trim spaces, standardise case)"
14902,ATT015503,gp_practice_code,missing_gp_code,set to NULL and flag
14902,ATT015503,"arrival_time, departure_time",mixed_date_format,fix (parse into one timestamp format)
14902,ATT015503,triage_category,triage_decimal_format,fix (3.0 -> 3)
14905,ATT002171,disposition,inconsistent_text_format,"fix (trim spaces, standardise case)"
14906,ATT000925,disposition,inconsistent_text_format,"fix (trim spaces, standardise case)"
14915,ATT003125,disposition,missing_disposition,fill with 'Unknown'
14919,ATT007621,presenting_complaint,missing_presenting_complaint,fill with 'Unknown'
14919,ATT007621,"arrival_time, departure_time",mixed_date_format,fix (parse into one timestamp format)
14921,ATT011926,gp_practice_code,missing_gp_code,set to NULL and flag
14923,ATT009146,departure_time,departure_before_arrival,reject
14926,ATT009847,departure_time,departure_before_arrival,reject
14926,ATT009847,"arrival_time, departure_time",mixed_date_format,fix (parse into one timestamp format)
14927,ATT017756,disposition,inconsistent_text_format,"fix (trim spaces, standardise case)"
14932,ATT019684,disposition,inconsistent_text_format,"fix (trim spaces, standardise case)"
14934,ATT012432,presenting_complaint,inconsistent_text_format,"fix (trim spaces, standardise case)"
14934,ATT012432,gp_practice_code,missing_gp_code,set to NULL and flag
14936,ATT009783,pseudo_patient_id,missing_patient_id,reject
14938,ATT011449,presenting_complaint,inconsistent_text_format,"fix (trim spaces, standardise case)"
14939,ATT016006,presenting_complaint,inconsistent_text_format,"fix (trim spaces, standardise case)"
14939,ATT016006,gp_practice_code,missing_gp_code,set to NULL and flag
14942,ATT002182,"arrival_time, departure_time",mixed_date_format,fix (parse into one timestamp format)
14947,ATT006104,disposition,inconsistent_text_format,"fix (trim spaces, standardise case)"
14950,ATT013318,(entire row),duplicate_row,remove (keep first)
14956,ATT014700,"arrival_time, departure_time",mixed_date_format,fix (parse into one timestamp format)
14960,ATT009964,gp_practice_code,gp_code_lowercase,fix (upper-case)
14960,ATT009964,"arrival_time, departure_time",mixed_date_format,fix (parse into one timestamp format)
14964,ATT008466,disposition,inconsistent_text_format,"fix (trim spaces, standardise case)"
14966,ATT003957,presenting_complaint,inconsistent_text_format,"fix (trim spaces, standardise case)"
14968,ATT005812,"arrival_time, departure_time",mixed_date_format,fix (parse into one timestamp format)
14971,ATT011381,arrival_time,missing_arrival_time,reject
14974,ATT001185,presenting_complaint,inconsistent_text_format,"fix (trim spaces, standardise case)"
14977,ATT009036,presenting_complaint,inconsistent_text_format,"fix (trim spaces, standardise case)"
14977,ATT009036,disposition,inconsistent_text_format,"fix (trim spaces, standardise case)"
14977,ATT009036,gp_practice_code,missing_gp_code,set to NULL and flag
14978,ATT019725,"arrival_time, departure_time",mixed_date_format,fix (parse into one timestamp format)
14979,ATT015420,(entire row),duplicate_row,remove (keep first)
14980,ATT000905,"arrival_time, departure_time",mixed_date_format,fix (parse into one timestamp format)
14988,ATT002081,"arrival_time, departure_time",mixed_date_format,fix (parse into one timestamp format)
14993,ATT010847,gp_practice_code,missing_gp_code,set to NULL and flag
14997,ATT002646,departure_time,missing_departure_time,reject
15002,ATT006534,triage_category,invalid_triage_code,reject
15006,ATT010074,presenting_complaint,inconsistent_text_format,"fix (trim spaces, standardise case)"
15006,ATT010074,departure_time,missing_departure_time,reject
15009,ATT017447,disposition,inconsistent_text_format,"fix (trim spaces, standardise case)"
15010,ATT005357,(entire row),duplicate_row,remove (keep first)
15011,ATT001479,presenting_complaint,inconsistent_text_format,"fix (trim spaces, standardise case)"
15014,ATT016794,"arrival_time, departure_time",mixed_date_format,fix (parse into one timestamp format)
15020,ATT007371,presenting_complaint,inconsistent_text_format,"fix (trim spaces, standardise case)"
15022,ATT007838,disposition,inconsistent_text_format,"fix (trim spaces, standardise case)"
15024,ATT003716,presenting_complaint,inconsistent_text_format,"fix (trim spaces, standardise case)"
15025,ATT008112,"arrival_time, departure_time",mixed_date_format,fix (parse into one timestamp format)
15026,ATT010143,presenting_complaint,inconsistent_text_format,"fix (trim spaces, standardise case)"
15026,ATT010143,disposition,inconsistent_text_format,"fix (trim spaces, standardise case)"
15027,ATT005038,"arrival_time, departure_time",mixed_date_format,fix (parse into one timestamp format)
15028,ATT004400,disposition,inconsistent_text_format,"fix (trim spaces, standardise case)"
15028,ATT004400,gp_practice_code,malformed_gp_code,set to NULL and flag
15029,ATT003623,"arrival_time, departure_time",mixed_date_format,fix (parse into one timestamp format)
15031,ATT004517,gp_practice_code,gp_code_lowercase,fix (upper-case)
15031,ATT004517,presenting_complaint,inconsistent_text_format,"fix (trim spaces, standardise case)"
15031,ATT004517,disposition,missing_disposition,fill with 'Unknown'
15032,ATT014596,presenting_complaint,inconsistent_text_format,"fix (trim spaces, standardise case)"
15033,ATT011295,presenting_complaint,inconsistent_text_format,"fix (trim spaces, standardise case)"
15034,ATT007355,departure_time,missing_departure_time,reject
15035,ATT008751,disposition,inconsistent_text_format,"fix (trim spaces, standardise case)"
15037,ATT010768,disposition,missing_disposition,fill with 'Unknown'
15037,ATT010768,"arrival_time, departure_time",mixed_date_format,fix (parse into one timestamp format)
15038,ATT001437,gp_practice_code,missing_gp_code,set to NULL and flag
15039,ATT000508,"arrival_time, departure_time",mixed_date_format,fix (parse into one timestamp format)
15040,ATT005276,disposition,missing_disposition,fill with 'Unknown'
15043,ATT005664,"arrival_time, departure_time",mixed_date_format,fix (parse into one timestamp format)
15044,ATT005403,disposition,inconsistent_text_format,"fix (trim spaces, standardise case)"
15046,ATT019423,"arrival_time, departure_time",mixed_date_format,fix (parse into one timestamp format)
15048,ATT011603,(entire row),duplicate_row,remove (keep first)
15052,ATT012029,gp_practice_code,gp_code_lowercase,fix (upper-case)
15052,ATT012029,"arrival_time, departure_time",mixed_date_format,fix (parse into one timestamp format)
15052,ATT012029,triage_category,triage_decimal_format,fix (3.0 -> 3)
15055,ATT012745,gp_practice_code,missing_gp_code,set to NULL and flag
15061,ATT017740,"arrival_time, departure_time",mixed_date_format,fix (parse into one timestamp format)
15069,ATT017506,presenting_complaint,inconsistent_text_format,"fix (trim spaces, standardise case)"
15074,ATT013030,"arrival_time, departure_time",mixed_date_format,fix (parse into one timestamp format)
15075,ATT011570,departure_time,departure_before_arrival,reject
15075,ATT011570,"arrival_time, departure_time",mixed_date_format,fix (parse into one timestamp format)
15076,ATT012669,presenting_complaint,inconsistent_text_format,"fix (trim spaces, standardise case)"
15077,ATT005616,presenting_complaint,inconsistent_text_format,"fix (trim spaces, standardise case)"
15079,ATT001465,disposition,inconsistent_text_format,"fix (trim spaces, standardise case)"
15082,ATT001193,presenting_complaint,inconsistent_text_format,"fix (trim spaces, standardise case)"
15085,ATT003591,presenting_complaint,inconsistent_text_format,"fix (trim spaces, standardise case)"
15087,ATT006361,gp_practice_code,missing_gp_code,set to NULL and flag
15091,ATT008436,"arrival_time, departure_time",mixed_date_format,fix (parse into one timestamp format)
15098,ATT014328,gp_practice_code,missing_gp_code,set to NULL and flag
15103,ATT016309,presenting_complaint,inconsistent_text_format,"fix (trim spaces, standardise case)"
15107,ATT000273,(entire row),duplicate_row,remove (keep first)
15109,ATT008990,"arrival_time, departure_time",mixed_date_format,fix (parse into one timestamp format)
15111,ATT002382,disposition,inconsistent_text_format,"fix (trim spaces, standardise case)"
15114,ATT016253,"arrival_time, departure_time",mixed_date_format,fix (parse into one timestamp format)
15115,ATT009270,disposition,inconsistent_text_format,"fix (trim spaces, standardise case)"
15116,ATT000921,disposition,inconsistent_text_format,"fix (trim spaces, standardise case)"
15120,ATT000747,disposition,inconsistent_text_format,"fix (trim spaces, standardise case)"
15123,ATT008983,presenting_complaint,inconsistent_text_format,"fix (trim spaces, standardise case)"
15124,ATT010669,presenting_complaint,missing_presenting_complaint,fill with 'Unknown'
15127,ATT015968,disposition,inconsistent_text_format,"fix (trim spaces, standardise case)"
15127,ATT015968,"arrival_time, departure_time",mixed_date_format,fix (parse into one timestamp format)
15132,ATT014343,presenting_complaint,inconsistent_text_format,"fix (trim spaces, standardise case)"
15132,ATT014343,disposition,inconsistent_text_format,"fix (trim spaces, standardise case)"
15134,ATT005600,disposition,inconsistent_text_format,"fix (trim spaces, standardise case)"
15135,ATT009291,"arrival_time, departure_time",mixed_date_format,fix (parse into one timestamp format)
15140,ATT008573,departure_time,departure_before_arrival,reject
15146,ATT003893,"arrival_time, departure_time",mixed_date_format,fix (parse into one timestamp format)
15147,ATT012334,presenting_complaint,inconsistent_text_format,"fix (trim spaces, standardise case)"
15152,ATT014988,gp_practice_code,gp_code_lowercase,fix (upper-case)
15153,ATT014190,disposition,inconsistent_text_format,"fix (trim spaces, standardise case)"
15155,ATT007834,presenting_complaint,inconsistent_text_format,"fix (trim spaces, standardise case)"
15156,ATT019743,presenting_complaint,inconsistent_text_format,"fix (trim spaces, standardise case)"
15156,ATT019743,gp_practice_code,missing_gp_code,set to NULL and flag
15158,ATT017464,presenting_complaint,inconsistent_text_format,"fix (trim spaces, standardise case)"
15162,ATT000376,disposition,inconsistent_text_format,"fix (trim spaces, standardise case)"
15163,ATT001967,(entire row),duplicate_row,remove (keep first)
15163,ATT001967,presenting_complaint,inconsistent_text_format,"fix (trim spaces, standardise case)"
15180,ATT002658,triage_category,triage_decimal_format,fix (3.0 -> 3)
15182,ATT012699,presenting_complaint,inconsistent_text_format,"fix (trim spaces, standardise case)"
15183,ATT013354,gp_practice_code,gp_code_lowercase,fix (upper-case)
15183,ATT013354,disposition,inconsistent_text_format,"fix (trim spaces, standardise case)"
15185,ATT003633,(entire row),duplicate_row,remove (keep first)
15185,ATT003633,disposition,inconsistent_text_format,"fix (trim spaces, standardise case)"
15187,ATT016482,"arrival_time, departure_time",mixed_date_format,fix (parse into one timestamp format)
15189,ATT005327,"arrival_time, departure_time",mixed_date_format,fix (parse into one timestamp format)
15192,ATT013863,presenting_complaint,inconsistent_text_format,"fix (trim spaces, standardise case)"
15193,ATT002800,"arrival_time, departure_time",mixed_date_format,fix (parse into one timestamp format)
15202,ATT009242,"arrival_time, departure_time",mixed_date_format,fix (parse into one timestamp format)
15203,ATT006771,presenting_complaint,inconsistent_text_format,"fix (trim spaces, standardise case)"
15203,ATT006771,disposition,missing_disposition,fill with 'Unknown'
15204,ATT003824,"arrival_time, departure_time",mixed_date_format,fix (parse into one timestamp format)
15208,ATT002036,presenting_complaint,inconsistent_text_format,"fix (trim spaces, standardise case)"
15209,ATT004040,gp_practice_code,missing_gp_code,set to NULL and flag
15210,ATT010451,presenting_complaint,inconsistent_text_format,"fix (trim spaces, standardise case)"
15215,ATT010292,"arrival_time, departure_time",mixed_date_format,fix (parse into one timestamp format)
15217,ATT013398,"arrival_time, departure_time",mixed_date_format,fix (parse into one timestamp format)
15217,ATT013398,triage_category,triage_decimal_format,fix (3.0 -> 3)
15218,ATT003513,"arrival_time, departure_time",mixed_date_format,fix (parse into one timestamp format)
15219,ATT003065,(entire row),duplicate_row,remove (keep first)
15223,ATT006829,gp_practice_code,malformed_gp_code,set to NULL and flag
15224,ATT007131,disposition,missing_disposition,fill with 'Unknown'
15229,ATT018339,presenting_complaint,inconsistent_text_format,"fix (trim spaces, standardise case)"
15231,ATT003145,triage_category,invalid_triage_code,reject
15232,ATT012564,triage_category,triage_decimal_format,fix (3.0 -> 3)
15234,ATT014548,"arrival_time, departure_time",mixed_date_format,fix (parse into one timestamp format)
15235,ATT007372,disposition,inconsistent_text_format,"fix (trim spaces, standardise case)"
15235,ATT007372,presenting_complaint,missing_presenting_complaint,fill with 'Unknown'
15235,ATT007372,"arrival_time, departure_time",mixed_date_format,fix (parse into one timestamp format)
15237,ATT005595,"arrival_time, departure_time",mixed_date_format,fix (parse into one timestamp format)
15238,ATT010949,presenting_complaint,inconsistent_text_format,"fix (trim spaces, standardise case)"
15240,ATT019288,"arrival_time, departure_time",mixed_date_format,fix (parse into one timestamp format)
15241,ATT014467,presenting_complaint,inconsistent_text_format,"fix (trim spaces, standardise case)"
15244,ATT005232,"arrival_time, departure_time",mixed_date_format,fix (parse into one timestamp format)
15246,ATT004104,"arrival_time, departure_time",mixed_date_format,fix (parse into one timestamp format)
15247,ATT007494,disposition,inconsistent_text_format,"fix (trim spaces, standardise case)"
15250,ATT012994,disposition,missing_disposition,fill with 'Unknown'
15252,ATT008321,gp_practice_code,gp_code_lowercase,fix (upper-case)
15256,ATT002241,gp_practice_code,malformed_gp_code,set to NULL and flag
15260,ATT006755,disposition,inconsistent_text_format,"fix (trim spaces, standardise case)"
15261,ATT002576,gp_practice_code,missing_gp_code,set to NULL and flag
15263,ATT014390,gp_practice_code,malformed_gp_code,set to NULL and flag
15268,ATT014247,presenting_complaint,inconsistent_text_format,"fix (trim spaces, standardise case)"
15269,ATT007755,presenting_complaint,missing_presenting_complaint,fill with 'Unknown'
15271,ATT014167,departure_time,missing_departure_time,reject
15272,ATT008833,presenting_complaint,inconsistent_text_format,"fix (trim spaces, standardise case)"
15273,ATT009463,"arrival_time, departure_time",mixed_date_format,fix (parse into one timestamp format)
15276,ATT004604,presenting_complaint,inconsistent_text_format,"fix (trim spaces, standardise case)"
15276,ATT004604,triage_category,invalid_triage_code,reject
15276,ATT004604,"arrival_time, departure_time",mixed_date_format,fix (parse into one timestamp format)
15277,ATT004933,gp_practice_code,malformed_gp_code,set to NULL and flag
15279,ATT001986,presenting_complaint,inconsistent_text_format,"fix (trim spaces, standardise case)"
15284,ATT000326,"arrival_time, departure_time",mixed_date_format,fix (parse into one timestamp format)
15285,ATT013957,"arrival_time, departure_time",mixed_date_format,fix (parse into one timestamp format)
15288,ATT006395,gp_practice_code,malformed_gp_code,set to NULL and flag
15289,ATT012173,presenting_complaint,missing_presenting_complaint,fill with 'Unknown'
15291,ATT019302,disposition,inconsistent_text_format,"fix (trim spaces, standardise case)"
15293,ATT002238,gp_practice_code,malformed_gp_code,set to NULL and flag
15293,ATT002238,"arrival_time, departure_time",mixed_date_format,fix (parse into one timestamp format)
15294,ATT005230,disposition,inconsistent_text_format,"fix (trim spaces, standardise case)"
15295,ATT012371,presenting_complaint,inconsistent_text_format,"fix (trim spaces, standardise case)"
15296,ATT004572,presenting_complaint,inconsistent_text_format,"fix (trim spaces, standardise case)"
15297,ATT008977,triage_category,invalid_triage_code,reject
15299,ATT007455,"arrival_time, departure_time",mixed_date_format,fix (parse into one timestamp format)
15304,ATT002254,presenting_complaint,inconsistent_text_format,"fix (trim spaces, standardise case)"
15305,ATT006011,gp_practice_code,malformed_gp_code,set to NULL and flag
15307,ATT000616,presenting_complaint,inconsistent_text_format,"fix (trim spaces, standardise case)"
15315,ATT018668,"arrival_time, departure_time",mixed_date_format,fix (parse into one timestamp format)
15319,ATT000734,(entire row),duplicate_row,remove (keep first)
15320,ATT005920,disposition,inconsistent_text_format,"fix (trim spaces, standardise case)"
15323,ATT002365,presenting_complaint,inconsistent_text_format,"fix (trim spaces, standardise case)"
15325,ATT007767,"arrival_time, departure_time",mixed_date_format,fix (parse into one timestamp format)
15329,ATT010636,triage_category,invalid_triage_code,reject
15329,ATT010636,"arrival_time, departure_time",mixed_date_format,fix (parse into one timestamp format)
15331,ATT003790,presenting_complaint,inconsistent_text_format,"fix (trim spaces, standardise case)"
15336,ATT011368,pseudo_patient_id,missing_patient_id,reject
15337,ATT018314,disposition,inconsistent_text_format,"fix (trim spaces, standardise case)"
15339,ATT019602,gp_practice_code,malformed_gp_code,set to NULL and flag
15340,ATT009616,disposition,inconsistent_text_format,"fix (trim spaces, standardise case)"
15344,ATT000663,arrival_time,missing_arrival_time,reject
15351,ATT009312,gp_practice_code,gp_code_lowercase,fix (upper-case)
15352,ATT002777,(entire row),duplicate_row,remove (keep first)
15352,ATT002777,"arrival_time, departure_time",mixed_date_format,fix (parse into one timestamp format)
15353,ATT004536,disposition,inconsistent_text_format,"fix (trim spaces, standardise case)"
15355,ATT016793,"arrival_time, departure_time",mixed_date_format,fix (parse into one timestamp format)
15357,ATT014052,disposition,inconsistent_text_format,"fix (trim spaces, standardise case)"
15361,ATT016442,gp_practice_code,gp_code_lowercase,fix (upper-case)
15362,ATT005574,"arrival_time, departure_time",mixed_date_format,fix (parse into one timestamp format)
15366,ATT010554,"arrival_time, departure_time",mixed_date_format,fix (parse into one timestamp format)
15367,ATT005248,disposition,inconsistent_text_format,"fix (trim spaces, standardise case)"
15369,ATT003982,presenting_complaint,inconsistent_text_format,"fix (trim spaces, standardise case)"
15371,ATT007826,presenting_complaint,inconsistent_text_format,"fix (trim spaces, standardise case)"
15372,ATT014181,arrival_time,missing_arrival_time,reject
15373,ATT011086,"arrival_time, departure_time",mixed_date_format,fix (parse into one timestamp format)
15375,ATT003978,presenting_complaint,missing_presenting_complaint,fill with 'Unknown'
15377,ATT000280,departure_time,missing_departure_time,reject
15378,ATT013159,"arrival_time, departure_time",mixed_date_format,fix (parse into one timestamp format)
15379,ATT002173,departure_time,missing_departure_time,reject
15380,ATT010853,disposition,inconsistent_text_format,"fix (trim spaces, standardise case)"
15385,ATT012857,gp_practice_code,missing_gp_code,set to NULL and flag
15392,ATT012609,departure_time,missing_departure_time,reject
15401,ATT008714,presenting_complaint,inconsistent_text_format,"fix (trim spaces, standardise case)"
15404,ATT004684,presenting_complaint,inconsistent_text_format,"fix (trim spaces, standardise case)"
15405,ATT007241,gp_practice_code,gp_code_lowercase,fix (upper-case)
15406,ATT005544,gp_practice_code,missing_gp_code,set to NULL and flag
15408,ATT011865,"arrival_time, departure_time",mixed_date_format,fix (parse into one timestamp format)
15409,ATT005594,"arrival_time, departure_time",mixed_date_format,fix (parse into one timestamp format)
15413,ATT013595,"arrival_time, departure_time",mixed_date_format,fix (parse into one timestamp format)
15414,ATT016751,"arrival_time, departure_time",mixed_date_format,fix (parse into one timestamp format)
15415,ATT006898,presenting_complaint,inconsistent_text_format,"fix (trim spaces, standardise case)"
15417,ATT008377,presenting_complaint,inconsistent_text_format,"fix (trim spaces, standardise case)"
15424,ATT009590,disposition,inconsistent_text_format,"fix (trim spaces, standardise case)"
15424,ATT009590,"arrival_time, departure_time",mixed_date_format,fix (parse into one timestamp format)
15427,ATT009037,"arrival_time, departure_time",mixed_date_format,fix (parse into one timestamp format)
15429,ATT013096,"arrival_time, departure_time",mixed_date_format,fix (parse into one timestamp format)
15434,ATT003868,"arrival_time, departure_time",mixed_date_format,fix (parse into one timestamp format)
15437,ATT002078,"arrival_time, departure_time",mixed_date_format,fix (parse into one timestamp format)
15438,ATT015030,disposition,inconsistent_text_format,"fix (trim spaces, standardise case)"
15439,ATT014210,"arrival_time, departure_time",mixed_date_format,fix (parse into one timestamp format)
15440,ATT012944,departure_time,missing_departure_time,reject
15441,ATT015896,disposition,inconsistent_text_format,"fix (trim spaces, standardise case)"
15441,ATT015896,arrival_time,missing_arrival_time,reject
15444,ATT015217,"arrival_time, departure_time",mixed_date_format,fix (parse into one timestamp format)
15445,ATT002843,disposition,inconsistent_text_format,"fix (trim spaces, standardise case)"
15445,ATT002843,presenting_complaint,missing_presenting_complaint,fill with 'Unknown'
15446,ATT002538,disposition,inconsistent_text_format,"fix (trim spaces, standardise case)"
15446,ATT002538,"arrival_time, departure_time",mixed_date_format,fix (parse into one timestamp format)
15447,ATT000195,"arrival_time, departure_time",mixed_date_format,fix (parse into one timestamp format)
15448,ATT018577,"arrival_time, departure_time",mixed_date_format,fix (parse into one timestamp format)
15451,ATT007499,arrival_time,future_dated_attendance,reject
15452,ATT016261,disposition,inconsistent_text_format,"fix (trim spaces, standardise case)"
15456,ATT006554,"arrival_time, departure_time",mixed_date_format,fix (parse into one timestamp format)
15457,ATT010771,triage_category,invalid_triage_code,reject
15459,ATT013930,presenting_complaint,inconsistent_text_format,"fix (trim spaces, standardise case)"
15459,ATT013930,departure_time,missing_departure_time,reject
15463,ATT005301,disposition,inconsistent_text_format,"fix (trim spaces, standardise case)"
15470,ATT015334,(entire row),duplicate_row,remove (keep first)
15470,ATT015334,presenting_complaint,inconsistent_text_format,"fix (trim spaces, standardise case)"
15472,ATT002655,disposition,inconsistent_text_format,"fix (trim spaces, standardise case)"
15476,ATT013722,triage_category,invalid_triage_code,reject
15477,ATT003399,"arrival_time, departure_time",mixed_date_format,fix (parse into one timestamp format)
15478,ATT010244,presenting_complaint,inconsistent_text_format,"fix (trim spaces, standardise case)"
15478,ATT010244,gp_practice_code,missing_gp_code,set to NULL and flag
15481,ATT005003,gp_practice_code,missing_gp_code,set to NULL and flag
15481,ATT005003,"arrival_time, departure_time",mixed_date_format,fix (parse into one timestamp format)
15483,ATT015448,"arrival_time, departure_time",mixed_date_format,fix (parse into one timestamp format)
15485,ATT000927,departure_time,extreme_length_of_stay,reject
15485,ATT000927,triage_category,triage_decimal_format,fix (3.0 -> 3)
15490,ATT000144,disposition,inconsistent_text_format,"fix (trim spaces, standardise case)"
15491,ATT005984,"arrival_time, departure_time",mixed_date_format,fix (parse into one timestamp format)
15492,ATT008152,presenting_complaint,inconsistent_text_format,"fix (trim spaces, standardise case)"
15492,ATT008152,"arrival_time, departure_time",mixed_date_format,fix (parse into one timestamp format)
15494,ATT017467,presenting_complaint,inconsistent_text_format,"fix (trim spaces, standardise case)"
15495,ATT000130,disposition,inconsistent_text_format,"fix (trim spaces, standardise case)"
15497,ATT017012,"arrival_time, departure_time",mixed_date_format,fix (parse into one timestamp format)
15498,ATT004283,disposition,inconsistent_text_format,"fix (trim spaces, standardise case)"
15507,ATT010681,gp_practice_code,missing_gp_code,set to NULL and flag
15509,ATT012672,presenting_complaint,inconsistent_text_format,"fix (trim spaces, standardise case)"
15510,ATT019125,"arrival_time, departure_time",mixed_date_format,fix (parse into one timestamp format)
15513,ATT001171,"arrival_time, departure_time",mixed_date_format,fix (parse into one timestamp format)
15516,ATT019544,presenting_complaint,inconsistent_text_format,"fix (trim spaces, standardise case)"
15516,ATT019544,disposition,inconsistent_text_format,"fix (trim spaces, standardise case)"
15516,ATT019544,"arrival_time, departure_time",mixed_date_format,fix (parse into one timestamp format)
15522,ATT018574,disposition,inconsistent_text_format,"fix (trim spaces, standardise case)"
15523,ATT011229,"arrival_time, departure_time",mixed_date_format,fix (parse into one timestamp format)
15524,ATT001860,disposition,inconsistent_text_format,"fix (trim spaces, standardise case)"
15525,ATT016086,disposition,inconsistent_text_format,"fix (trim spaces, standardise case)"
15527,ATT016591,disposition,missing_disposition,fill with 'Unknown'
15529,ATT017320,"arrival_time, departure_time",mixed_date_format,fix (parse into one timestamp format)
15537,ATT008340,disposition,missing_disposition,fill with 'Unknown'
15537,ATT008340,"arrival_time, departure_time",mixed_date_format,fix (parse into one timestamp format)
15540,ATT006383,"arrival_time, departure_time",mixed_date_format,fix (parse into one timestamp format)
15541,ATT015476,presenting_complaint,inconsistent_text_format,"fix (trim spaces, standardise case)"
15542,ATT014918,"arrival_time, departure_time",mixed_date_format,fix (parse into one timestamp format)
15542,ATT014918,triage_category,triage_decimal_format,fix (3.0 -> 3)
15549,ATT016235,presenting_complaint,inconsistent_text_format,"fix (trim spaces, standardise case)"
15552,ATT016687,"arrival_time, departure_time",mixed_date_format,fix (parse into one timestamp format)
15553,ATT014180,"arrival_time, departure_time",mixed_date_format,fix (parse into one timestamp format)
15556,ATT009022,gp_practice_code,gp_code_lowercase,fix (upper-case)
15560,ATT019366,disposition,inconsistent_text_format,"fix (trim spaces, standardise case)"
15561,ATT019814,departure_time,missing_departure_time,reject
15565,ATT009142,(entire row),duplicate_row,remove (keep first)
15567,ATT015506,departure_time,departure_before_arrival,reject
15568,ATT015660,departure_time,departure_before_arrival,reject
15568,ATT015660,"arrival_time, departure_time",mixed_date_format,fix (parse into one timestamp format)
15571,ATT003970,"arrival_time, departure_time",mixed_date_format,fix (parse into one timestamp format)
15572,ATT009380,presenting_complaint,inconsistent_text_format,"fix (trim spaces, standardise case)"
15572,ATT009380,disposition,inconsistent_text_format,"fix (trim spaces, standardise case)"
15574,ATT016597,"arrival_time, departure_time",mixed_date_format,fix (parse into one timestamp format)
15576,ATT013972,"arrival_time, departure_time",mixed_date_format,fix (parse into one timestamp format)
15579,ATT007479,"arrival_time, departure_time",mixed_date_format,fix (parse into one timestamp format)
15580,ATT010267,gp_practice_code,malformed_gp_code,set to NULL and flag
15584,ATT018050,"arrival_time, departure_time",mixed_date_format,fix (parse into one timestamp format)
15586,ATT007955,"arrival_time, departure_time",mixed_date_format,fix (parse into one timestamp format)
15588,ATT016467,presenting_complaint,inconsistent_text_format,"fix (trim spaces, standardise case)"
15588,ATT016467,"arrival_time, departure_time",mixed_date_format,fix (parse into one timestamp format)
15591,ATT004291,disposition,inconsistent_text_format,"fix (trim spaces, standardise case)"
15593,ATT019453,presenting_complaint,inconsistent_text_format,"fix (trim spaces, standardise case)"
15594,ATT001405,presenting_complaint,inconsistent_text_format,"fix (trim spaces, standardise case)"
15595,ATT003196,disposition,inconsistent_text_format,"fix (trim spaces, standardise case)"
15598,ATT001095,presenting_complaint,inconsistent_text_format,"fix (trim spaces, standardise case)"
15600,ATT018384,disposition,inconsistent_text_format,"fix (trim spaces, standardise case)"
15600,ATT018384,"arrival_time, departure_time",mixed_date_format,fix (parse into one timestamp format)
15605,ATT016748,presenting_complaint,inconsistent_text_format,"fix (trim spaces, standardise case)"
15605,ATT016748,disposition,inconsistent_text_format,"fix (trim spaces, standardise case)"
15605,ATT016748,departure_time,missing_departure_time,reject
15606,ATT010077,presenting_complaint,inconsistent_text_format,"fix (trim spaces, standardise case)"
15606,ATT010077,"arrival_time, departure_time",mixed_date_format,fix (parse into one timestamp format)
15607,ATT012918,"arrival_time, departure_time",mixed_date_format,fix (parse into one timestamp format)
15610,ATT004816,presenting_complaint,inconsistent_text_format,"fix (trim spaces, standardise case)"
15612,ATT005957,presenting_complaint,inconsistent_text_format,"fix (trim spaces, standardise case)"
15612,ATT005957,"arrival_time, departure_time",mixed_date_format,fix (parse into one timestamp format)
15613,ATT017183,"arrival_time, departure_time",mixed_date_format,fix (parse into one timestamp format)
15614,ATT011221,presenting_complaint,missing_presenting_complaint,fill with 'Unknown'
15618,ATT012541,disposition,inconsistent_text_format,"fix (trim spaces, standardise case)"
15618,ATT012541,"arrival_time, departure_time",mixed_date_format,fix (parse into one timestamp format)
15621,ATT011819,presenting_complaint,inconsistent_text_format,"fix (trim spaces, standardise case)"
15622,ATT001790,"arrival_time, departure_time",mixed_date_format,fix (parse into one timestamp format)
15624,ATT002060,(entire row),duplicate_row,remove (keep first)
15624,ATT002060,presenting_complaint,inconsistent_text_format,"fix (trim spaces, standardise case)"
15624,ATT002060,"arrival_time, departure_time",mixed_date_format,fix (parse into one timestamp format)
15625,ATT013180,disposition,inconsistent_text_format,"fix (trim spaces, standardise case)"
15625,ATT013180,"arrival_time, departure_time",mixed_date_format,fix (parse into one timestamp format)
15627,ATT015869,"arrival_time, departure_time",mixed_date_format,fix (parse into one timestamp format)
15630,ATT001903,presenting_complaint,inconsistent_text_format,"fix (trim spaces, standardise case)"
15630,ATT001903,"arrival_time, departure_time",mixed_date_format,fix (parse into one timestamp format)
15632,ATT015623,"arrival_time, departure_time",mixed_date_format,fix (parse into one timestamp format)
15635,ATT016807,gp_practice_code,missing_gp_code,set to NULL and flag
15636,ATT008091,presenting_complaint,inconsistent_text_format,"fix (trim spaces, standardise case)"
15636,ATT008091,"arrival_time, departure_time",mixed_date_format,fix (parse into one timestamp format)
15639,ATT005878,presenting_complaint,missing_presenting_complaint,fill with 'Unknown'
15641,ATT016521,gp_practice_code,missing_gp_code,set to NULL and flag
15644,ATT002346,"arrival_time, departure_time",mixed_date_format,fix (parse into one timestamp format)
15651,ATT014598,"arrival_time, departure_time",mixed_date_format,fix (parse into one timestamp format)
15653,ATT016380,presenting_complaint,inconsistent_text_format,"fix (trim spaces, standardise case)"
15658,ATT005875,"arrival_time, departure_time",mixed_date_format,fix (parse into one timestamp format)
15660,ATT008976,"arrival_time, departure_time",mixed_date_format,fix (parse into one timestamp format)
15661,ATT018605,triage_category,invalid_triage_code,reject
15663,ATT006198,disposition,inconsistent_text_format,"fix (trim spaces, standardise case)"
15665,ATT013098,disposition,inconsistent_text_format,"fix (trim spaces, standardise case)"
15668,ATT006402,disposition,inconsistent_text_format,"fix (trim spaces, standardise case)"
15669,ATT005696,presenting_complaint,inconsistent_text_format,"fix (trim spaces, standardise case)"
15679,ATT013835,"arrival_time, departure_time",mixed_date_format,fix (parse into one timestamp format)
15683,ATT007906,disposition,inconsistent_text_format,"fix (trim spaces, standardise case)"
15685,ATT017147,disposition,inconsistent_text_format,"fix (trim spaces, standardise case)"
15691,ATT012663,gp_practice_code,missing_gp_code,set to NULL and flag
15692,ATT015965,presenting_complaint,inconsistent_text_format,"fix (trim spaces, standardise case)"
15693,ATT013626,disposition,inconsistent_text_format,"fix (trim spaces, standardise case)"
15695,ATT018866,presenting_complaint,inconsistent_text_format,"fix (trim spaces, standardise case)"
15696,ATT018146,(entire row),duplicate_row,remove (keep first)
15699,ATT003097,disposition,inconsistent_text_format,"fix (trim spaces, standardise case)"
15699,ATT003097,gp_practice_code,missing_gp_code,set to NULL and flag
15700,ATT017178,arrival_time,missing_arrival_time,reject
15703,ATT018183,"arrival_time, departure_time",mixed_date_format,fix (parse into one timestamp format)
15705,ATT002972,triage_category,invalid_triage_code,reject
15706,ATT014617,"arrival_time, departure_time",mixed_date_format,fix (parse into one timestamp format)
15707,ATT012318,"arrival_time, departure_time",mixed_date_format,fix (parse into one timestamp format)
15708,ATT014039,gp_practice_code,missing_gp_code,set to NULL and flag
15709,ATT013568,(entire row),duplicate_row,remove (keep first)
15709,ATT013568,disposition,inconsistent_text_format,"fix (trim spaces, standardise case)"
15710,ATT002932,disposition,inconsistent_text_format,"fix (trim spaces, standardise case)"
15713,ATT003247,presenting_complaint,inconsistent_text_format,"fix (trim spaces, standardise case)"
15713,ATT003247,"arrival_time, departure_time",mixed_date_format,fix (parse into one timestamp format)
15714,ATT000125,triage_category,invalid_triage_code,reject
15714,ATT000125,"arrival_time, departure_time",mixed_date_format,fix (parse into one timestamp format)
15715,ATT001107,presenting_complaint,inconsistent_text_format,"fix (trim spaces, standardise case)"
15717,ATT001815,presenting_complaint,inconsistent_text_format,"fix (trim spaces, standardise case)"
15717,ATT001815,"arrival_time, departure_time",mixed_date_format,fix (parse into one timestamp format)
15718,ATT018036,disposition,inconsistent_text_format,"fix (trim spaces, standardise case)"
15720,ATT014587,presenting_complaint,missing_presenting_complaint,fill with 'Unknown'
15720,ATT014587,"arrival_time, departure_time",mixed_date_format,fix (parse into one timestamp format)
15722,ATT013842,presenting_complaint,inconsistent_text_format,"fix (trim spaces, standardise case)"
15723,ATT000225,"arrival_time, departure_time",mixed_date_format,fix (parse into one timestamp format)
15725,ATT008791,"arrival_time, departure_time",mixed_date_format,fix (parse into one timestamp format)
15726,ATT002124,"arrival_time, departure_time",mixed_date_format,fix (parse into one timestamp format)
15732,ATT000973,disposition,inconsistent_text_format,"fix (trim spaces, standardise case)"
15732,ATT000973,"arrival_time, departure_time",mixed_date_format,fix (parse into one timestamp format)
15733,ATT008971,presenting_complaint,inconsistent_text_format,"fix (trim spaces, standardise case)"
15736,ATT002198,presenting_complaint,missing_presenting_complaint,fill with 'Unknown'
15737,ATT004052,"arrival_time, departure_time",mixed_date_format,fix (parse into one timestamp format)
15740,ATT011555,gp_practice_code,missing_gp_code,set to NULL and flag
15741,ATT017861,gp_practice_code,missing_gp_code,set to NULL and flag
15741,ATT017861,"arrival_time, departure_time",mixed_date_format,fix (parse into one timestamp format)
15742,ATT000726,disposition,inconsistent_text_format,"fix (trim spaces, standardise case)"
15743,ATT016202,presenting_complaint,inconsistent_text_format,"fix (trim spaces, standardise case)"
15748,ATT017667,presenting_complaint,inconsistent_text_format,"fix (trim spaces, standardise case)"
15751,ATT013713,(entire row),duplicate_row,remove (keep first)
15751,ATT013713,"arrival_time, departure_time",mixed_date_format,fix (parse into one timestamp format)
15752,ATT004907,presenting_complaint,inconsistent_text_format,"fix (trim spaces, standardise case)"
15761,ATT009428,presenting_complaint,inconsistent_text_format,"fix (trim spaces, standardise case)"
15762,ATT009418,arrival_time,missing_arrival_time,reject
15762,ATT009418,"arrival_time, departure_time",mixed_date_format,fix (parse into one timestamp format)
15763,ATT001765,disposition,missing_disposition,fill with 'Unknown'
15768,ATT017018,disposition,inconsistent_text_format,"fix (trim spaces, standardise case)"
15769,ATT003218,disposition,missing_disposition,fill with 'Unknown'
15770,ATT005738,presenting_complaint,missing_presenting_complaint,fill with 'Unknown'
15771,ATT008480,"arrival_time, departure_time",mixed_date_format,fix (parse into one timestamp format)
15774,ATT003165,presenting_complaint,inconsistent_text_format,"fix (trim spaces, standardise case)"
15777,ATT002542,"arrival_time, departure_time",mixed_date_format,fix (parse into one timestamp format)
15781,ATT019545,presenting_complaint,inconsistent_text_format,"fix (trim spaces, standardise case)"
15782,ATT008645,"arrival_time, departure_time",mixed_date_format,fix (parse into one timestamp format)
15783,ATT002711,presenting_complaint,inconsistent_text_format,"fix (trim spaces, standardise case)"
15784,ATT006317,"arrival_time, departure_time",mixed_date_format,fix (parse into one timestamp format)
15786,ATT004267,presenting_complaint,inconsistent_text_format,"fix (trim spaces, standardise case)"
15788,ATT006716,presenting_complaint,inconsistent_text_format,"fix (trim spaces, standardise case)"
15791,ATT005317,"arrival_time, departure_time",mixed_date_format,fix (parse into one timestamp format)
15795,ATT009674,"arrival_time, departure_time",mixed_date_format,fix (parse into one timestamp format)
15798,ATT019151,gp_practice_code,malformed_gp_code,set to NULL and flag
15801,ATT001002,"arrival_time, departure_time",mixed_date_format,fix (parse into one timestamp format)
15802,ATT004199,presenting_complaint,inconsistent_text_format,"fix (trim spaces, standardise case)"
15804,ATT018051,presenting_complaint,inconsistent_text_format,"fix (trim spaces, standardise case)"
15805,ATT003576,disposition,inconsistent_text_format,"fix (trim spaces, standardise case)"
15809,ATT009773,disposition,missing_disposition,fill with 'Unknown'
15811,ATT016402,presenting_complaint,inconsistent_text_format,"fix (trim spaces, standardise case)"
15811,ATT016402,"arrival_time, departure_time",mixed_date_format,fix (parse into one timestamp format)
15812,ATT010399,gp_practice_code,malformed_gp_code,set to NULL and flag
15812,ATT010399,"arrival_time, departure_time",mixed_date_format,fix (parse into one timestamp format)
15817,ATT000758,presenting_complaint,inconsistent_text_format,"fix (trim spaces, standardise case)"
15817,ATT000758,disposition,inconsistent_text_format,"fix (trim spaces, standardise case)"
15820,ATT005314,gp_practice_code,missing_gp_code,set to NULL and flag
15820,ATT005314,"arrival_time, departure_time",mixed_date_format,fix (parse into one timestamp format)
15827,ATT014224,disposition,inconsistent_text_format,"fix (trim spaces, standardise case)"
15829,ATT016746,disposition,inconsistent_text_format,"fix (trim spaces, standardise case)"
15830,ATT008379,disposition,inconsistent_text_format,"fix (trim spaces, standardise case)"
15835,ATT012751,"arrival_time, departure_time",mixed_date_format,fix (parse into one timestamp format)
15838,ATT010638,presenting_complaint,inconsistent_text_format,"fix (trim spaces, standardise case)"
15840,ATT015162,presenting_complaint,inconsistent_text_format,"fix (trim spaces, standardise case)"
15840,ATT015162,"arrival_time, departure_time",mixed_date_format,fix (parse into one timestamp format)
15846,ATT005185,disposition,missing_disposition,fill with 'Unknown'
15848,ATT014699,"arrival_time, departure_time",mixed_date_format,fix (parse into one timestamp format)
15849,ATT017460,disposition,missing_disposition,fill with 'Unknown'
15849,ATT017460,"arrival_time, departure_time",mixed_date_format,fix (parse into one timestamp format)
15850,ATT012433,"arrival_time, departure_time",mixed_date_format,fix (parse into one timestamp format)
15851,ATT006525,arrival_time,missing_arrival_time,reject
15854,ATT017664,(entire row),duplicate_row,remove (keep first)
15854,ATT017664,presenting_complaint,inconsistent_text_format,"fix (trim spaces, standardise case)"
15854,ATT017664,"arrival_time, departure_time",mixed_date_format,fix (parse into one timestamp format)
15855,ATT010284,gp_practice_code,missing_gp_code,set to NULL and flag
15857,ATT009748,(entire row),duplicate_row,remove (keep first)
15858,ATT008096,presenting_complaint,inconsistent_text_format,"fix (trim spaces, standardise case)"
15861,ATT018689,(entire row),duplicate_row,remove (keep first)
15862,ATT010131,"arrival_time, departure_time",mixed_date_format,fix (parse into one timestamp format)
15865,ATT010659,presenting_complaint,inconsistent_text_format,"fix (trim spaces, standardise case)"
15866,ATT001004,gp_practice_code,missing_gp_code,set to NULL and flag
15866,ATT001004,"arrival_time, departure_time",mixed_date_format,fix (parse into one timestamp format)
15873,ATT012844,presenting_complaint,inconsistent_text_format,"fix (trim spaces, standardise case)"
15876,ATT014349,presenting_complaint,missing_presenting_complaint,fill with 'Unknown'
15877,ATT009678,"arrival_time, departure_time",mixed_date_format,fix (parse into one timestamp format)
15878,ATT019603,disposition,missing_disposition,fill with 'Unknown'
15880,ATT006929,presenting_complaint,inconsistent_text_format,"fix (trim spaces, standardise case)"
15882,ATT006290,gp_practice_code,missing_gp_code,set to NULL and flag
15888,ATT011796,presenting_complaint,inconsistent_text_format,"fix (trim spaces, standardise case)"
15891,ATT007983,presenting_complaint,inconsistent_text_format,"fix (trim spaces, standardise case)"
15892,ATT006170,"arrival_time, departure_time",mixed_date_format,fix (parse into one timestamp format)
15895,ATT017038,presenting_complaint,missing_presenting_complaint,fill with 'Unknown'
15899,ATT012294,disposition,inconsistent_text_format,"fix (trim spaces, standardise case)"
15899,ATT012294,departure_time,missing_departure_time,reject
15901,ATT010915,disposition,inconsistent_text_format,"fix (trim spaces, standardise case)"
15902,ATT018987,(entire row),duplicate_row,remove (keep first)
15904,ATT002463,presenting_complaint,inconsistent_text_format,"fix (trim spaces, standardise case)"
15905,ATT017230,disposition,inconsistent_text_format,"fix (trim spaces, standardise case)"
15907,ATT007963,presenting_complaint,inconsistent_text_format,"fix (trim spaces, standardise case)"
15910,ATT011709,"arrival_time, departure_time",mixed_date_format,fix (parse into one timestamp format)
15911,ATT000072,disposition,inconsistent_text_format,"fix (trim spaces, standardise case)"
15911,ATT000072,presenting_complaint,missing_presenting_complaint,fill with 'Unknown'
15911,ATT000072,"arrival_time, departure_time",mixed_date_format,fix (parse into one timestamp format)
15914,ATT006510,"arrival_time, departure_time",mixed_date_format,fix (parse into one timestamp format)
15915,ATT012451,presenting_complaint,inconsistent_text_format,"fix (trim spaces, standardise case)"
15917,ATT004525,disposition,inconsistent_text_format,"fix (trim spaces, standardise case)"
15917,ATT004525,gp_practice_code,missing_gp_code,set to NULL and flag
15919,ATT004592,disposition,missing_disposition,fill with 'Unknown'
15921,ATT016550,disposition,inconsistent_text_format,"fix (trim spaces, standardise case)"
15927,ATT005905,gp_practice_code,missing_gp_code,set to NULL and flag
15928,ATT003759,"arrival_time, departure_time",mixed_date_format,fix (parse into one timestamp format)
15932,ATT002029,(entire row),duplicate_row,remove (keep first)
15932,ATT002029,disposition,inconsistent_text_format,"fix (trim spaces, standardise case)"
15933,ATT010851,"arrival_time, departure_time",mixed_date_format,fix (parse into one timestamp format)
15935,ATT016936,gp_practice_code,missing_gp_code,set to NULL and flag
15938,ATT004501,presenting_complaint,inconsistent_text_format,"fix (trim spaces, standardise case)"
15938,ATT004501,disposition,inconsistent_text_format,"fix (trim spaces, standardise case)"
15939,ATT001450,presenting_complaint,inconsistent_text_format,"fix (trim spaces, standardise case)"
15942,ATT011455,disposition,inconsistent_text_format,"fix (trim spaces, standardise case)"
15943,ATT013049,departure_time,departure_before_arrival,reject
15943,ATT013049,presenting_complaint,inconsistent_text_format,"fix (trim spaces, standardise case)"
15943,ATT013049,triage_category,triage_decimal_format,fix (3.0 -> 3)
15945,ATT002433,departure_time,departure_before_arrival,reject
15945,ATT002433,"arrival_time, departure_time",mixed_date_format,fix (parse into one timestamp format)
15950,ATT016395,"arrival_time, departure_time",mixed_date_format,fix (parse into one timestamp format)
15953,ATT007001,disposition,missing_disposition,fill with 'Unknown'
15957,ATT012962,presenting_complaint,inconsistent_text_format,"fix (trim spaces, standardise case)"
15958,ATT015855,triage_category,triage_decimal_format,fix (3.0 -> 3)
15967,ATT008924,"arrival_time, departure_time",mixed_date_format,fix (parse into one timestamp format)
15974,ATT000891,"arrival_time, departure_time",mixed_date_format,fix (parse into one timestamp format)
15976,ATT019353,disposition,inconsistent_text_format,"fix (trim spaces, standardise case)"
15977,ATT004007,disposition,missing_disposition,fill with 'Unknown'
15981,ATT005899,disposition,inconsistent_text_format,"fix (trim spaces, standardise case)"
15984,ATT014012,gp_practice_code,missing_gp_code,set to NULL and flag
15984,ATT014012,"arrival_time, departure_time",mixed_date_format,fix (parse into one timestamp format)
15986,ATT007617,"arrival_time, departure_time",mixed_date_format,fix (parse into one timestamp format)
15987,ATT013826,disposition,inconsistent_text_format,"fix (trim spaces, standardise case)"
15989,ATT013883,presenting_complaint,inconsistent_text_format,"fix (trim spaces, standardise case)"
15990,ATT000585,"arrival_time, departure_time",mixed_date_format,fix (parse into one timestamp format)
15991,ATT011461,disposition,inconsistent_text_format,"fix (trim spaces, standardise case)"
15992,ATT003933,"arrival_time, departure_time",mixed_date_format,fix (parse into one timestamp format)
15994,ATT001261,presenting_complaint,inconsistent_text_format,"fix (trim spaces, standardise case)"
15997,ATT014885,presenting_complaint,inconsistent_text_format,"fix (trim spaces, standardise case)"
15997,ATT014885,"arrival_time, departure_time",mixed_date_format,fix (parse into one timestamp format)
15998,ATT000311,disposition,inconsistent_text_format,"fix (trim spaces, standardise case)"
16001,ATT006010,gp_practice_code,missing_gp_code,set to NULL and flag
16004,ATT004669,gp_practice_code,gp_code_lowercase,fix (upper-case)
16004,ATT004669,"arrival_time, departure_time",mixed_date_format,fix (parse into one timestamp format)
16014,ATT018750,"arrival_time, departure_time",mixed_date_format,fix (parse into one timestamp format)
16017,ATT013160,gp_practice_code,missing_gp_code,set to NULL and flag
16018,ATT002774,triage_category,invalid_triage_code,reject
16021,ATT012949,"arrival_time, departure_time",mixed_date_format,fix (parse into one timestamp format)
16022,ATT008722,presenting_complaint,inconsistent_text_format,"fix (trim spaces, standardise case)"
16024,ATT001988,disposition,inconsistent_text_format,"fix (trim spaces, standardise case)"
16025,ATT017354,departure_time,departure_before_arrival,reject
16025,ATT017354,"arrival_time, departure_time",mixed_date_format,fix (parse into one timestamp format)
16026,ATT018100,triage_category,invalid_triage_code,reject
16029,ATT013163,"arrival_time, departure_time",mixed_date_format,fix (parse into one timestamp format)
16030,ATT002673,disposition,inconsistent_text_format,"fix (trim spaces, standardise case)"
16033,ATT009081,"arrival_time, departure_time",mixed_date_format,fix (parse into one timestamp format)
16035,ATT015125,"arrival_time, departure_time",mixed_date_format,fix (parse into one timestamp format)
16036,ATT007193,"arrival_time, departure_time",mixed_date_format,fix (parse into one timestamp format)
16038,ATT019017,triage_category,triage_decimal_format,fix (3.0 -> 3)
16040,ATT002926,"arrival_time, departure_time",mixed_date_format,fix (parse into one timestamp format)
16041,ATT000250,presenting_complaint,inconsistent_text_format,"fix (trim spaces, standardise case)"
16044,ATT005885,"arrival_time, departure_time",mixed_date_format,fix (parse into one timestamp format)
16049,ATT006590,(entire row),duplicate_row,remove (keep first)
16050,ATT013781,(entire row),duplicate_row,remove (keep first)
16053,ATT016731,"arrival_time, departure_time",mixed_date_format,fix (parse into one timestamp format)
16055,ATT013273,departure_time,missing_departure_time,reject
16055,ATT013273,"arrival_time, departure_time",mixed_date_format,fix (parse into one timestamp format)
16058,ATT016454,disposition,inconsistent_text_format,"fix (trim spaces, standardise case)"
16058,ATT016454,"arrival_time, departure_time",mixed_date_format,fix (parse into one timestamp format)
16059,ATT004766,"arrival_time, departure_time",mixed_date_format,fix (parse into one timestamp format)
16061,ATT003673,"arrival_time, departure_time",mixed_date_format,fix (parse into one timestamp format)
16064,ATT018254,(entire row),duplicate_row,remove (keep first)
16072,ATT017253,"arrival_time, departure_time",mixed_date_format,fix (parse into one timestamp format)
16075,ATT018916,"arrival_time, departure_time",mixed_date_format,fix (parse into one timestamp format)
16079,ATT012393,(entire row),duplicate_row,remove (keep first)
16080,ATT012748,arrival_time,future_dated_attendance,reject
16080,ATT012748,presenting_complaint,inconsistent_text_format,"fix (trim spaces, standardise case)"
16088,ATT009221,presenting_complaint,inconsistent_text_format,"fix (trim spaces, standardise case)"
16090,ATT019912,gp_practice_code,malformed_gp_code,set to NULL and flag
16094,ATT009108,gp_practice_code,malformed_gp_code,set to NULL and flag
16095,ATT009498,(entire row),duplicate_row,remove (keep first)
16095,ATT009498,disposition,inconsistent_text_format,"fix (trim spaces, standardise case)"
16097,ATT011242,departure_time,extreme_length_of_stay,reject
16097,ATT011242,"arrival_time, departure_time",mixed_date_format,fix (parse into one timestamp format)
16101,ATT001274,"arrival_time, departure_time",mixed_date_format,fix (parse into one timestamp format)
16101,ATT001274,triage_category,triage_decimal_format,fix (3.0 -> 3)
16102,ATT005699,"arrival_time, departure_time",mixed_date_format,fix (parse into one timestamp format)
16103,ATT015138,presenting_complaint,inconsistent_text_format,"fix (trim spaces, standardise case)"
16106,ATT010989,presenting_complaint,inconsistent_text_format,"fix (trim spaces, standardise case)"
16108,ATT009591,disposition,inconsistent_text_format,"fix (trim spaces, standardise case)"
16109,ATT006616,(entire row),duplicate_row,remove (keep first)
16110,ATT003359,presenting_complaint,inconsistent_text_format,"fix (trim spaces, standardise case)"
16112,ATT000184,presenting_complaint,inconsistent_text_format,"fix (trim spaces, standardise case)"
16113,ATT016396,presenting_complaint,inconsistent_text_format,"fix (trim spaces, standardise case)"
16113,ATT016396,"arrival_time, departure_time",mixed_date_format,fix (parse into one timestamp format)
16114,ATT012655,gp_practice_code,missing_gp_code,set to NULL and flag
16115,ATT017174,presenting_complaint,missing_presenting_complaint,fill with 'Unknown'
16116,ATT009115,"arrival_time, departure_time",mixed_date_format,fix (parse into one timestamp format)
16118,ATT004006,gp_practice_code,missing_gp_code,set to NULL and flag
16119,ATT015236,presenting_complaint,inconsistent_text_format,"fix (trim spaces, standardise case)"
16120,ATT006514,presenting_complaint,inconsistent_text_format,"fix (trim spaces, standardise case)"
16121,ATT016080,"arrival_time, departure_time",mixed_date_format,fix (parse into one timestamp format)
16123,ATT013256,"arrival_time, departure_time",mixed_date_format,fix (parse into one timestamp format)
16125,ATT010687,triage_category,invalid_triage_code,reject
16128,ATT019615,disposition,inconsistent_text_format,"fix (trim spaces, standardise case)"
16128,ATT019615,"arrival_time, departure_time",mixed_date_format,fix (parse into one timestamp format)
16129,ATT001962,gp_practice_code,malformed_gp_code,set to NULL and flag
16130,ATT004993,disposition,inconsistent_text_format,"fix (trim spaces, standardise case)"
16130,ATT004993,gp_practice_code,malformed_gp_code,set to NULL and flag
16140,ATT017704,presenting_complaint,inconsistent_text_format,"fix (trim spaces, standardise case)"
16141,ATT010940,presenting_complaint,inconsistent_text_format,"fix (trim spaces, standardise case)"
16143,ATT001252,"arrival_time, departure_time",mixed_date_format,fix (parse into one timestamp format)
16144,ATT003177,departure_time,missing_departure_time,reject
16144,ATT003177,"arrival_time, departure_time",mixed_date_format,fix (parse into one timestamp format)
16148,ATT016329,"arrival_time, departure_time",mixed_date_format,fix (parse into one timestamp format)
16149,ATT013581,triage_category,triage_decimal_format,fix (3.0 -> 3)
16150,ATT019790,"arrival_time, departure_time",mixed_date_format,fix (parse into one timestamp format)
16151,ATT018934,"arrival_time, departure_time",mixed_date_format,fix (parse into one timestamp format)
16161,ATT017757,"arrival_time, departure_time",mixed_date_format,fix (parse into one timestamp format)
16164,ATT012262,departure_time,extreme_length_of_stay,reject
16165,ATT014520,"arrival_time, departure_time",mixed_date_format,fix (parse into one timestamp format)
16168,ATT008465,presenting_complaint,inconsistent_text_format,"fix (trim spaces, standardise case)"
16169,ATT010235,departure_time,missing_departure_time,reject
16172,ATT001875,presenting_complaint,inconsistent_text_format,"fix (trim spaces, standardise case)"
16174,ATT009279,departure_time,missing_departure_time,reject
16178,ATT009009,presenting_complaint,inconsistent_text_format,"fix (trim spaces, standardise case)"
16180,ATT010379,presenting_complaint,inconsistent_text_format,"fix (trim spaces, standardise case)"
16183,ATT014782,(entire row),duplicate_row,remove (keep first)
16184,ATT009449,"arrival_time, departure_time",mixed_date_format,fix (parse into one timestamp format)
16186,ATT018383,arrival_time,missing_arrival_time,reject
16187,ATT016765,presenting_complaint,inconsistent_text_format,"fix (trim spaces, standardise case)"
16188,ATT000192,disposition,inconsistent_text_format,"fix (trim spaces, standardise case)"
16188,ATT000192,"arrival_time, departure_time",mixed_date_format,fix (parse into one timestamp format)
16191,ATT012902,"arrival_time, departure_time",mixed_date_format,fix (parse into one timestamp format)
16192,ATT013234,"arrival_time, departure_time",mixed_date_format,fix (parse into one timestamp format)
16198,ATT003925,presenting_complaint,inconsistent_text_format,"fix (trim spaces, standardise case)"
16200,ATT019839,triage_category,triage_decimal_format,fix (3.0 -> 3)
16201,ATT019050,disposition,inconsistent_text_format,"fix (trim spaces, standardise case)"
16203,ATT016224,gp_practice_code,gp_code_lowercase,fix (upper-case)
16206,ATT007851,presenting_complaint,missing_presenting_complaint,fill with 'Unknown'
16209,ATT018342,presenting_complaint,missing_presenting_complaint,fill with 'Unknown'
16209,ATT018342,"arrival_time, departure_time",mixed_date_format,fix (parse into one timestamp format)
16215,ATT013580,disposition,inconsistent_text_format,"fix (trim spaces, standardise case)"
16218,ATT019922,"arrival_time, departure_time",mixed_date_format,fix (parse into one timestamp format)
16219,ATT011144,presenting_complaint,inconsistent_text_format,"fix (trim spaces, standardise case)"
16219,ATT011144,disposition,inconsistent_text_format,"fix (trim spaces, standardise case)"
16220,ATT005049,presenting_complaint,inconsistent_text_format,"fix (trim spaces, standardise case)"
16221,ATT016382,(entire row),duplicate_row,remove (keep first)
16222,ATT007118,disposition,inconsistent_text_format,"fix (trim spaces, standardise case)"
16223,ATT003309,gp_practice_code,malformed_gp_code,set to NULL and flag
16225,ATT014476,arrival_time,future_dated_attendance,reject
16233,ATT009260,departure_time,missing_departure_time,reject
16236,ATT001718,presenting_complaint,inconsistent_text_format,"fix (trim spaces, standardise case)"
16239,ATT001849,disposition,inconsistent_text_format,"fix (trim spaces, standardise case)"
16241,ATT017585,disposition,inconsistent_text_format,"fix (trim spaces, standardise case)"
16244,ATT016513,"arrival_time, departure_time",mixed_date_format,fix (parse into one timestamp format)
16247,ATT003436,"arrival_time, departure_time",mixed_date_format,fix (parse into one timestamp format)
16249,ATT015540,"arrival_time, departure_time",mixed_date_format,fix (parse into one timestamp format)
16253,ATT017737,disposition,inconsistent_text_format,"fix (trim spaces, standardise case)"
16255,ATT006993,disposition,inconsistent_text_format,"fix (trim spaces, standardise case)"
16257,ATT001648,triage_category,invalid_triage_code,reject
16259,ATT014942,departure_time,missing_departure_time,reject
16261,ATT013483,disposition,inconsistent_text_format,"fix (trim spaces, standardise case)"
16261,ATT013483,"arrival_time, departure_time",mixed_date_format,fix (parse into one timestamp format)
16262,ATT017411,presenting_complaint,inconsistent_text_format,"fix (trim spaces, standardise case)"
16262,ATT017411,"arrival_time, departure_time",mixed_date_format,fix (parse into one timestamp format)
16264,ATT001118,presenting_complaint,inconsistent_text_format,"fix (trim spaces, standardise case)"
16266,ATT001757,presenting_complaint,inconsistent_text_format,"fix (trim spaces, standardise case)"
16266,ATT001757,disposition,inconsistent_text_format,"fix (trim spaces, standardise case)"
16268,ATT006752,(entire row),duplicate_row,remove (keep first)
16269,ATT012301,"arrival_time, departure_time",mixed_date_format,fix (parse into one timestamp format)
16270,ATT000871,disposition,inconsistent_text_format,"fix (trim spaces, standardise case)"
16273,ATT007679,"arrival_time, departure_time",mixed_date_format,fix (parse into one timestamp format)
16278,ATT019956,"arrival_time, departure_time",mixed_date_format,fix (parse into one timestamp format)
16286,ATT010939,gp_practice_code,gp_code_lowercase,fix (upper-case)
16286,ATT010939,disposition,missing_disposition,fill with 'Unknown'
16287,ATT016877,(entire row),duplicate_row,remove (keep first)
16288,ATT016945,disposition,inconsistent_text_format,"fix (trim spaces, standardise case)"
16291,ATT019287,"arrival_time, departure_time",mixed_date_format,fix (parse into one timestamp format)
16292,ATT016859,arrival_time,future_dated_attendance,reject
16293,ATT017638,"arrival_time, departure_time",mixed_date_format,fix (parse into one timestamp format)
16294,ATT004205,disposition,inconsistent_text_format,"fix (trim spaces, standardise case)"
16294,ATT004205,gp_practice_code,missing_gp_code,set to NULL and flag
16295,ATT005851,disposition,inconsistent_text_format,"fix (trim spaces, standardise case)"
16296,ATT006130,"arrival_time, departure_time",mixed_date_format,fix (parse into one timestamp format)
16300,ATT015633,gp_practice_code,missing_gp_code,set to NULL and flag
16302,ATT000911,departure_time,extreme_length_of_stay,reject
16305,ATT002980,"arrival_time, departure_time",mixed_date_format,fix (parse into one timestamp format)
16310,ATT018676,"arrival_time, departure_time",mixed_date_format,fix (parse into one timestamp format)
16312,ATT015986,disposition,inconsistent_text_format,"fix (trim spaces, standardise case)"
16313,ATT002986,disposition,inconsistent_text_format,"fix (trim spaces, standardise case)"
16317,ATT006532,"arrival_time, departure_time",mixed_date_format,fix (parse into one timestamp format)
16321,ATT013908,presenting_complaint,inconsistent_text_format,"fix (trim spaces, standardise case)"
16321,ATT013908,"arrival_time, departure_time",mixed_date_format,fix (parse into one timestamp format)
16323,ATT004821,"arrival_time, departure_time",mixed_date_format,fix (parse into one timestamp format)
16333,ATT000349,presenting_complaint,inconsistent_text_format,"fix (trim spaces, standardise case)"
16336,ATT013489,presenting_complaint,inconsistent_text_format,"fix (trim spaces, standardise case)"
16340,ATT004483,disposition,inconsistent_text_format,"fix (trim spaces, standardise case)"
16341,ATT011146,disposition,inconsistent_text_format,"fix (trim spaces, standardise case)"
16342,ATT011875,presenting_complaint,inconsistent_text_format,"fix (trim spaces, standardise case)"
16347,ATT014142,"arrival_time, departure_time",mixed_date_format,fix (parse into one timestamp format)
16348,ATT008264,"arrival_time, departure_time",mixed_date_format,fix (parse into one timestamp format)
16351,ATT014758,"arrival_time, departure_time",mixed_date_format,fix (parse into one timestamp format)
16353,ATT014944,presenting_complaint,inconsistent_text_format,"fix (trim spaces, standardise case)"
16355,ATT017274,"arrival_time, departure_time",mixed_date_format,fix (parse into one timestamp format)
16356,ATT002786,gp_practice_code,gp_code_lowercase,fix (upper-case)
16359,ATT001667,disposition,inconsistent_text_format,"fix (trim spaces, standardise case)"
16362,ATT009950,"arrival_time, departure_time",mixed_date_format,fix (parse into one timestamp format)
16363,ATT000053,gp_practice_code,missing_gp_code,set to NULL and flag
16364,ATT008412,presenting_complaint,missing_presenting_complaint,fill with 'Unknown'
16365,ATT006264,"arrival_time, departure_time",mixed_date_format,fix (parse into one timestamp format)
16366,ATT001446,disposition,inconsistent_text_format,"fix (trim spaces, standardise case)"
16369,ATT003259,disposition,inconsistent_text_format,"fix (trim spaces, standardise case)"
16369,ATT003259,"arrival_time, departure_time",mixed_date_format,fix (parse into one timestamp format)
16375,ATT017567,disposition,inconsistent_text_format,"fix (trim spaces, standardise case)"
16377,ATT004406,presenting_complaint,inconsistent_text_format,"fix (trim spaces, standardise case)"
16380,ATT001882,presenting_complaint,missing_presenting_complaint,fill with 'Unknown'
16381,ATT014524,"arrival_time, departure_time",mixed_date_format,fix (parse into one timestamp format)
16382,ATT013305,presenting_complaint,inconsistent_text_format,"fix (trim spaces, standardise case)"
16382,ATT013305,"arrival_time, departure_time",mixed_date_format,fix (parse into one timestamp format)
16383,ATT013901,"arrival_time, departure_time",mixed_date_format,fix (parse into one timestamp format)
16388,ATT019976,departure_time,departure_before_arrival,reject
16388,ATT019976,disposition,inconsistent_text_format,"fix (trim spaces, standardise case)"
16389,ATT002536,"arrival_time, departure_time",mixed_date_format,fix (parse into one timestamp format)
16395,ATT005559,triage_category,triage_decimal_format,fix (3.0 -> 3)
16397,ATT017995,arrival_time,missing_arrival_time,reject
16399,ATT013953,(entire row),duplicate_row,remove (keep first)
16401,ATT000447,disposition,missing_disposition,fill with 'Unknown'
16401,ATT000447,"arrival_time, departure_time",mixed_date_format,fix (parse into one timestamp format)
16402,ATT019185,(entire row),duplicate_row,remove (keep first)
16404,ATT007125,presenting_complaint,inconsistent_text_format,"fix (trim spaces, standardise case)"
16405,ATT002441,gp_practice_code,missing_gp_code,set to NULL and flag
16406,ATT003104,presenting_complaint,inconsistent_text_format,"fix (trim spaces, standardise case)"
16406,ATT003104,"arrival_time, departure_time",mixed_date_format,fix (parse into one timestamp format)
16407,ATT011089,departure_time,departure_before_arrival,reject
16409,ATT006095,gp_practice_code,malformed_gp_code,set to NULL and flag
16411,ATT018282,departure_time,departure_before_arrival,reject
16411,ATT018282,"arrival_time, departure_time",mixed_date_format,fix (parse into one timestamp format)
16414,ATT005209,departure_time,departure_before_arrival,reject
16415,ATT008418,gp_practice_code,missing_gp_code,set to NULL and flag
16417,ATT004921,"arrival_time, departure_time",mixed_date_format,fix (parse into one timestamp format)
16419,ATT005463,presenting_complaint,inconsistent_text_format,"fix (trim spaces, standardise case)"
16419,ATT005463,disposition,inconsistent_text_format,"fix (trim spaces, standardise case)"
16422,ATT017767,presenting_complaint,inconsistent_text_format,"fix (trim spaces, standardise case)"
16422,ATT017767,"arrival_time, departure_time",mixed_date_format,fix (parse into one timestamp format)
16423,ATT001290,presenting_complaint,inconsistent_text_format,"fix (trim spaces, standardise case)"
16424,ATT012774,departure_time,missing_departure_time,reject
16428,ATT019905,disposition,inconsistent_text_format,"fix (trim spaces, standardise case)"
16430,ATT019403,disposition,inconsistent_text_format,"fix (trim spaces, standardise case)"
16430,ATT019403,"arrival_time, departure_time",mixed_date_format,fix (parse into one timestamp format)
16433,ATT015831,"arrival_time, departure_time",mixed_date_format,fix (parse into one timestamp format)
16443,ATT016352,presenting_complaint,inconsistent_text_format,"fix (trim spaces, standardise case)"
16447,ATT009276,gp_practice_code,missing_gp_code,set to NULL and flag
16448,ATT000862,presenting_complaint,inconsistent_text_format,"fix (trim spaces, standardise case)"
16448,ATT000862,disposition,inconsistent_text_format,"fix (trim spaces, standardise case)"
16448,ATT000862,gp_practice_code,malformed_gp_code,set to NULL and flag
16449,ATT013405,"arrival_time, departure_time",mixed_date_format,fix (parse into one timestamp format)
16455,ATT018233,presenting_complaint,inconsistent_text_format,"fix (trim spaces, standardise case)"
16457,ATT013194,"arrival_time, departure_time",mixed_date_format,fix (parse into one timestamp format)
16458,ATT002776,"arrival_time, departure_time",mixed_date_format,fix (parse into one timestamp format)
16464,ATT006954,presenting_complaint,inconsistent_text_format,"fix (trim spaces, standardise case)"
16469,ATT014716,"arrival_time, departure_time",mixed_date_format,fix (parse into one timestamp format)
16474,ATT006775,departure_time,departure_before_arrival,reject
16474,ATT006775,disposition,inconsistent_text_format,"fix (trim spaces, standardise case)"
16476,ATT010021,presenting_complaint,inconsistent_text_format,"fix (trim spaces, standardise case)"
16476,ATT010021,disposition,inconsistent_text_format,"fix (trim spaces, standardise case)"
16480,ATT013118,gp_practice_code,gp_code_lowercase,fix (upper-case)
16484,ATT012584,disposition,inconsistent_text_format,"fix (trim spaces, standardise case)"
16489,ATT005214,presenting_complaint,inconsistent_text_format,"fix (trim spaces, standardise case)"
16489,ATT005214,disposition,inconsistent_text_format,"fix (trim spaces, standardise case)"
16490,ATT003256,"arrival_time, departure_time",mixed_date_format,fix (parse into one timestamp format)
16493,ATT014502,presenting_complaint,inconsistent_text_format,"fix (trim spaces, standardise case)"
16493,ATT014502,disposition,inconsistent_text_format,"fix (trim spaces, standardise case)"
16493,ATT014502,triage_category,invalid_triage_code,reject
16496,ATT001320,"arrival_time, departure_time",mixed_date_format,fix (parse into one timestamp format)
16498,ATT007227,gp_practice_code,missing_gp_code,set to NULL and flag
16499,ATT016984,triage_category,triage_decimal_format,fix (3.0 -> 3)
16500,ATT012193,disposition,missing_disposition,fill with 'Unknown'
16502,ATT011668,arrival_time,missing_arrival_time,reject
16503,ATT012381,gp_practice_code,missing_gp_code,set to NULL and flag
16506,ATT006983,presenting_complaint,inconsistent_text_format,"fix (trim spaces, standardise case)"
16511,ATT003415,presenting_complaint,inconsistent_text_format,"fix (trim spaces, standardise case)"
16514,ATT007032,"arrival_time, departure_time",mixed_date_format,fix (parse into one timestamp format)
16516,ATT013879,presenting_complaint,inconsistent_text_format,"fix (trim spaces, standardise case)"
16516,ATT013879,disposition,inconsistent_text_format,"fix (trim spaces, standardise case)"
16517,ATT014027,presenting_complaint,inconsistent_text_format,"fix (trim spaces, standardise case)"
16517,ATT014027,triage_category,invalid_triage_code,reject
16518,ATT014233,"arrival_time, departure_time",mixed_date_format,fix (parse into one timestamp format)
16521,ATT017005,presenting_complaint,inconsistent_text_format,"fix (trim spaces, standardise case)"
16523,ATT017575,gp_practice_code,missing_gp_code,set to NULL and flag
16526,ATT006839,departure_time,missing_departure_time,reject
16527,ATT018956,departure_time,departure_before_arrival,reject
16530,ATT011095,gp_practice_code,gp_code_lowercase,fix (upper-case)
16530,ATT011095,presenting_complaint,inconsistent_text_format,"fix (trim spaces, standardise case)"
16530,ATT011095,triage_category,invalid_triage_code,reject
16530,ATT011095,"arrival_time, departure_time",mixed_date_format,fix (parse into one timestamp format)
16533,ATT007083,disposition,inconsistent_text_format,"fix (trim spaces, standardise case)"
16535,ATT003522,"arrival_time, departure_time",mixed_date_format,fix (parse into one timestamp format)
16536,ATT010923,disposition,inconsistent_text_format,"fix (trim spaces, standardise case)"
16538,ATT004479,"arrival_time, departure_time",mixed_date_format,fix (parse into one timestamp format)
16539,ATT005661,disposition,inconsistent_text_format,"fix (trim spaces, standardise case)"
16539,ATT005661,"arrival_time, departure_time",mixed_date_format,fix (parse into one timestamp format)
16542,ATT010777,disposition,inconsistent_text_format,"fix (trim spaces, standardise case)"
16543,ATT013520,gp_practice_code,gp_code_lowercase,fix (upper-case)
16544,ATT018222,(entire row),duplicate_row,remove (keep first)
16545,ATT003840,"arrival_time, departure_time",mixed_date_format,fix (parse into one timestamp format)
16547,ATT008306,disposition,inconsistent_text_format,"fix (trim spaces, standardise case)"
16548,ATT000920,"arrival_time, departure_time",mixed_date_format,fix (parse into one timestamp format)
16549,ATT010702,disposition,inconsistent_text_format,"fix (trim spaces, standardise case)"
16549,ATT010702,departure_time,missing_departure_time,reject
16549,ATT010702,"arrival_time, departure_time",mixed_date_format,fix (parse into one timestamp format)
16550,ATT000166,disposition,inconsistent_text_format,"fix (trim spaces, standardise case)"
16550,ATT000166,gp_practice_code,missing_gp_code,set to NULL and flag
16551,ATT018167,"arrival_time, departure_time",mixed_date_format,fix (parse into one timestamp format)
16554,ATT014335,"arrival_time, departure_time",mixed_date_format,fix (parse into one timestamp format)
16556,ATT014283,disposition,inconsistent_text_format,"fix (trim spaces, standardise case)"
16557,ATT004595,disposition,inconsistent_text_format,"fix (trim spaces, standardise case)"
16557,ATT004595,presenting_complaint,missing_presenting_complaint,fill with 'Unknown'
16557,ATT004595,"arrival_time, departure_time",mixed_date_format,fix (parse into one timestamp format)
16559,ATT013300,disposition,inconsistent_text_format,"fix (trim spaces, standardise case)"
16560,ATT002851,gp_practice_code,missing_gp_code,set to NULL and flag
16560,ATT002851,"arrival_time, departure_time",mixed_date_format,fix (parse into one timestamp format)
16562,ATT002346,(entire row),duplicate_row,remove (keep first)
16562,ATT002346,"arrival_time, departure_time",mixed_date_format,fix (parse into one timestamp format)
16574,ATT015624,gp_practice_code,malformed_gp_code,set to NULL and flag
16576,ATT012392,presenting_complaint,inconsistent_text_format,"fix (trim spaces, standardise case)"
16577,ATT012743,"arrival_time, departure_time",mixed_date_format,fix (parse into one timestamp format)
16584,ATT018292,presenting_complaint,inconsistent_text_format,"fix (trim spaces, standardise case)"
16584,ATT018292,"arrival_time, departure_time",mixed_date_format,fix (parse into one timestamp format)
16585,ATT009733,disposition,inconsistent_text_format,"fix (trim spaces, standardise case)"
16588,ATT015229,triage_category,invalid_triage_code,reject
16594,ATT000204,disposition,inconsistent_text_format,"fix (trim spaces, standardise case)"
16595,ATT018229,presenting_complaint,inconsistent_text_format,"fix (trim spaces, standardise case)"
16597,ATT004934,"arrival_time, departure_time",mixed_date_format,fix (parse into one timestamp format)
16599,ATT005392,(entire row),duplicate_row,remove (keep first)
16600,ATT001231,departure_time,missing_departure_time,reject
16601,ATT015797,disposition,inconsistent_text_format,"fix (trim spaces, standardise case)"
16601,ATT015797,"arrival_time, departure_time",mixed_date_format,fix (parse into one timestamp format)
16602,ATT007958,presenting_complaint,inconsistent_text_format,"fix (trim spaces, standardise case)"
16603,ATT019435,disposition,inconsistent_text_format,"fix (trim spaces, standardise case)"
16607,ATT015021,triage_category,invalid_triage_code,reject
16608,ATT013441,gp_practice_code,missing_gp_code,set to NULL and flag
16610,ATT004335,gp_practice_code,missing_gp_code,set to NULL and flag
16612,ATT019867,presenting_complaint,inconsistent_text_format,"fix (trim spaces, standardise case)"
16613,ATT013681,presenting_complaint,inconsistent_text_format,"fix (trim spaces, standardise case)"
16617,ATT000858,"arrival_time, departure_time",mixed_date_format,fix (parse into one timestamp format)
16618,ATT006540,(entire row),duplicate_row,remove (keep first)
16619,ATT016827,"arrival_time, departure_time",mixed_date_format,fix (parse into one timestamp format)
16620,ATT012683,disposition,inconsistent_text_format,"fix (trim spaces, standardise case)"
16620,ATT012683,"arrival_time, departure_time",mixed_date_format,fix (parse into one timestamp format)
16622,ATT008842,arrival_time,missing_arrival_time,reject
16622,ATT008842,"arrival_time, departure_time",mixed_date_format,fix (parse into one timestamp format)
16623,ATT006860,"arrival_time, departure_time",mixed_date_format,fix (parse into one timestamp format)
16623,ATT006860,triage_category,triage_decimal_format,fix (3.0 -> 3)
16624,ATT010974,"arrival_time, departure_time",mixed_date_format,fix (parse into one timestamp format)
16626,ATT010626,"arrival_time, departure_time",mixed_date_format,fix (parse into one timestamp format)
16631,ATT006411,"arrival_time, departure_time",mixed_date_format,fix (parse into one timestamp format)
16634,ATT000490,"arrival_time, departure_time",mixed_date_format,fix (parse into one timestamp format)
16638,ATT018659,(entire row),duplicate_row,remove (keep first)
16641,ATT002973,presenting_complaint,inconsistent_text_format,"fix (trim spaces, standardise case)"
16641,ATT002973,"arrival_time, departure_time",mixed_date_format,fix (parse into one timestamp format)
16645,ATT002619,triage_category,invalid_triage_code,reject
16645,ATT002619,"arrival_time, departure_time",mixed_date_format,fix (parse into one timestamp format)
16647,ATT011619,gp_practice_code,missing_gp_code,set to NULL and flag
16653,ATT019699,(entire row),duplicate_row,remove (keep first)
16656,ATT011768,presenting_complaint,inconsistent_text_format,"fix (trim spaces, standardise case)"
16663,ATT000898,"arrival_time, departure_time",mixed_date_format,fix (parse into one timestamp format)
16663,ATT000898,triage_category,triage_decimal_format,fix (3.0 -> 3)
16664,ATT003307,triage_category,triage_decimal_format,fix (3.0 -> 3)
16666,ATT010859,gp_practice_code,missing_gp_code,set to NULL and flag
16667,ATT002891,triage_category,triage_decimal_format,fix (3.0 -> 3)
16668,ATT014395,departure_time,missing_departure_time,reject
16669,ATT019853,"arrival_time, departure_time",mixed_date_format,fix (parse into one timestamp format)
16671,ATT014006,gp_practice_code,missing_gp_code,set to NULL and flag
16671,ATT014006,"arrival_time, departure_time",mixed_date_format,fix (parse into one timestamp format)
16672,ATT016387,gp_practice_code,gp_code_lowercase,fix (upper-case)
16673,ATT014163,departure_time,missing_departure_time,reject
16679,ATT015170,presenting_complaint,inconsistent_text_format,"fix (trim spaces, standardise case)"
16680,ATT004178,disposition,inconsistent_text_format,"fix (trim spaces, standardise case)"
16680,ATT004178,"arrival_time, departure_time",mixed_date_format,fix (parse into one timestamp format)
16681,ATT018793,presenting_complaint,inconsistent_text_format,"fix (trim spaces, standardise case)"
16681,ATT018793,disposition,inconsistent_text_format,"fix (trim spaces, standardise case)"
16681,ATT018793,"arrival_time, departure_time",mixed_date_format,fix (parse into one timestamp format)
16682,ATT014007,(entire row),duplicate_row,remove (keep first)
16683,ATT011065,presenting_complaint,missing_presenting_complaint,fill with 'Unknown'
16684,ATT010532,disposition,inconsistent_text_format,"fix (trim spaces, standardise case)"
16686,ATT011467,(entire row),duplicate_row,remove (keep first)
16689,ATT012000,disposition,inconsistent_text_format,"fix (trim spaces, standardise case)"
16692,ATT009448,presenting_complaint,inconsistent_text_format,"fix (trim spaces, standardise case)"
16692,ATT009448,arrival_time,missing_arrival_time,reject
16692,ATT009448,"arrival_time, departure_time",mixed_date_format,fix (parse into one timestamp format)
16693,ATT002105,presenting_complaint,inconsistent_text_format,"fix (trim spaces, standardise case)"
16700,ATT004435,disposition,inconsistent_text_format,"fix (trim spaces, standardise case)"
16701,ATT011677,pseudo_patient_id,missing_patient_id,reject
16709,ATT019798,departure_time,departure_before_arrival,reject
16714,ATT015130,"arrival_time, departure_time",mixed_date_format,fix (parse into one timestamp format)
16718,ATT006315,(entire row),duplicate_row,remove (keep first)
16718,ATT006315,disposition,inconsistent_text_format,"fix (trim spaces, standardise case)"
16721,ATT000193,disposition,missing_disposition,fill with 'Unknown'
16721,ATT000193,"arrival_time, departure_time",mixed_date_format,fix (parse into one timestamp format)
16724,ATT019600,presenting_complaint,inconsistent_text_format,"fix (trim spaces, standardise case)"
16724,ATT019600,"arrival_time, departure_time",mixed_date_format,fix (parse into one timestamp format)
16725,ATT015811,"arrival_time, departure_time",mixed_date_format,fix (parse into one timestamp format)
16726,ATT006161,(entire row),duplicate_row,remove (keep first)
16727,ATT015642,triage_category,triage_decimal_format,fix (3.0 -> 3)
16728,ATT004391,presenting_complaint,inconsistent_text_format,"fix (trim spaces, standardise case)"
16729,ATT011165,presenting_complaint,inconsistent_text_format,"fix (trim spaces, standardise case)"
16733,ATT018191,presenting_complaint,inconsistent_text_format,"fix (trim spaces, standardise case)"
16735,ATT012208,disposition,inconsistent_text_format,"fix (trim spaces, standardise case)"
16735,ATT012208,"arrival_time, departure_time",mixed_date_format,fix (parse into one timestamp format)
16736,ATT019640,gp_practice_code,malformed_gp_code,set to NULL and flag
16738,ATT016903,presenting_complaint,inconsistent_text_format,"fix (trim spaces, standardise case)"
16739,ATT004237,presenting_complaint,inconsistent_text_format,"fix (trim spaces, standardise case)"
16739,ATT004237,disposition,inconsistent_text_format,"fix (trim spaces, standardise case)"
16741,ATT017352,presenting_complaint,inconsistent_text_format,"fix (trim spaces, standardise case)"
16744,ATT014666,disposition,inconsistent_text_format,"fix (trim spaces, standardise case)"
16745,ATT002243,presenting_complaint,inconsistent_text_format,"fix (trim spaces, standardise case)"
16747,ATT003553,disposition,inconsistent_text_format,"fix (trim spaces, standardise case)"
16747,ATT003553,presenting_complaint,missing_presenting_complaint,fill with 'Unknown'
16748,ATT019310,presenting_complaint,inconsistent_text_format,"fix (trim spaces, standardise case)"
16752,ATT004508,departure_time,departure_before_arrival,reject
16754,ATT012175,presenting_complaint,inconsistent_text_format,"fix (trim spaces, standardise case)"
16754,ATT012175,"arrival_time, departure_time",mixed_date_format,fix (parse into one timestamp format)
16756,ATT016531,disposition,inconsistent_text_format,"fix (trim spaces, standardise case)"
16757,ATT015094,presenting_complaint,inconsistent_text_format,"fix (trim spaces, standardise case)"
16758,ATT017519,presenting_complaint,missing_presenting_complaint,fill with 'Unknown'
16760,ATT011804,disposition,inconsistent_text_format,"fix (trim spaces, standardise case)"
16761,ATT010418,(entire row),duplicate_row,remove (keep first)
16761,ATT010418,triage_category,triage_decimal_format,fix (3.0 -> 3)
16762,ATT018753,presenting_complaint,inconsistent_text_format,"fix (trim spaces, standardise case)"
16763,ATT014319,departure_time,departure_before_arrival,reject
16763,ATT014319,"arrival_time, departure_time",mixed_date_format,fix (parse into one timestamp format)
16764,ATT017307,disposition,inconsistent_text_format,"fix (trim spaces, standardise case)"
16768,ATT008913,"arrival_time, departure_time",mixed_date_format,fix (parse into one timestamp format)
16769,ATT013046,"arrival_time, departure_time",mixed_date_format,fix (parse into one timestamp format)
16772,ATT011282,gp_practice_code,missing_gp_code,set to NULL and flag
16774,ATT019533,presenting_complaint,inconsistent_text_format,"fix (trim spaces, standardise case)"
16774,ATT019533,disposition,inconsistent_text_format,"fix (trim spaces, standardise case)"
16778,ATT011822,disposition,inconsistent_text_format,"fix (trim spaces, standardise case)"
16779,ATT002701,"arrival_time, departure_time",mixed_date_format,fix (parse into one timestamp format)
16783,ATT018959,presenting_complaint,inconsistent_text_format,"fix (trim spaces, standardise case)"
16784,ATT016323,pseudo_patient_id,missing_patient_id,reject
16785,ATT006220,disposition,inconsistent_text_format,"fix (trim spaces, standardise case)"
16786,ATT017287,"arrival_time, departure_time",mixed_date_format,fix (parse into one timestamp format)
16787,ATT000087,"arrival_time, departure_time",mixed_date_format,fix (parse into one timestamp format)
16789,ATT007703,(entire row),duplicate_row,remove (keep first)
16793,ATT011088,"arrival_time, departure_time",mixed_date_format,fix (parse into one timestamp format)
16796,ATT006122,disposition,inconsistent_text_format,"fix (trim spaces, standardise case)"
16799,ATT017918,gp_practice_code,malformed_gp_code,set to NULL and flag
16799,ATT017918,"arrival_time, departure_time",mixed_date_format,fix (parse into one timestamp format)
16800,ATT014126,"arrival_time, departure_time",mixed_date_format,fix (parse into one timestamp format)
16801,ATT013623,disposition,inconsistent_text_format,"fix (trim spaces, standardise case)"
16802,ATT006297,presenting_complaint,inconsistent_text_format,"fix (trim spaces, standardise case)"
16806,ATT003607,gp_practice_code,missing_gp_code,set to NULL and flag
16806,ATT003607,triage_category,triage_decimal_format,fix (3.0 -> 3)
16808,ATT011708,disposition,missing_disposition,fill with 'Unknown'
16809,ATT002188,"arrival_time, departure_time",mixed_date_format,fix (parse into one timestamp format)
16810,ATT000196,"arrival_time, departure_time",mixed_date_format,fix (parse into one timestamp format)
16811,ATT012357,presenting_complaint,inconsistent_text_format,"fix (trim spaces, standardise case)"
16811,ATT012357,"arrival_time, departure_time",mixed_date_format,fix (parse into one timestamp format)
16812,ATT015955,presenting_complaint,inconsistent_text_format,"fix (trim spaces, standardise case)"
16815,ATT016626,presenting_complaint,inconsistent_text_format,"fix (trim spaces, standardise case)"
16815,ATT016626,"arrival_time, departure_time",mixed_date_format,fix (parse into one timestamp format)
16815,ATT016626,triage_category,triage_decimal_format,fix (3.0 -> 3)
16817,ATT002762,presenting_complaint,missing_presenting_complaint,fill with 'Unknown'
16819,ATT005104,departure_time,missing_departure_time,reject
16820,ATT013653,presenting_complaint,inconsistent_text_format,"fix (trim spaces, standardise case)"
16820,ATT013653,"arrival_time, departure_time",mixed_date_format,fix (parse into one timestamp format)
16823,ATT011174,"arrival_time, departure_time",mixed_date_format,fix (parse into one timestamp format)
16825,ATT003075,"arrival_time, departure_time",mixed_date_format,fix (parse into one timestamp format)
16826,ATT007297,triage_category,invalid_triage_code,reject
16827,ATT003279,presenting_complaint,inconsistent_text_format,"fix (trim spaces, standardise case)"
16829,ATT017220,gp_practice_code,missing_gp_code,set to NULL and flag
16829,ATT017220,"arrival_time, departure_time",mixed_date_format,fix (parse into one timestamp format)
16830,ATT008327,gp_practice_code,missing_gp_code,set to NULL and flag
16835,ATT007830,"arrival_time, departure_time",mixed_date_format,fix (parse into one timestamp format)
16836,ATT016447,"arrival_time, departure_time",mixed_date_format,fix (parse into one timestamp format)
16837,ATT007698,disposition,inconsistent_text_format,"fix (trim spaces, standardise case)"
16837,ATT007698,gp_practice_code,missing_gp_code,set to NULL and flag
16841,ATT010660,departure_time,missing_departure_time,reject
16844,ATT017578,disposition,inconsistent_text_format,"fix (trim spaces, standardise case)"
16850,ATT008025,presenting_complaint,missing_presenting_complaint,fill with 'Unknown'
16856,ATT000870,"arrival_time, departure_time",mixed_date_format,fix (parse into one timestamp format)
16857,ATT001994,"arrival_time, departure_time",mixed_date_format,fix (parse into one timestamp format)
16858,ATT010627,presenting_complaint,inconsistent_text_format,"fix (trim spaces, standardise case)"
16858,ATT010627,"arrival_time, departure_time",mixed_date_format,fix (parse into one timestamp format)
16859,ATT011950,"arrival_time, departure_time",mixed_date_format,fix (parse into one timestamp format)
16860,ATT014840,"arrival_time, departure_time",mixed_date_format,fix (parse into one timestamp format)
16863,ATT007611,presenting_complaint,inconsistent_text_format,"fix (trim spaces, standardise case)"
16865,ATT004371,"arrival_time, departure_time",mixed_date_format,fix (parse into one timestamp format)
16867,ATT001630,"arrival_time, departure_time",mixed_date_format,fix (parse into one timestamp format)
16879,ATT010279,"arrival_time, departure_time",mixed_date_format,fix (parse into one timestamp format)
16884,ATT004139,"arrival_time, departure_time",mixed_date_format,fix (parse into one timestamp format)
16885,ATT012049,gp_practice_code,gp_code_lowercase,fix (upper-case)
16887,ATT002963,presenting_complaint,inconsistent_text_format,"fix (trim spaces, standardise case)"
16889,ATT018888,(entire row),duplicate_row,remove (keep first)
16889,ATT018888,presenting_complaint,inconsistent_text_format,"fix (trim spaces, standardise case)"
16891,ATT019505,"arrival_time, departure_time",mixed_date_format,fix (parse into one timestamp format)
16896,ATT008368,gp_practice_code,missing_gp_code,set to NULL and flag
16896,ATT008368,"arrival_time, departure_time",mixed_date_format,fix (parse into one timestamp format)
16898,ATT002094,presenting_complaint,missing_presenting_complaint,fill with 'Unknown'
16903,ATT001921,disposition,inconsistent_text_format,"fix (trim spaces, standardise case)"
16905,ATT013319,disposition,inconsistent_text_format,"fix (trim spaces, standardise case)"
16909,ATT001814,(entire row),duplicate_row,remove (keep first)
16911,ATT015227,"arrival_time, departure_time",mixed_date_format,fix (parse into one timestamp format)
16912,ATT002995,presenting_complaint,inconsistent_text_format,"fix (trim spaces, standardise case)"
16913,ATT019333,gp_practice_code,missing_gp_code,set to NULL and flag
16914,ATT015675,presenting_complaint,inconsistent_text_format,"fix (trim spaces, standardise case)"
16915,ATT015439,presenting_complaint,missing_presenting_complaint,fill with 'Unknown'
16916,ATT018730,disposition,inconsistent_text_format,"fix (trim spaces, standardise case)"
16919,ATT009281,"arrival_time, departure_time",mixed_date_format,fix (parse into one timestamp format)
16920,ATT018043,"arrival_time, departure_time",mixed_date_format,fix (parse into one timestamp format)
16921,ATT004196,(entire row),duplicate_row,remove (keep first)
16925,ATT003850,"arrival_time, departure_time",mixed_date_format,fix (parse into one timestamp format)
16926,ATT016632,(entire row),duplicate_row,remove (keep first)
16929,ATT015254,disposition,inconsistent_text_format,"fix (trim spaces, standardise case)"
16930,ATT016194,departure_time,departure_before_arrival,reject
16936,ATT004118,departure_time,missing_departure_time,reject
16938,ATT005756,presenting_complaint,inconsistent_text_format,"fix (trim spaces, standardise case)"
16939,ATT005634,"arrival_time, departure_time",mixed_date_format,fix (parse into one timestamp format)
16940,ATT008400,arrival_time,missing_arrival_time,reject
16940,ATT008400,"arrival_time, departure_time",mixed_date_format,fix (parse into one timestamp format)
16945,ATT011738,presenting_complaint,inconsistent_text_format,"fix (trim spaces, standardise case)"
16946,ATT015442,departure_time,departure_before_arrival,reject
16946,ATT015442,"arrival_time, departure_time",mixed_date_format,fix (parse into one timestamp format)
16949,ATT016902,"arrival_time, departure_time",mixed_date_format,fix (parse into one timestamp format)
16950,ATT010562,presenting_complaint,inconsistent_text_format,"fix (trim spaces, standardise case)"
16950,ATT010562,"arrival_time, departure_time",mixed_date_format,fix (parse into one timestamp format)
16957,ATT012503,gp_practice_code,malformed_gp_code,set to NULL and flag
16958,ATT015951,disposition,inconsistent_text_format,"fix (trim spaces, standardise case)"
16960,ATT017673,"arrival_time, departure_time",mixed_date_format,fix (parse into one timestamp format)
16962,ATT006433,"arrival_time, departure_time",mixed_date_format,fix (parse into one timestamp format)
16963,ATT007847,gp_practice_code,malformed_gp_code,set to NULL and flag
16966,ATT016434,"arrival_time, departure_time",mixed_date_format,fix (parse into one timestamp format)
16967,ATT000888,presenting_complaint,inconsistent_text_format,"fix (trim spaces, standardise case)"
16968,ATT006262,presenting_complaint,missing_presenting_complaint,fill with 'Unknown'
16970,ATT006044,"arrival_time, departure_time",mixed_date_format,fix (parse into one timestamp format)
16971,ATT010809,"arrival_time, departure_time",mixed_date_format,fix (parse into one timestamp format)
16976,ATT008161,disposition,inconsistent_text_format,"fix (trim spaces, standardise case)"
16977,ATT019018,gp_practice_code,malformed_gp_code,set to NULL and flag
16978,ATT016200,presenting_complaint,inconsistent_text_format,"fix (trim spaces, standardise case)"
16979,ATT004560,presenting_complaint,inconsistent_text_format,"fix (trim spaces, standardise case)"
16979,ATT004560,departure_time,missing_departure_time,reject
16981,ATT011443,departure_time,missing_departure_time,reject
16984,ATT008567,disposition,inconsistent_text_format,"fix (trim spaces, standardise case)"
16985,ATT016312,gp_practice_code,missing_gp_code,set to NULL and flag
16994,ATT001856,presenting_complaint,inconsistent_text_format,"fix (trim spaces, standardise case)"
16994,ATT001856,disposition,inconsistent_text_format,"fix (trim spaces, standardise case)"
16998,ATT000390,presenting_complaint,inconsistent_text_format,"fix (trim spaces, standardise case)"
16998,ATT000390,disposition,inconsistent_text_format,"fix (trim spaces, standardise case)"
16999,ATT011600,disposition,inconsistent_text_format,"fix (trim spaces, standardise case)"
16999,ATT011600,"arrival_time, departure_time",mixed_date_format,fix (parse into one timestamp format)
17000,ATT006427,departure_time,missing_departure_time,reject
17000,ATT006427,"arrival_time, departure_time",mixed_date_format,fix (parse into one timestamp format)
17002,ATT019498,disposition,inconsistent_text_format,"fix (trim spaces, standardise case)"
17004,ATT004998,presenting_complaint,inconsistent_text_format,"fix (trim spaces, standardise case)"
17005,ATT014212,departure_time,departure_before_arrival,reject
17005,ATT014212,disposition,inconsistent_text_format,"fix (trim spaces, standardise case)"
17005,ATT014212,"arrival_time, departure_time",mixed_date_format,fix (parse into one timestamp format)
17010,ATT004174,departure_time,extreme_length_of_stay,reject
17011,ATT001480,(entire row),duplicate_row,remove (keep first)
17011,ATT001480,"arrival_time, departure_time",mixed_date_format,fix (parse into one timestamp format)
17013,ATT004947,disposition,inconsistent_text_format,"fix (trim spaces, standardise case)"
17014,ATT008561,presenting_complaint,inconsistent_text_format,"fix (trim spaces, standardise case)"
17015,ATT006034,"arrival_time, departure_time",mixed_date_format,fix (parse into one timestamp format)
17017,ATT001152,presenting_complaint,inconsistent_text_format,"fix (trim spaces, standardise case)"
17019,ATT009690,gp_practice_code,missing_gp_code,set to NULL and flag
17021,ATT019189,departure_time,departure_before_arrival,reject
17022,ATT004288,presenting_complaint,inconsistent_text_format,"fix (trim spaces, standardise case)"
17023,ATT002231,departure_time,missing_departure_time,reject
17023,ATT002231,"arrival_time, departure_time",mixed_date_format,fix (parse into one timestamp format)
17024,ATT000175,"arrival_time, departure_time",mixed_date_format,fix (parse into one timestamp format)
17026,ATT003409,presenting_complaint,inconsistent_text_format,"fix (trim spaces, standardise case)"
17026,ATT003409,"arrival_time, departure_time",mixed_date_format,fix (parse into one timestamp format)
17031,ATT004358,departure_time,missing_departure_time,reject
17031,ATT004358,"arrival_time, departure_time",mixed_date_format,fix (parse into one timestamp format)
17032,ATT000681,"arrival_time, departure_time",mixed_date_format,fix (parse into one timestamp format)
17033,ATT013051,"arrival_time, departure_time",mixed_date_format,fix (parse into one timestamp format)
17034,ATT003665,"arrival_time, departure_time",mixed_date_format,fix (parse into one timestamp format)
17036,ATT000167,presenting_complaint,inconsistent_text_format,"fix (trim spaces, standardise case)"
17036,ATT000167,gp_practice_code,missing_gp_code,set to NULL and flag
17038,ATT018567,presenting_complaint,inconsistent_text_format,"fix (trim spaces, standardise case)"
17038,ATT018567,"arrival_time, departure_time",mixed_date_format,fix (parse into one timestamp format)
17039,ATT001915,presenting_complaint,inconsistent_text_format,"fix (trim spaces, standardise case)"
17040,ATT007264,"arrival_time, departure_time",mixed_date_format,fix (parse into one timestamp format)
17043,ATT012068,disposition,inconsistent_text_format,"fix (trim spaces, standardise case)"
17044,ATT002611,"arrival_time, departure_time",mixed_date_format,fix (parse into one timestamp format)
17045,ATT009945,presenting_complaint,inconsistent_text_format,"fix (trim spaces, standardise case)"
17048,ATT011109,departure_time,missing_departure_time,reject
17049,ATT011157,triage_category,triage_decimal_format,fix (3.0 -> 3)
17052,ATT002833,gp_practice_code,malformed_gp_code,set to NULL and flag
17052,ATT002833,"arrival_time, departure_time",mixed_date_format,fix (parse into one timestamp format)
17053,ATT011565,(entire row),duplicate_row,remove (keep first)
17054,ATT017159,"arrival_time, departure_time",mixed_date_format,fix (parse into one timestamp format)
17055,ATT003552,disposition,inconsistent_text_format,"fix (trim spaces, standardise case)"
17057,ATT018868,disposition,inconsistent_text_format,"fix (trim spaces, standardise case)"
17058,ATT012542,presenting_complaint,inconsistent_text_format,"fix (trim spaces, standardise case)"
17059,ATT004539,disposition,inconsistent_text_format,"fix (trim spaces, standardise case)"
17060,ATT014368,disposition,inconsistent_text_format,"fix (trim spaces, standardise case)"
17060,ATT014368,"arrival_time, departure_time",mixed_date_format,fix (parse into one timestamp format)
17064,ATT017727,"arrival_time, departure_time",mixed_date_format,fix (parse into one timestamp format)
17066,ATT000408,(entire row),duplicate_row,remove (keep first)
17066,ATT000408,presenting_complaint,inconsistent_text_format,"fix (trim spaces, standardise case)"
17067,ATT005142,"arrival_time, departure_time",mixed_date_format,fix (parse into one timestamp format)
17068,ATT011815,disposition,inconsistent_text_format,"fix (trim spaces, standardise case)"
17070,ATT003451,presenting_complaint,inconsistent_text_format,"fix (trim spaces, standardise case)"
17070,ATT003451,disposition,inconsistent_text_format,"fix (trim spaces, standardise case)"
17078,ATT005811,disposition,inconsistent_text_format,"fix (trim spaces, standardise case)"
17081,ATT013927,disposition,inconsistent_text_format,"fix (trim spaces, standardise case)"
17083,ATT001381,gp_practice_code,missing_gp_code,set to NULL and flag
17089,ATT004959,disposition,inconsistent_text_format,"fix (trim spaces, standardise case)"
17093,ATT007416,"arrival_time, departure_time",mixed_date_format,fix (parse into one timestamp format)
17094,ATT003253,arrival_time,missing_arrival_time,reject
17095,ATT019554,"arrival_time, departure_time",mixed_date_format,fix (parse into one timestamp format)
17100,ATT015524,"arrival_time, departure_time",mixed_date_format,fix (parse into one timestamp format)
17102,ATT012328,gp_practice_code,malformed_gp_code,set to NULL and flag
17103,ATT011547,"arrival_time, departure_time",mixed_date_format,fix (parse into one timestamp format)
17104,ATT015640,departure_time,missing_departure_time,reject
17105,ATT015043,disposition,inconsistent_text_format,"fix (trim spaces, standardise case)"
17107,ATT002469,disposition,inconsistent_text_format,"fix (trim spaces, standardise case)"
17108,ATT018220,presenting_complaint,missing_presenting_complaint,fill with 'Unknown'
17109,ATT016655,presenting_complaint,inconsistent_text_format,"fix (trim spaces, standardise case)"
17110,ATT011758,disposition,inconsistent_text_format,"fix (trim spaces, standardise case)"
17111,ATT013870,presenting_complaint,inconsistent_text_format,"fix (trim spaces, standardise case)"
17120,ATT018153,presenting_complaint,inconsistent_text_format,"fix (trim spaces, standardise case)"
17120,ATT018153,"arrival_time, departure_time",mixed_date_format,fix (parse into one timestamp format)
17121,ATT004558,disposition,inconsistent_text_format,"fix (trim spaces, standardise case)"
17123,ATT012840,arrival_time,missing_arrival_time,reject
17125,ATT008844,(entire row),duplicate_row,remove (keep first)
17126,ATT014535,"arrival_time, departure_time",mixed_date_format,fix (parse into one timestamp format)
17128,ATT001133,gp_practice_code,missing_gp_code,set to NULL and flag
17130,ATT010522,"arrival_time, departure_time",mixed_date_format,fix (parse into one timestamp format)
17133,ATT002872,triage_category,invalid_triage_code,reject
17133,ATT002872,"arrival_time, departure_time",mixed_date_format,fix (parse into one timestamp format)
17134,ATT012997,presenting_complaint,inconsistent_text_format,"fix (trim spaces, standardise case)"
17138,ATT014213,disposition,inconsistent_text_format,"fix (trim spaces, standardise case)"
17138,ATT014213,"arrival_time, departure_time",mixed_date_format,fix (parse into one timestamp format)
17142,ATT015418,"arrival_time, departure_time",mixed_date_format,fix (parse into one timestamp format)
17146,ATT004957,presenting_complaint,inconsistent_text_format,"fix (trim spaces, standardise case)"
17146,ATT004957,"arrival_time, departure_time",mixed_date_format,fix (parse into one timestamp format)
17148,ATT019788,(entire row),duplicate_row,remove (keep first)
17149,ATT003697,(entire row),duplicate_row,remove (keep first)
17149,ATT003697,"arrival_time, departure_time",mixed_date_format,fix (parse into one timestamp format)
17151,ATT017343,gp_practice_code,gp_code_lowercase,fix (upper-case)
17151,ATT017343,"arrival_time, departure_time",mixed_date_format,fix (parse into one timestamp format)
17154,ATT017254,gp_practice_code,missing_gp_code,set to NULL and flag
17161,ATT007619,disposition,inconsistent_text_format,"fix (trim spaces, standardise case)"
17162,ATT004445,gp_practice_code,malformed_gp_code,set to NULL and flag
17164,ATT015515,departure_time,missing_departure_time,reject
17164,ATT015515,"arrival_time, departure_time",mixed_date_format,fix (parse into one timestamp format)
17166,ATT018020,departure_time,extreme_length_of_stay,reject
17171,ATT015516,(entire row),duplicate_row,remove (keep first)
17171,ATT015516,presenting_complaint,inconsistent_text_format,"fix (trim spaces, standardise case)"
17173,ATT005801,(entire row),duplicate_row,remove (keep first)
17178,ATT012783,gp_practice_code,gp_code_lowercase,fix (upper-case)
17189,ATT017508,disposition,inconsistent_text_format,"fix (trim spaces, standardise case)"
17191,ATT019011,(entire row),duplicate_row,remove (keep first)
17191,ATT019011,disposition,inconsistent_text_format,"fix (trim spaces, standardise case)"
17193,ATT008549,presenting_complaint,inconsistent_text_format,"fix (trim spaces, standardise case)"
17194,ATT005452,gp_practice_code,malformed_gp_code,set to NULL and flag
17196,ATT015450,(entire row),duplicate_row,remove (keep first)
17196,ATT015450,presenting_complaint,inconsistent_text_format,"fix (trim spaces, standardise case)"
17197,ATT007867,disposition,inconsistent_text_format,"fix (trim spaces, standardise case)"
17198,ATT012868,"arrival_time, departure_time",mixed_date_format,fix (parse into one timestamp format)
17203,ATT009739,departure_time,missing_departure_time,reject
17208,ATT011692,arrival_time,future_dated_attendance,reject
17209,ATT018259,"arrival_time, departure_time",mixed_date_format,fix (parse into one timestamp format)
17211,ATT005638,disposition,missing_disposition,fill with 'Unknown'
17211,ATT005638,"arrival_time, departure_time",mixed_date_format,fix (parse into one timestamp format)
17215,ATT017555,presenting_complaint,inconsistent_text_format,"fix (trim spaces, standardise case)"
17215,ATT017555,"arrival_time, departure_time",mixed_date_format,fix (parse into one timestamp format)
17216,ATT019395,disposition,inconsistent_text_format,"fix (trim spaces, standardise case)"
17216,ATT019395,triage_category,invalid_triage_code,reject
17216,ATT019395,"arrival_time, departure_time",mixed_date_format,fix (parse into one timestamp format)
17218,ATT019751,(entire row),duplicate_row,remove (keep first)
17219,ATT001092,(entire row),duplicate_row,remove (keep first)
17221,ATT014351,departure_time,missing_departure_time,reject
17226,ATT014795,disposition,inconsistent_text_format,"fix (trim spaces, standardise case)"
17230,ATT009969,presenting_complaint,inconsistent_text_format,"fix (trim spaces, standardise case)"
17233,ATT014825,"arrival_time, departure_time",mixed_date_format,fix (parse into one timestamp format)
17237,ATT001073,disposition,inconsistent_text_format,"fix (trim spaces, standardise case)"
17239,ATT007007,disposition,inconsistent_text_format,"fix (trim spaces, standardise case)"
17240,ATT013380,gp_practice_code,gp_code_lowercase,fix (upper-case)
17242,ATT013706,"arrival_time, departure_time",mixed_date_format,fix (parse into one timestamp format)
17244,ATT000026,disposition,inconsistent_text_format,"fix (trim spaces, standardise case)"
17245,ATT019783,triage_category,triage_decimal_format,fix (3.0 -> 3)
17247,ATT007660,disposition,inconsistent_text_format,"fix (trim spaces, standardise case)"
17248,ATT013402,presenting_complaint,inconsistent_text_format,"fix (trim spaces, standardise case)"
17248,ATT013402,disposition,missing_disposition,fill with 'Unknown'
17250,ATT009745,disposition,inconsistent_text_format,"fix (trim spaces, standardise case)"
17251,ATT019569,"arrival_time, departure_time",mixed_date_format,fix (parse into one timestamp format)
17253,ATT012722,disposition,inconsistent_text_format,"fix (trim spaces, standardise case)"
17255,ATT010848,gp_practice_code,missing_gp_code,set to NULL and flag
17256,ATT011909,presenting_complaint,inconsistent_text_format,"fix (trim spaces, standardise case)"
17257,ATT000631,disposition,inconsistent_text_format,"fix (trim spaces, standardise case)"
17257,ATT000631,presenting_complaint,missing_presenting_complaint,fill with 'Unknown'
17257,ATT000631,"arrival_time, departure_time",mixed_date_format,fix (parse into one timestamp format)
17263,ATT001103,"arrival_time, departure_time",mixed_date_format,fix (parse into one timestamp format)
17265,ATT014480,(entire row),duplicate_row,remove (keep first)
17265,ATT014480,"arrival_time, departure_time",mixed_date_format,fix (parse into one timestamp format)
17266,ATT012904,presenting_complaint,inconsistent_text_format,"fix (trim spaces, standardise case)"
17269,ATT013768,presenting_complaint,inconsistent_text_format,"fix (trim spaces, standardise case)"
17272,ATT004127,(entire row),duplicate_row,remove (keep first)
17273,ATT014891,presenting_complaint,inconsistent_text_format,"fix (trim spaces, standardise case)"
17274,ATT000720,disposition,inconsistent_text_format,"fix (trim spaces, standardise case)"
17275,ATT013840,presenting_complaint,inconsistent_text_format,"fix (trim spaces, standardise case)"
17275,ATT013840,triage_category,triage_decimal_format,fix (3.0 -> 3)
17277,ATT004026,disposition,inconsistent_text_format,"fix (trim spaces, standardise case)"
17278,ATT008225,presenting_complaint,inconsistent_text_format,"fix (trim spaces, standardise case)"
17278,ATT008225,disposition,inconsistent_text_format,"fix (trim spaces, standardise case)"
17280,ATT016094,disposition,inconsistent_text_format,"fix (trim spaces, standardise case)"
17280,ATT016094,gp_practice_code,malformed_gp_code,set to NULL and flag
17280,ATT016094,"arrival_time, departure_time",mixed_date_format,fix (parse into one timestamp format)
17281,ATT005819,departure_time,departure_before_arrival,reject
17281,ATT005819,"arrival_time, departure_time",mixed_date_format,fix (parse into one timestamp format)
17282,ATT011957,disposition,inconsistent_text_format,"fix (trim spaces, standardise case)"
17284,ATT002746,"arrival_time, departure_time",mixed_date_format,fix (parse into one timestamp format)
17285,ATT011868,"arrival_time, departure_time",mixed_date_format,fix (parse into one timestamp format)
17286,ATT010344,triage_category,invalid_triage_code,reject
17290,ATT004215,"arrival_time, departure_time",mixed_date_format,fix (parse into one timestamp format)
17291,ATT012097,presenting_complaint,inconsistent_text_format,"fix (trim spaces, standardise case)"
17295,ATT003254,"arrival_time, departure_time",mixed_date_format,fix (parse into one timestamp format)
17296,ATT018966,"arrival_time, departure_time",mixed_date_format,fix (parse into one timestamp format)
17298,ATT008579,"arrival_time, departure_time",mixed_date_format,fix (parse into one timestamp format)
17300,ATT017808,presenting_complaint,inconsistent_text_format,"fix (trim spaces, standardise case)"
17301,ATT007012,presenting_complaint,missing_presenting_complaint,fill with 'Unknown'
17301,ATT007012,"arrival_time, departure_time",mixed_date_format,fix (parse into one timestamp format)
17302,ATT018918,"arrival_time, departure_time",mixed_date_format,fix (parse into one timestamp format)
17303,ATT010198,presenting_complaint,inconsistent_text_format,"fix (trim spaces, standardise case)"
17303,ATT010198,disposition,inconsistent_text_format,"fix (trim spaces, standardise case)"
17304,ATT003842,departure_time,departure_before_arrival,reject
17310,ATT007481,"arrival_time, departure_time",mixed_date_format,fix (parse into one timestamp format)
17311,ATT014563,presenting_complaint,inconsistent_text_format,"fix (trim spaces, standardise case)"
17311,ATT014563,"arrival_time, departure_time",mixed_date_format,fix (parse into one timestamp format)
17313,ATT011516,presenting_complaint,inconsistent_text_format,"fix (trim spaces, standardise case)"
17313,ATT011516,"arrival_time, departure_time",mixed_date_format,fix (parse into one timestamp format)
17315,ATT014824,pseudo_patient_id,missing_patient_id,reject
17316,ATT016924,gp_practice_code,gp_code_lowercase,fix (upper-case)
17325,ATT013412,disposition,inconsistent_text_format,"fix (trim spaces, standardise case)"
17328,ATT005575,disposition,inconsistent_text_format,"fix (trim spaces, standardise case)"
17328,ATT005575,presenting_complaint,missing_presenting_complaint,fill with 'Unknown'
17329,ATT009084,triage_category,triage_decimal_format,fix (3.0 -> 3)
17330,ATT005356,disposition,inconsistent_text_format,"fix (trim spaces, standardise case)"
17332,ATT007936,presenting_complaint,inconsistent_text_format,"fix (trim spaces, standardise case)"
17336,ATT013201,"arrival_time, departure_time",mixed_date_format,fix (parse into one timestamp format)
17337,ATT018513,gp_practice_code,missing_gp_code,set to NULL and flag
17338,ATT005843,disposition,inconsistent_text_format,"fix (trim spaces, standardise case)"
17341,ATT012821,"arrival_time, departure_time",mixed_date_format,fix (parse into one timestamp format)
17343,ATT009822,disposition,inconsistent_text_format,"fix (trim spaces, standardise case)"
17343,ATT009822,"arrival_time, departure_time",mixed_date_format,fix (parse into one timestamp format)
17346,ATT015373,disposition,inconsistent_text_format,"fix (trim spaces, standardise case)"
17346,ATT015373,gp_practice_code,missing_gp_code,set to NULL and flag
17349,ATT006319,presenting_complaint,inconsistent_text_format,"fix (trim spaces, standardise case)"
17354,ATT019772,"arrival_time, departure_time",mixed_date_format,fix (parse into one timestamp format)
17356,ATT011685,presenting_complaint,inconsistent_text_format,"fix (trim spaces, standardise case)"
17358,ATT019441,presenting_complaint,inconsistent_text_format,"fix (trim spaces, standardise case)"
17360,ATT019392,presenting_complaint,inconsistent_text_format,"fix (trim spaces, standardise case)"
17360,ATT019392,"arrival_time, departure_time",mixed_date_format,fix (parse into one timestamp format)
17362,ATT016210,"arrival_time, departure_time",mixed_date_format,fix (parse into one timestamp format)
17363,ATT005572,triage_category,triage_decimal_format,fix (3.0 -> 3)
17365,ATT005794,presenting_complaint,missing_presenting_complaint,fill with 'Unknown'
17368,ATT007819,presenting_complaint,inconsistent_text_format,"fix (trim spaces, standardise case)"
17368,ATT007819,"arrival_time, departure_time",mixed_date_format,fix (parse into one timestamp format)
17372,ATT002438,"arrival_time, departure_time",mixed_date_format,fix (parse into one timestamp format)
17375,ATT003168,presenting_complaint,inconsistent_text_format,"fix (trim spaces, standardise case)"
17376,ATT013753,"arrival_time, departure_time",mixed_date_format,fix (parse into one timestamp format)
17377,ATT015921,presenting_complaint,inconsistent_text_format,"fix (trim spaces, standardise case)"
17377,ATT015921,disposition,inconsistent_text_format,"fix (trim spaces, standardise case)"
17377,ATT015921,"arrival_time, departure_time",mixed_date_format,fix (parse into one timestamp format)
17378,ATT014028,"arrival_time, departure_time",mixed_date_format,fix (parse into one timestamp format)
17379,ATT007017,"arrival_time, departure_time",mixed_date_format,fix (parse into one timestamp format)
17380,ATT013387,"arrival_time, departure_time",mixed_date_format,fix (parse into one timestamp format)
17382,ATT012642,gp_practice_code,gp_code_lowercase,fix (upper-case)
17388,ATT009228,"arrival_time, departure_time",mixed_date_format,fix (parse into one timestamp format)
17390,ATT005591,(entire row),duplicate_row,remove (keep first)
17394,ATT014744,presenting_complaint,missing_presenting_complaint,fill with 'Unknown'
17394,ATT014744,"arrival_time, departure_time",mixed_date_format,fix (parse into one timestamp format)
17401,ATT000160,presenting_complaint,inconsistent_text_format,"fix (trim spaces, standardise case)"
17401,ATT000160,disposition,inconsistent_text_format,"fix (trim spaces, standardise case)"
17401,ATT000160,gp_practice_code,malformed_gp_code,set to NULL and flag
17403,ATT015370,"arrival_time, departure_time",mixed_date_format,fix (parse into one timestamp format)
17414,ATT018765,(entire row),duplicate_row,remove (keep first)
17417,ATT005687,presenting_complaint,inconsistent_text_format,"fix (trim spaces, standardise case)"
17417,ATT005687,gp_practice_code,missing_gp_code,set to NULL and flag
17418,ATT004728,"arrival_time, departure_time",mixed_date_format,fix (parse into one timestamp format)
17419,ATT002952,"arrival_time, departure_time",mixed_date_format,fix (parse into one timestamp format)
17420,ATT002556,presenting_complaint,inconsistent_text_format,"fix (trim spaces, standardise case)"
17424,ATT006466,"arrival_time, departure_time",mixed_date_format,fix (parse into one timestamp format)
17427,ATT007824,disposition,inconsistent_text_format,"fix (trim spaces, standardise case)"
17428,ATT012450,presenting_complaint,inconsistent_text_format,"fix (trim spaces, standardise case)"
17428,ATT012450,disposition,inconsistent_text_format,"fix (trim spaces, standardise case)"
17429,ATT019886,"arrival_time, departure_time",mixed_date_format,fix (parse into one timestamp format)
17430,ATT015272,disposition,inconsistent_text_format,"fix (trim spaces, standardise case)"
17430,ATT015272,gp_practice_code,malformed_gp_code,set to NULL and flag
17432,ATT008550,disposition,inconsistent_text_format,"fix (trim spaces, standardise case)"
17433,ATT005243,presenting_complaint,inconsistent_text_format,"fix (trim spaces, standardise case)"
17434,ATT002093,gp_practice_code,malformed_gp_code,set to NULL and flag
17445,ATT015039,"arrival_time, departure_time",mixed_date_format,fix (parse into one timestamp format)
17446,ATT018833,"arrival_time, departure_time",mixed_date_format,fix (parse into one timestamp format)
17448,ATT011391,"arrival_time, departure_time",mixed_date_format,fix (parse into one timestamp format)
17449,ATT007787,(entire row),duplicate_row,remove (keep first)
17449,ATT007787,disposition,inconsistent_text_format,"fix (trim spaces, standardise case)"
17451,ATT008069,presenting_complaint,inconsistent_text_format,"fix (trim spaces, standardise case)"
17455,ATT000025,"arrival_time, departure_time",mixed_date_format,fix (parse into one timestamp format)
17456,ATT003364,(entire row),duplicate_row,remove (keep first)
17458,ATT012867,"arrival_time, departure_time",mixed_date_format,fix (parse into one timestamp format)
17459,ATT010887,gp_practice_code,gp_code_lowercase,fix (upper-case)
17461,ATT019517,presenting_complaint,inconsistent_text_format,"fix (trim spaces, standardise case)"
17465,ATT015907,"arrival_time, departure_time",mixed_date_format,fix (parse into one timestamp format)
17466,ATT011945,gp_practice_code,missing_gp_code,set to NULL and flag
17466,ATT011945,"arrival_time, departure_time",mixed_date_format,fix (parse into one timestamp format)
17468,ATT000277,"arrival_time, departure_time",mixed_date_format,fix (parse into one timestamp format)
17469,ATT012414,"arrival_time, departure_time",mixed_date_format,fix (parse into one timestamp format)
17470,ATT003907,"arrival_time, departure_time",mixed_date_format,fix (parse into one timestamp format)
17471,ATT005846,triage_category,invalid_triage_code,reject
17472,ATT004538,(entire row),duplicate_row,remove (keep first)
17472,ATT004538,"arrival_time, departure_time",mixed_date_format,fix (parse into one timestamp format)
17473,ATT001138,presenting_complaint,inconsistent_text_format,"fix (trim spaces, standardise case)"
17474,ATT013325,disposition,inconsistent_text_format,"fix (trim spaces, standardise case)"
17478,ATT014483,presenting_complaint,inconsistent_text_format,"fix (trim spaces, standardise case)"
17478,ATT014483,"arrival_time, departure_time",mixed_date_format,fix (parse into one timestamp format)
17479,ATT013128,disposition,inconsistent_text_format,"fix (trim spaces, standardise case)"
17482,ATT002385,gp_practice_code,missing_gp_code,set to NULL and flag
17483,ATT008017,"arrival_time, departure_time",mixed_date_format,fix (parse into one timestamp format)
17485,ATT016500,presenting_complaint,inconsistent_text_format,"fix (trim spaces, standardise case)"
17486,ATT001864,gp_practice_code,malformed_gp_code,set to NULL and flag
17487,ATT015689,"arrival_time, departure_time",mixed_date_format,fix (parse into one timestamp format)
17488,ATT000365,presenting_complaint,missing_presenting_complaint,fill with 'Unknown'
17490,ATT017829,presenting_complaint,inconsistent_text_format,"fix (trim spaces, standardise case)"
17492,ATT015310,arrival_time,missing_arrival_time,reject
17497,ATT012992,presenting_complaint,inconsistent_text_format,"fix (trim spaces, standardise case)"
17500,ATT007270,departure_time,missing_departure_time,reject
17501,ATT018035,gp_practice_code,malformed_gp_code,set to NULL and flag
17502,ATT007930,departure_time,departure_before_arrival,reject
17503,ATT012983,presenting_complaint,inconsistent_text_format,"fix (trim spaces, standardise case)"
17505,ATT012870,gp_practice_code,missing_gp_code,set to NULL and flag
17510,ATT018895,"arrival_time, departure_time",mixed_date_format,fix (parse into one timestamp format)
17516,ATT016860,presenting_complaint,inconsistent_text_format,"fix (trim spaces, standardise case)"
17516,ATT016860,gp_practice_code,missing_gp_code,set to NULL and flag
17516,ATT016860,"arrival_time, departure_time",mixed_date_format,fix (parse into one timestamp format)
17518,ATT010486,"arrival_time, departure_time",mixed_date_format,fix (parse into one timestamp format)
17520,ATT001709,presenting_complaint,inconsistent_text_format,"fix (trim spaces, standardise case)"
17521,ATT001141,"arrival_time, departure_time",mixed_date_format,fix (parse into one timestamp format)
17522,ATT006208,disposition,missing_disposition,fill with 'Unknown'
17523,ATT018723,"arrival_time, departure_time",mixed_date_format,fix (parse into one timestamp format)
17524,ATT017946,presenting_complaint,inconsistent_text_format,"fix (trim spaces, standardise case)"
17525,ATT002661,(entire row),duplicate_row,remove (keep first)
17532,ATT014073,disposition,inconsistent_text_format,"fix (trim spaces, standardise case)"
17535,ATT018489,"arrival_time, departure_time",mixed_date_format,fix (parse into one timestamp format)
17536,ATT013284,disposition,inconsistent_text_format,"fix (trim spaces, standardise case)"
17538,ATT015997,"arrival_time, departure_time",mixed_date_format,fix (parse into one timestamp format)
17539,ATT001628,presenting_complaint,inconsistent_text_format,"fix (trim spaces, standardise case)"
17539,ATT001628,disposition,inconsistent_text_format,"fix (trim spaces, standardise case)"
17542,ATT000139,"arrival_time, departure_time",mixed_date_format,fix (parse into one timestamp format)
17544,ATT016767,presenting_complaint,inconsistent_text_format,"fix (trim spaces, standardise case)"
17546,ATT000341,presenting_complaint,inconsistent_text_format,"fix (trim spaces, standardise case)"
17547,ATT004858,"arrival_time, departure_time",mixed_date_format,fix (parse into one timestamp format)
17552,ATT005499,disposition,inconsistent_text_format,"fix (trim spaces, standardise case)"
17552,ATT005499,"arrival_time, departure_time",mixed_date_format,fix (parse into one timestamp format)
17553,ATT008557,"arrival_time, departure_time",mixed_date_format,fix (parse into one timestamp format)
17555,ATT001933,"arrival_time, departure_time",mixed_date_format,fix (parse into one timestamp format)
17557,ATT015849,"arrival_time, departure_time",mixed_date_format,fix (parse into one timestamp format)
17559,ATT012356,presenting_complaint,inconsistent_text_format,"fix (trim spaces, standardise case)"
17560,ATT009494,disposition,inconsistent_text_format,"fix (trim spaces, standardise case)"
17561,ATT018552,disposition,inconsistent_text_format,"fix (trim spaces, standardise case)"
17562,ATT003808,(entire row),duplicate_row,remove (keep first)
17563,ATT001937,departure_time,missing_departure_time,reject
17563,ATT001937,"arrival_time, departure_time",mixed_date_format,fix (parse into one timestamp format)
17565,ATT014974,triage_category,invalid_triage_code,reject
17567,ATT006140,disposition,inconsistent_text_format,"fix (trim spaces, standardise case)"
17568,ATT000786,presenting_complaint,inconsistent_text_format,"fix (trim spaces, standardise case)"
17569,ATT008037,"arrival_time, departure_time",mixed_date_format,fix (parse into one timestamp format)
17572,ATT002170,"arrival_time, departure_time",mixed_date_format,fix (parse into one timestamp format)
17574,ATT014139,(entire row),duplicate_row,remove (keep first)
17574,ATT014139,"arrival_time, departure_time",mixed_date_format,fix (parse into one timestamp format)
17577,ATT006592,departure_time,missing_departure_time,reject
17578,ATT004459,"arrival_time, departure_time",mixed_date_format,fix (parse into one timestamp format)
17582,ATT004653,"arrival_time, departure_time",mixed_date_format,fix (parse into one timestamp format)
17584,ATT009592,presenting_complaint,inconsistent_text_format,"fix (trim spaces, standardise case)"
17585,ATT019090,disposition,inconsistent_text_format,"fix (trim spaces, standardise case)"
17589,ATT015748,presenting_complaint,inconsistent_text_format,"fix (trim spaces, standardise case)"
17589,ATT015748,pseudo_patient_id,missing_patient_id,reject
17596,ATT011121,disposition,inconsistent_text_format,"fix (trim spaces, standardise case)"
17598,ATT011739,"arrival_time, departure_time",mixed_date_format,fix (parse into one timestamp format)
17605,ATT017919,presenting_complaint,inconsistent_text_format,"fix (trim spaces, standardise case)"
17605,ATT017919,"arrival_time, departure_time",mixed_date_format,fix (parse into one timestamp format)
17606,ATT011947,(entire row),duplicate_row,remove (keep first)
17607,ATT006565,"arrival_time, departure_time",mixed_date_format,fix (parse into one timestamp format)
17609,ATT016391,triage_category,triage_decimal_format,fix (3.0 -> 3)
17611,ATT007836,departure_time,missing_departure_time,reject
17615,ATT001142,arrival_time,future_dated_attendance,reject
17617,ATT019072,(entire row),duplicate_row,remove (keep first)
17620,ATT016744,"arrival_time, departure_time",mixed_date_format,fix (parse into one timestamp format)
17621,ATT003135,departure_time,extreme_length_of_stay,reject
17624,ATT001824,gp_practice_code,gp_code_lowercase,fix (upper-case)
17625,ATT010082,presenting_complaint,inconsistent_text_format,"fix (trim spaces, standardise case)"
17625,ATT010082,"arrival_time, departure_time",mixed_date_format,fix (parse into one timestamp format)
17630,ATT003501,(entire row),duplicate_row,remove (keep first)
17636,ATT007462,disposition,inconsistent_text_format,"fix (trim spaces, standardise case)"
17641,ATT012337,presenting_complaint,inconsistent_text_format,"fix (trim spaces, standardise case)"
17641,ATT012337,disposition,inconsistent_text_format,"fix (trim spaces, standardise case)"
17641,ATT012337,"arrival_time, departure_time",mixed_date_format,fix (parse into one timestamp format)
17642,ATT004670,triage_category,triage_decimal_format,fix (3.0 -> 3)
17644,ATT005477,"arrival_time, departure_time",mixed_date_format,fix (parse into one timestamp format)
17646,ATT015671,disposition,inconsistent_text_format,"fix (trim spaces, standardise case)"
17649,ATT013393,presenting_complaint,inconsistent_text_format,"fix (trim spaces, standardise case)"
17650,ATT006440,"arrival_time, departure_time",mixed_date_format,fix (parse into one timestamp format)
17653,ATT001629,presenting_complaint,inconsistent_text_format,"fix (trim spaces, standardise case)"
17656,ATT013852,presenting_complaint,inconsistent_text_format,"fix (trim spaces, standardise case)"
17657,ATT007719,disposition,inconsistent_text_format,"fix (trim spaces, standardise case)"
17659,ATT011382,"arrival_time, departure_time",mixed_date_format,fix (parse into one timestamp format)
17663,ATT010059,(entire row),duplicate_row,remove (keep first)
17664,ATT001843,"arrival_time, departure_time",mixed_date_format,fix (parse into one timestamp format)
17665,ATT016586,"arrival_time, departure_time",mixed_date_format,fix (parse into one timestamp format)
17670,ATT019379,presenting_complaint,inconsistent_text_format,"fix (trim spaces, standardise case)"
17671,ATT016716,"arrival_time, departure_time",mixed_date_format,fix (parse into one timestamp format)
17672,ATT003809,disposition,inconsistent_text_format,"fix (trim spaces, standardise case)"
17673,ATT018423,departure_time,missing_departure_time,reject
17674,ATT000936,disposition,missing_disposition,fill with 'Unknown'
17675,ATT010652,disposition,missing_disposition,fill with 'Unknown'
17676,ATT001775,presenting_complaint,inconsistent_text_format,"fix (trim spaces, standardise case)"
17677,ATT018124,presenting_complaint,inconsistent_text_format,"fix (trim spaces, standardise case)"
17678,ATT003745,"arrival_time, departure_time",mixed_date_format,fix (parse into one timestamp format)
17683,ATT001876,gp_practice_code,gp_code_lowercase,fix (upper-case)
17685,ATT019044,triage_category,invalid_triage_code,reject
17686,ATT003053,gp_practice_code,missing_gp_code,set to NULL and flag
17688,ATT013147,"arrival_time, departure_time",mixed_date_format,fix (parse into one timestamp format)
17689,ATT019063,triage_category,invalid_triage_code,reject
17693,ATT018493,"arrival_time, departure_time",mixed_date_format,fix (parse into one timestamp format)
17694,ATT003312,pseudo_patient_id,missing_patient_id,reject
17696,ATT017937,gp_practice_code,missing_gp_code,set to NULL and flag
17697,ATT018116,disposition,inconsistent_text_format,"fix (trim spaces, standardise case)"
17700,ATT011596,arrival_time,future_dated_attendance,reject
17700,ATT011596,disposition,inconsistent_text_format,"fix (trim spaces, standardise case)"
17704,ATT001518,"arrival_time, departure_time",mixed_date_format,fix (parse into one timestamp format)
17709,ATT016295,disposition,inconsistent_text_format,"fix (trim spaces, standardise case)"
17710,ATT011835,disposition,missing_disposition,fill with 'Unknown'
17710,ATT011835,"arrival_time, departure_time",mixed_date_format,fix (parse into one timestamp format)
17711,ATT002867,departure_time,departure_before_arrival,reject
17713,ATT018737,presenting_complaint,inconsistent_text_format,"fix (trim spaces, standardise case)"
17714,ATT004913,"arrival_time, departure_time",mixed_date_format,fix (parse into one timestamp format)
17715,ATT013861,gp_practice_code,gp_code_lowercase,fix (upper-case)
17715,ATT013861,triage_category,triage_decimal_format,fix (3.0 -> 3)
17716,ATT005464,gp_practice_code,gp_code_lowercase,fix (upper-case)
17716,ATT005464,disposition,missing_disposition,fill with 'Unknown'
17720,ATT003829,(entire row),duplicate_row,remove (keep first)
17724,ATT004988,"arrival_time, departure_time",mixed_date_format,fix (parse into one timestamp format)
17725,ATT004651,"arrival_time, departure_time",mixed_date_format,fix (parse into one timestamp format)
17727,ATT017710,disposition,missing_disposition,fill with 'Unknown'
17728,ATT010289,presenting_complaint,inconsistent_text_format,"fix (trim spaces, standardise case)"
17729,ATT006797,disposition,inconsistent_text_format,"fix (trim spaces, standardise case)"
17742,ATT002262,gp_practice_code,missing_gp_code,set to NULL and flag
17743,ATT007430,presenting_complaint,inconsistent_text_format,"fix (trim spaces, standardise case)"
17744,ATT009303,gp_practice_code,gp_code_lowercase,fix (upper-case)
17744,ATT009303,"arrival_time, departure_time",mixed_date_format,fix (parse into one timestamp format)
17750,ATT013804,disposition,inconsistent_text_format,"fix (trim spaces, standardise case)"
17751,ATT019248,"arrival_time, departure_time",mixed_date_format,fix (parse into one timestamp format)
17758,ATT014869,departure_time,missing_departure_time,reject
17759,ATT014568,disposition,inconsistent_text_format,"fix (trim spaces, standardise case)"
17761,ATT016402,(entire row),duplicate_row,remove (keep first)
17761,ATT016402,presenting_complaint,inconsistent_text_format,"fix (trim spaces, standardise case)"
17761,ATT016402,"arrival_time, departure_time",mixed_date_format,fix (parse into one timestamp format)
17762,ATT010089,"arrival_time, departure_time",mixed_date_format,fix (parse into one timestamp format)
17765,ATT011852,presenting_complaint,missing_presenting_complaint,fill with 'Unknown'
17769,ATT013320,disposition,inconsistent_text_format,"fix (trim spaces, standardise case)"
17770,ATT011329,"arrival_time, departure_time",mixed_date_format,fix (parse into one timestamp format)
17771,ATT017112,departure_time,extreme_length_of_stay,reject
17777,ATT016289,gp_practice_code,missing_gp_code,set to NULL and flag
17781,ATT013616,"arrival_time, departure_time",mixed_date_format,fix (parse into one timestamp format)
17783,ATT017045,presenting_complaint,inconsistent_text_format,"fix (trim spaces, standardise case)"
17783,ATT017045,gp_practice_code,missing_gp_code,set to NULL and flag
17784,ATT001493,"arrival_time, departure_time",mixed_date_format,fix (parse into one timestamp format)
17790,ATT019802,"arrival_time, departure_time",mixed_date_format,fix (parse into one timestamp format)
17791,ATT016233,presenting_complaint,inconsistent_text_format,"fix (trim spaces, standardise case)"
17792,ATT014850,disposition,inconsistent_text_format,"fix (trim spaces, standardise case)"
17793,ATT017372,"arrival_time, departure_time",mixed_date_format,fix (parse into one timestamp format)
17794,ATT008260,disposition,inconsistent_text_format,"fix (trim spaces, standardise case)"
17796,ATT000041,disposition,inconsistent_text_format,"fix (trim spaces, standardise case)"
17797,ATT011241,presenting_complaint,inconsistent_text_format,"fix (trim spaces, standardise case)"
17798,ATT018631,disposition,inconsistent_text_format,"fix (trim spaces, standardise case)"
17799,ATT014425,"arrival_time, departure_time",mixed_date_format,fix (parse into one timestamp format)
17801,ATT006817,triage_category,triage_decimal_format,fix (3.0 -> 3)
17802,ATT017899,presenting_complaint,inconsistent_text_format,"fix (trim spaces, standardise case)"
17802,ATT017899,triage_category,triage_decimal_format,fix (3.0 -> 3)
17803,ATT018425,disposition,inconsistent_text_format,"fix (trim spaces, standardise case)"
17804,ATT010705,disposition,inconsistent_text_format,"fix (trim spaces, standardise case)"
17805,ATT014141,disposition,inconsistent_text_format,"fix (trim spaces, standardise case)"
17806,ATT001461,departure_time,departure_before_arrival,reject
17809,ATT013075,presenting_complaint,inconsistent_text_format,"fix (trim spaces, standardise case)"
17810,ATT013687,presenting_complaint,inconsistent_text_format,"fix (trim spaces, standardise case)"
17811,ATT013948,presenting_complaint,inconsistent_text_format,"fix (trim spaces, standardise case)"
17811,ATT013948,"arrival_time, departure_time",mixed_date_format,fix (parse into one timestamp format)
17813,ATT015433,"arrival_time, departure_time",mixed_date_format,fix (parse into one timestamp format)
17815,ATT015687,presenting_complaint,inconsistent_text_format,"fix (trim spaces, standardise case)"
17815,ATT015687,disposition,missing_disposition,fill with 'Unknown'
17821,ATT019240,presenting_complaint,inconsistent_text_format,"fix (trim spaces, standardise case)"
17822,ATT014950,presenting_complaint,inconsistent_text_format,"fix (trim spaces, standardise case)"
17827,ATT019866,disposition,inconsistent_text_format,"fix (trim spaces, standardise case)"
17829,ATT006143,presenting_complaint,inconsistent_text_format,"fix (trim spaces, standardise case)"
17831,ATT013971,presenting_complaint,inconsistent_text_format,"fix (trim spaces, standardise case)"
17831,ATT013971,"arrival_time, departure_time",mixed_date_format,fix (parse into one timestamp format)
17834,ATT002660,presenting_complaint,missing_presenting_complaint,fill with 'Unknown'
17835,ATT000142,presenting_complaint,inconsistent_text_format,"fix (trim spaces, standardise case)"
17835,ATT000142,disposition,inconsistent_text_format,"fix (trim spaces, standardise case)"
17836,ATT002598,"arrival_time, departure_time",mixed_date_format,fix (parse into one timestamp format)
17838,ATT015224,presenting_complaint,inconsistent_text_format,"fix (trim spaces, standardise case)"
17840,ATT019487,(entire row),duplicate_row,remove (keep first)
17842,ATT017523,"arrival_time, departure_time",mixed_date_format,fix (parse into one timestamp format)
17844,ATT012131,"arrival_time, departure_time",mixed_date_format,fix (parse into one timestamp format)
17845,ATT019654,"arrival_time, departure_time",mixed_date_format,fix (parse into one timestamp format)
17848,ATT008180,"arrival_time, departure_time",mixed_date_format,fix (parse into one timestamp format)
17852,ATT006371,presenting_complaint,inconsistent_text_format,"fix (trim spaces, standardise case)"
17857,ATT009047,disposition,inconsistent_text_format,"fix (trim spaces, standardise case)"
17862,ATT001959,disposition,inconsistent_text_format,"fix (trim spaces, standardise case)"
17862,ATT001959,arrival_time,missing_arrival_time,reject
17864,ATT010488,disposition,inconsistent_text_format,"fix (trim spaces, standardise case)"
17864,ATT010488,gp_practice_code,missing_gp_code,set to NULL and flag
17865,ATT018841,presenting_complaint,inconsistent_text_format,"fix (trim spaces, standardise case)"
17867,ATT001090,presenting_complaint,inconsistent_text_format,"fix (trim spaces, standardise case)"
17868,ATT012577,"arrival_time, departure_time",mixed_date_format,fix (parse into one timestamp format)
17870,ATT007951,"arrival_time, departure_time",mixed_date_format,fix (parse into one timestamp format)
17871,ATT011102,presenting_complaint,missing_presenting_complaint,fill with 'Unknown'
17873,ATT006417,disposition,inconsistent_text_format,"fix (trim spaces, standardise case)"
17873,ATT006417,"arrival_time, departure_time",mixed_date_format,fix (parse into one timestamp format)
17876,ATT011440,presenting_complaint,inconsistent_text_format,"fix (trim spaces, standardise case)"
17876,ATT011440,"arrival_time, departure_time",mixed_date_format,fix (parse into one timestamp format)
17877,ATT007097,triage_category,invalid_triage_code,reject
17879,ATT005434,gp_practice_code,missing_gp_code,set to NULL and flag
17880,ATT013231,presenting_complaint,inconsistent_text_format,"fix (trim spaces, standardise case)"
17882,ATT012329,"arrival_time, departure_time",mixed_date_format,fix (parse into one timestamp format)
17883,ATT010786,"arrival_time, departure_time",mixed_date_format,fix (parse into one timestamp format)
17884,ATT003349,presenting_complaint,inconsistent_text_format,"fix (trim spaces, standardise case)"
17885,ATT004080,"arrival_time, departure_time",mixed_date_format,fix (parse into one timestamp format)
17886,ATT009178,presenting_complaint,inconsistent_text_format,"fix (trim spaces, standardise case)"
17888,ATT000588,presenting_complaint,inconsistent_text_format,"fix (trim spaces, standardise case)"
17888,ATT000588,disposition,inconsistent_text_format,"fix (trim spaces, standardise case)"
17888,ATT000588,"arrival_time, departure_time",mixed_date_format,fix (parse into one timestamp format)
17890,ATT013270,departure_time,departure_before_arrival,reject
17891,ATT013538,"arrival_time, departure_time",mixed_date_format,fix (parse into one timestamp format)
17892,ATT018132,"arrival_time, departure_time",mixed_date_format,fix (parse into one timestamp format)
17894,ATT013676,gp_practice_code,gp_code_lowercase,fix (upper-case)
17894,ATT013676,disposition,inconsistent_text_format,"fix (trim spaces, standardise case)"
17899,ATT016649,presenting_complaint,missing_presenting_complaint,fill with 'Unknown'
17899,ATT016649,"arrival_time, departure_time",mixed_date_format,fix (parse into one timestamp format)
17900,ATT011740,presenting_complaint,inconsistent_text_format,"fix (trim spaces, standardise case)"
17906,ATT000245,(entire row),duplicate_row,remove (keep first)
17909,ATT001530,disposition,inconsistent_text_format,"fix (trim spaces, standardise case)"
17910,ATT018480,"arrival_time, departure_time",mixed_date_format,fix (parse into one timestamp format)
17911,ATT000924,presenting_complaint,inconsistent_text_format,"fix (trim spaces, standardise case)"
17911,ATT000924,disposition,inconsistent_text_format,"fix (trim spaces, standardise case)"
17913,ATT017054,presenting_complaint,inconsistent_text_format,"fix (trim spaces, standardise case)"
17914,ATT010103,presenting_complaint,inconsistent_text_format,"fix (trim spaces, standardise case)"
17915,ATT007184,disposition,inconsistent_text_format,"fix (trim spaces, standardise case)"
17918,ATT002592,departure_time,missing_departure_time,reject
17920,ATT011206,departure_time,extreme_length_of_stay,reject
17922,ATT002308,presenting_complaint,inconsistent_text_format,"fix (trim spaces, standardise case)"
17925,ATT000613,disposition,inconsistent_text_format,"fix (trim spaces, standardise case)"
17926,ATT011169,disposition,inconsistent_text_format,"fix (trim spaces, standardise case)"
17926,ATT011169,"arrival_time, departure_time",mixed_date_format,fix (parse into one timestamp format)
17929,ATT001899,"arrival_time, departure_time",mixed_date_format,fix (parse into one timestamp format)
17933,ATT011117,disposition,inconsistent_text_format,"fix (trim spaces, standardise case)"
17934,ATT019801,"arrival_time, departure_time",mixed_date_format,fix (parse into one timestamp format)
17935,ATT004944,arrival_time,missing_arrival_time,reject
17941,ATT005224,"arrival_time, departure_time",mixed_date_format,fix (parse into one timestamp format)
17942,ATT002286,presenting_complaint,inconsistent_text_format,"fix (trim spaces, standardise case)"
17945,ATT019701,triage_category,invalid_triage_code,reject
17946,ATT010404,disposition,missing_disposition,fill with 'Unknown'
17946,ATT010404,"arrival_time, departure_time",mixed_date_format,fix (parse into one timestamp format)
17951,ATT006853,"arrival_time, departure_time",mixed_date_format,fix (parse into one timestamp format)
17952,ATT005547,gp_practice_code,gp_code_lowercase,fix (upper-case)
17952,ATT005547,pseudo_patient_id,missing_patient_id,reject
17954,ATT018380,presenting_complaint,inconsistent_text_format,"fix (trim spaces, standardise case)"
17956,ATT010184,"arrival_time, departure_time",mixed_date_format,fix (parse into one timestamp format)
17959,ATT018724,(entire row),duplicate_row,remove (keep first)
17962,ATT019625,presenting_complaint,inconsistent_text_format,"fix (trim spaces, standardise case)"
17962,ATT019625,disposition,inconsistent_text_format,"fix (trim spaces, standardise case)"
17965,ATT010984,triage_category,triage_decimal_format,fix (3.0 -> 3)
17966,ATT006520,arrival_time,future_dated_attendance,reject
17967,ATT005775,departure_time,extreme_length_of_stay,reject
17971,ATT019518,presenting_complaint,inconsistent_text_format,"fix (trim spaces, standardise case)"
17972,ATT010272,presenting_complaint,missing_presenting_complaint,fill with 'Unknown'
17978,ATT016010,disposition,inconsistent_text_format,"fix (trim spaces, standardise case)"
17982,ATT012925,"arrival_time, departure_time",mixed_date_format,fix (parse into one timestamp format)
17983,ATT012723,"arrival_time, departure_time",mixed_date_format,fix (parse into one timestamp format)
17989,ATT017922,(entire row),duplicate_row,remove (keep first)
17989,ATT017922,"arrival_time, departure_time",mixed_date_format,fix (parse into one timestamp format)
17992,ATT003649,disposition,missing_disposition,fill with 'Unknown'
17993,ATT010850,presenting_complaint,inconsistent_text_format,"fix (trim spaces, standardise case)"
17994,ATT018830,gp_practice_code,malformed_gp_code,set to NULL and flag
17994,ATT018830,"arrival_time, departure_time",mixed_date_format,fix (parse into one timestamp format)
17999,ATT019601,(entire row),duplicate_row,remove (keep first)
18004,ATT019428,presenting_complaint,missing_presenting_complaint,fill with 'Unknown'
18005,ATT000598,presenting_complaint,inconsistent_text_format,"fix (trim spaces, standardise case)"
18009,ATT019813,presenting_complaint,inconsistent_text_format,"fix (trim spaces, standardise case)"
18012,ATT001754,gp_practice_code,missing_gp_code,set to NULL and flag
18015,ATT018129,triage_category,triage_decimal_format,fix (3.0 -> 3)
18016,ATT019832,(entire row),duplicate_row,remove (keep first)
18017,ATT011930,gp_practice_code,gp_code_lowercase,fix (upper-case)
18018,ATT019978,triage_category,invalid_triage_code,reject
18019,ATT018882,presenting_complaint,inconsistent_text_format,"fix (trim spaces, standardise case)"
18021,ATT019148,departure_time,departure_before_arrival,reject
18021,ATT019148,disposition,inconsistent_text_format,"fix (trim spaces, standardise case)"
18025,ATT019639,presenting_complaint,inconsistent_text_format,"fix (trim spaces, standardise case)"
18025,ATT019639,"arrival_time, departure_time",mixed_date_format,fix (parse into one timestamp format)
18027,ATT019916,"arrival_time, departure_time",mixed_date_format,fix (parse into one timestamp format)
18028,ATT018348,gp_practice_code,missing_gp_code,set to NULL and flag
18029,ATT014532,presenting_complaint,missing_presenting_complaint,fill with 'Unknown'
18032,ATT017259,presenting_complaint,inconsistent_text_format,"fix (trim spaces, standardise case)"
18033,ATT019677,"arrival_time, departure_time",mixed_date_format,fix (parse into one timestamp format)
18039,ATT007897,disposition,inconsistent_text_format,"fix (trim spaces, standardise case)"
18039,ATT007897,triage_category,triage_decimal_format,fix (3.0 -> 3)
18040,ATT009834,departure_time,missing_departure_time,reject
18041,ATT002015,"arrival_time, departure_time",mixed_date_format,fix (parse into one timestamp format)
18043,ATT017016,gp_practice_code,gp_code_lowercase,fix (upper-case)
18043,ATT017016,presenting_complaint,inconsistent_text_format,"fix (trim spaces, standardise case)"
18044,ATT008462,disposition,inconsistent_text_format,"fix (trim spaces, standardise case)"
18049,ATT009558,presenting_complaint,inconsistent_text_format,"fix (trim spaces, standardise case)"
18050,ATT004714,pseudo_patient_id,missing_patient_id,reject
18050,ATT004714,"arrival_time, departure_time",mixed_date_format,fix (parse into one timestamp format)
18051,ATT009068,"arrival_time, departure_time",mixed_date_format,fix (parse into one timestamp format)
18052,ATT001432,presenting_complaint,missing_presenting_complaint,fill with 'Unknown'
18053,ATT015262,(entire row),duplicate_row,remove (keep first)
18056,ATT019497,presenting_complaint,inconsistent_text_format,"fix (trim spaces, standardise case)"
18056,ATT019497,disposition,inconsistent_text_format,"fix (trim spaces, standardise case)"
18057,ATT007711,disposition,missing_disposition,fill with 'Unknown'
18058,ATT007737,"arrival_time, departure_time",mixed_date_format,fix (parse into one timestamp format)
18059,ATT004284,presenting_complaint,inconsistent_text_format,"fix (trim spaces, standardise case)"
18060,ATT007532,"arrival_time, departure_time",mixed_date_format,fix (parse into one timestamp format)
18063,ATT013494,disposition,inconsistent_text_format,"fix (trim spaces, standardise case)"
18063,ATT013494,gp_practice_code,malformed_gp_code,set to NULL and flag
18066,ATT003385,disposition,inconsistent_text_format,"fix (trim spaces, standardise case)"
18066,ATT003385,"arrival_time, departure_time",mixed_date_format,fix (parse into one timestamp format)
18067,ATT002840,presenting_complaint,inconsistent_text_format,"fix (trim spaces, standardise case)"
18070,ATT015942,disposition,inconsistent_text_format,"fix (trim spaces, standardise case)"
18070,ATT015942,"arrival_time, departure_time",mixed_date_format,fix (parse into one timestamp format)
18072,ATT015434,disposition,inconsistent_text_format,"fix (trim spaces, standardise case)"
18072,ATT015434,"arrival_time, departure_time",mixed_date_format,fix (parse into one timestamp format)
18074,ATT010196,disposition,inconsistent_text_format,"fix (trim spaces, standardise case)"
18075,ATT008000,"arrival_time, departure_time",mixed_date_format,fix (parse into one timestamp format)
18076,ATT018981,gp_practice_code,missing_gp_code,set to NULL and flag
18079,ATT002758,"arrival_time, departure_time",mixed_date_format,fix (parse into one timestamp format)
18080,ATT006398,presenting_complaint,inconsistent_text_format,"fix (trim spaces, standardise case)"
18080,ATT006398,"arrival_time, departure_time",mixed_date_format,fix (parse into one timestamp format)
18084,ATT002098,disposition,inconsistent_text_format,"fix (trim spaces, standardise case)"
18087,ATT003472,gp_practice_code,missing_gp_code,set to NULL and flag
18089,ATT014473,"arrival_time, departure_time",mixed_date_format,fix (parse into one timestamp format)
18092,ATT013780,(entire row),duplicate_row,remove (keep first)
18095,ATT012449,"arrival_time, departure_time",mixed_date_format,fix (parse into one timestamp format)
18096,ATT010029,(entire row),duplicate_row,remove (keep first)
18096,ATT010029,"arrival_time, departure_time",mixed_date_format,fix (parse into one timestamp format)
18097,ATT001020,gp_practice_code,missing_gp_code,set to NULL and flag
18106,ATT006257,"arrival_time, departure_time",mixed_date_format,fix (parse into one timestamp format)
18107,ATT005470,gp_practice_code,missing_gp_code,set to NULL and flag
18108,ATT016045,"arrival_time, departure_time",mixed_date_format,fix (parse into one timestamp format)
18110,ATT016064,presenting_complaint,inconsistent_text_format,"fix (trim spaces, standardise case)"
18110,ATT016064,pseudo_patient_id,missing_patient_id,reject
18111,ATT017252,(entire row),duplicate_row,remove (keep first)
18111,ATT017252,disposition,inconsistent_text_format,"fix (trim spaces, standardise case)"
18112,ATT011167,presenting_complaint,inconsistent_text_format,"fix (trim spaces, standardise case)"
18114,ATT005094,departure_time,departure_before_arrival,reject
18119,ATT019711,disposition,inconsistent_text_format,"fix (trim spaces, standardise case)"
18126,ATT003775,(entire row),duplicate_row,remove (keep first)
18131,ATT016101,"arrival_time, departure_time",mixed_date_format,fix (parse into one timestamp format)
18133,ATT003587,gp_practice_code,missing_gp_code,set to NULL and flag
18136,ATT010823,presenting_complaint,inconsistent_text_format,"fix (trim spaces, standardise case)"
18137,ATT018160,presenting_complaint,inconsistent_text_format,"fix (trim spaces, standardise case)"
18137,ATT018160,disposition,inconsistent_text_format,"fix (trim spaces, standardise case)"
18137,ATT018160,"arrival_time, departure_time",mixed_date_format,fix (parse into one timestamp format)
18139,ATT001081,presenting_complaint,inconsistent_text_format,"fix (trim spaces, standardise case)"
18139,ATT001081,"arrival_time, departure_time",mixed_date_format,fix (parse into one timestamp format)
18143,ATT013110,"arrival_time, departure_time",mixed_date_format,fix (parse into one timestamp format)
18146,ATT019071,disposition,inconsistent_text_format,"fix (trim spaces, standardise case)"
18150,ATT009236,(entire row),duplicate_row,remove (keep first)
18152,ATT009597,presenting_complaint,inconsistent_text_format,"fix (trim spaces, standardise case)"
18152,ATT009597,disposition,inconsistent_text_format,"fix (trim spaces, standardise case)"
18156,ATT012088,"arrival_time, departure_time",mixed_date_format,fix (parse into one timestamp format)
18159,ATT018236,presenting_complaint,inconsistent_text_format,"fix (trim spaces, standardise case)"
18161,ATT007605,gp_practice_code,gp_code_lowercase,fix (upper-case)
18161,ATT007605,"arrival_time, departure_time",mixed_date_format,fix (parse into one timestamp format)
18162,ATT013945,presenting_complaint,inconsistent_text_format,"fix (trim spaces, standardise case)"
18163,ATT017422,triage_category,invalid_triage_code,reject
18163,ATT017422,"arrival_time, departure_time",mixed_date_format,fix (parse into one timestamp format)
18165,ATT002311,(entire row),duplicate_row,remove (keep first)
18166,ATT010474,triage_category,invalid_triage_code,reject
18167,ATT014934,presenting_complaint,missing_presenting_complaint,fill with 'Unknown'
18168,ATT005133,presenting_complaint,inconsistent_text_format,"fix (trim spaces, standardise case)"
18171,ATT014043,departure_time,missing_departure_time,reject
18172,ATT014567,presenting_complaint,inconsistent_text_format,"fix (trim spaces, standardise case)"
18174,ATT003968,"arrival_time, departure_time",mixed_date_format,fix (parse into one timestamp format)
18181,ATT006020,(entire row),duplicate_row,remove (keep first)
18181,ATT006020,"arrival_time, departure_time",mixed_date_format,fix (parse into one timestamp format)
18183,ATT016899,presenting_complaint,inconsistent_text_format,"fix (trim spaces, standardise case)"
18183,ATT016899,"arrival_time, departure_time",mixed_date_format,fix (parse into one timestamp format)
18185,ATT008554,"arrival_time, departure_time",mixed_date_format,fix (parse into one timestamp format)
18188,ATT006252,gp_practice_code,missing_gp_code,set to NULL and flag
18189,ATT005927,departure_time,departure_before_arrival,reject
18190,ATT016407,departure_time,missing_departure_time,reject
18191,ATT018038,presenting_complaint,inconsistent_text_format,"fix (trim spaces, standardise case)"
18193,ATT008707,"arrival_time, departure_time",mixed_date_format,fix (parse into one timestamp format)
18196,ATT003755,gp_practice_code,missing_gp_code,set to NULL and flag
18200,ATT011871,disposition,inconsistent_text_format,"fix (trim spaces, standardise case)"
18201,ATT018760,gp_practice_code,missing_gp_code,set to NULL and flag
18202,ATT012501,gp_practice_code,missing_gp_code,set to NULL and flag
18207,ATT014572,disposition,inconsistent_text_format,"fix (trim spaces, standardise case)"
18209,ATT005732,(entire row),duplicate_row,remove (keep first)
18209,ATT005732,presenting_complaint,inconsistent_text_format,"fix (trim spaces, standardise case)"
18211,ATT015998,gp_practice_code,missing_gp_code,set to NULL and flag
18212,ATT007166,(entire row),duplicate_row,remove (keep first)
18217,ATT010737,presenting_complaint,missing_presenting_complaint,fill with 'Unknown'
18220,ATT012259,disposition,inconsistent_text_format,"fix (trim spaces, standardise case)"
18222,ATT011436,"arrival_time, departure_time",mixed_date_format,fix (parse into one timestamp format)
18227,ATT011890,presenting_complaint,inconsistent_text_format,"fix (trim spaces, standardise case)"
18228,ATT007129,gp_practice_code,gp_code_lowercase,fix (upper-case)
18230,ATT005947,gp_practice_code,missing_gp_code,set to NULL and flag
18231,ATT004584,presenting_complaint,missing_presenting_complaint,fill with 'Unknown'
18232,ATT012233,presenting_complaint,inconsistent_text_format,"fix (trim spaces, standardise case)"
18233,ATT013071,disposition,inconsistent_text_format,"fix (trim spaces, standardise case)"
18235,ATT019279,"arrival_time, departure_time",mixed_date_format,fix (parse into one timestamp format)
18237,ATT014687,"arrival_time, departure_time",mixed_date_format,fix (parse into one timestamp format)
18238,ATT006304,presenting_complaint,inconsistent_text_format,"fix (trim spaces, standardise case)"
18241,ATT017154,"arrival_time, departure_time",mixed_date_format,fix (parse into one timestamp format)
18243,ATT002197,gp_practice_code,gp_code_lowercase,fix (upper-case)
18245,ATT013268,(entire row),duplicate_row,remove (keep first)
18254,ATT006512,"arrival_time, departure_time",mixed_date_format,fix (parse into one timestamp format)
18255,ATT013280,disposition,inconsistent_text_format,"fix (trim spaces, standardise case)"
18256,ATT019511,presenting_complaint,inconsistent_text_format,"fix (trim spaces, standardise case)"
18259,ATT010760,"arrival_time, departure_time",mixed_date_format,fix (parse into one timestamp format)
18264,ATT018393,(entire row),duplicate_row,remove (keep first)
18265,ATT004532,"arrival_time, departure_time",mixed_date_format,fix (parse into one timestamp format)
18268,ATT016750,gp_practice_code,missing_gp_code,set to NULL and flag
18269,ATT010143,(entire row),duplicate_row,remove (keep first)
18269,ATT010143,presenting_complaint,inconsistent_text_format,"fix (trim spaces, standardise case)"
18269,ATT010143,disposition,inconsistent_text_format,"fix (trim spaces, standardise case)"
18271,ATT016532,"arrival_time, departure_time",mixed_date_format,fix (parse into one timestamp format)
18273,ATT011281,disposition,inconsistent_text_format,"fix (trim spaces, standardise case)"
18274,ATT019197,disposition,inconsistent_text_format,"fix (trim spaces, standardise case)"
18275,ATT007789,"arrival_time, departure_time",mixed_date_format,fix (parse into one timestamp format)
18280,ATT014917,presenting_complaint,missing_presenting_complaint,fill with 'Unknown'
18283,ATT016463,(entire row),duplicate_row,remove (keep first)
18284,ATT013181,(entire row),duplicate_row,remove (keep first)
18286,ATT009313,presenting_complaint,inconsistent_text_format,"fix (trim spaces, standardise case)"
18286,ATT009313,disposition,missing_disposition,fill with 'Unknown'
18286,ATT009313,"arrival_time, departure_time",mixed_date_format,fix (parse into one timestamp format)
18287,ATT006173,"arrival_time, departure_time",mixed_date_format,fix (parse into one timestamp format)
18288,ATT003632,gp_practice_code,malformed_gp_code,set to NULL and flag
18288,ATT003632,"arrival_time, departure_time",mixed_date_format,fix (parse into one timestamp format)
18289,ATT016956,arrival_time,missing_arrival_time,reject
18290,ATT006273,presenting_complaint,inconsistent_text_format,"fix (trim spaces, standardise case)"
18294,ATT019907,departure_time,missing_departure_time,reject
18294,ATT019907,"arrival_time, departure_time",mixed_date_format,fix (parse into one timestamp format)
18297,ATT000594,arrival_time,missing_arrival_time,reject
18298,ATT004720,disposition,inconsistent_text_format,"fix (trim spaces, standardise case)"
18302,ATT010635,presenting_complaint,inconsistent_text_format,"fix (trim spaces, standardise case)"
18305,ATT008657,triage_category,invalid_triage_code,reject
18305,ATT008657,"arrival_time, departure_time",mixed_date_format,fix (parse into one timestamp format)
18307,ATT000672,disposition,inconsistent_text_format,"fix (trim spaces, standardise case)"
18308,ATT014309,presenting_complaint,inconsistent_text_format,"fix (trim spaces, standardise case)"
18309,ATT009085,(entire row),duplicate_row,remove (keep first)
18312,ATT005543,"arrival_time, departure_time",mixed_date_format,fix (parse into one timestamp format)
18314,ATT010901,presenting_complaint,inconsistent_text_format,"fix (trim spaces, standardise case)"
18317,ATT006549,gp_practice_code,missing_gp_code,set to NULL and flag
18319,ATT003717,"arrival_time, departure_time",mixed_date_format,fix (parse into one timestamp format)
18321,ATT006141,presenting_complaint,inconsistent_text_format,"fix (trim spaces, standardise case)"
18322,ATT009957,"arrival_time, departure_time",mixed_date_format,fix (parse into one timestamp format)
18324,ATT014819,presenting_complaint,inconsistent_text_format,"fix (trim spaces, standardise case)"
18325,ATT000768,"arrival_time, departure_time",mixed_date_format,fix (parse into one timestamp format)
18327,ATT009701,presenting_complaint,inconsistent_text_format,"fix (trim spaces, standardise case)"
18328,ATT003444,(entire row),duplicate_row,remove (keep first)
18329,ATT004518,presenting_complaint,inconsistent_text_format,"fix (trim spaces, standardise case)"
18329,ATT004518,disposition,inconsistent_text_format,"fix (trim spaces, standardise case)"
18331,ATT019434,disposition,inconsistent_text_format,"fix (trim spaces, standardise case)"
18331,ATT019434,"arrival_time, departure_time",mixed_date_format,fix (parse into one timestamp format)
18332,ATT018836,presenting_complaint,inconsistent_text_format,"fix (trim spaces, standardise case)"
18334,ATT009012,presenting_complaint,missing_presenting_complaint,fill with 'Unknown'
18335,ATT001404,disposition,inconsistent_text_format,"fix (trim spaces, standardise case)"
18338,ATT001639,"arrival_time, departure_time",mixed_date_format,fix (parse into one timestamp format)
18340,ATT008801,(entire row),duplicate_row,remove (keep first)
18343,ATT017564,presenting_complaint,inconsistent_text_format,"fix (trim spaces, standardise case)"
18344,ATT005449,presenting_complaint,inconsistent_text_format,"fix (trim spaces, standardise case)"
18348,ATT017074,disposition,inconsistent_text_format,"fix (trim spaces, standardise case)"
18348,ATT017074,"arrival_time, departure_time",mixed_date_format,fix (parse into one timestamp format)
18350,ATT006489,presenting_complaint,inconsistent_text_format,"fix (trim spaces, standardise case)"
18352,ATT013829,presenting_complaint,inconsistent_text_format,"fix (trim spaces, standardise case)"
18352,ATT013829,disposition,inconsistent_text_format,"fix (trim spaces, standardise case)"
18352,ATT013829,"arrival_time, departure_time",mixed_date_format,fix (parse into one timestamp format)
18353,ATT007155,disposition,inconsistent_text_format,"fix (trim spaces, standardise case)"
18354,ATT018719,"arrival_time, departure_time",mixed_date_format,fix (parse into one timestamp format)
18362,ATT008735,triage_category,triage_decimal_format,fix (3.0 -> 3)
18363,ATT011917,"arrival_time, departure_time",mixed_date_format,fix (parse into one timestamp format)
18365,ATT012416,presenting_complaint,inconsistent_text_format,"fix (trim spaces, standardise case)"
18367,ATT007341,presenting_complaint,inconsistent_text_format,"fix (trim spaces, standardise case)"
18368,ATT013892,gp_practice_code,missing_gp_code,set to NULL and flag
18369,ATT019354,presenting_complaint,inconsistent_text_format,"fix (trim spaces, standardise case)"
18369,ATT019354,"arrival_time, departure_time",mixed_date_format,fix (parse into one timestamp format)
18372,ATT002965,"arrival_time, departure_time",mixed_date_format,fix (parse into one timestamp format)
18373,ATT015752,"arrival_time, departure_time",mixed_date_format,fix (parse into one timestamp format)
18374,ATT015477,departure_time,extreme_length_of_stay,reject
18377,ATT018345,"arrival_time, departure_time",mixed_date_format,fix (parse into one timestamp format)
18378,ATT002531,gp_practice_code,missing_gp_code,set to NULL and flag
18380,ATT012705,(entire row),duplicate_row,remove (keep first)
18382,ATT008430,presenting_complaint,missing_presenting_complaint,fill with 'Unknown'
18384,ATT005902,"arrival_time, departure_time",mixed_date_format,fix (parse into one timestamp format)
18386,ATT018897,gp_practice_code,missing_gp_code,set to NULL and flag
18387,ATT005657,"arrival_time, departure_time",mixed_date_format,fix (parse into one timestamp format)
18391,ATT006722,arrival_time,missing_arrival_time,reject
18394,ATT008265,departure_time,departure_before_arrival,reject
18394,ATT008265,"arrival_time, departure_time",mixed_date_format,fix (parse into one timestamp format)
18395,ATT007694,gp_practice_code,gp_code_lowercase,fix (upper-case)
18397,ATT008154,(entire row),duplicate_row,remove (keep first)
18397,ATT008154,"arrival_time, departure_time",mixed_date_format,fix (parse into one timestamp format)
18398,ATT012266,gp_practice_code,gp_code_lowercase,fix (upper-case)
18400,ATT001827,presenting_complaint,inconsistent_text_format,"fix (trim spaces, standardise case)"
18400,ATT001827,arrival_time,missing_arrival_time,reject
18403,ATT004108,"arrival_time, departure_time",mixed_date_format,fix (parse into one timestamp format)
18404,ATT005436,"arrival_time, departure_time",mixed_date_format,fix (parse into one timestamp format)
18406,ATT010383,presenting_complaint,inconsistent_text_format,"fix (trim spaces, standardise case)"
18409,ATT019896,"arrival_time, departure_time",mixed_date_format,fix (parse into one timestamp format)
18410,ATT018074,(entire row),duplicate_row,remove (keep first)
18412,ATT019337,gp_practice_code,missing_gp_code,set to NULL and flag
18416,ATT005783,(entire row),duplicate_row,remove (keep first)
18418,ATT009716,disposition,inconsistent_text_format,"fix (trim spaces, standardise case)"
18423,ATT018811,gp_practice_code,missing_gp_code,set to NULL and flag
18424,ATT000149,"arrival_time, departure_time",mixed_date_format,fix (parse into one timestamp format)
18427,ATT015464,presenting_complaint,inconsistent_text_format,"fix (trim spaces, standardise case)"
18427,ATT015464,"arrival_time, departure_time",mixed_date_format,fix (parse into one timestamp format)
18430,ATT000237,"arrival_time, departure_time",mixed_date_format,fix (parse into one timestamp format)
18430,ATT000237,triage_category,triage_decimal_format,fix (3.0 -> 3)
18432,ATT019949,"arrival_time, departure_time",mixed_date_format,fix (parse into one timestamp format)
18434,ATT007124,disposition,inconsistent_text_format,"fix (trim spaces, standardise case)"
18442,ATT010527,disposition,inconsistent_text_format,"fix (trim spaces, standardise case)"
18445,ATT014789,pseudo_patient_id,missing_patient_id,reject
18447,ATT018784,gp_practice_code,missing_gp_code,set to NULL and flag
18448,ATT014110,gp_practice_code,missing_gp_code,set to NULL and flag
18449,ATT009687,disposition,missing_disposition,fill with 'Unknown'
18450,ATT005250,presenting_complaint,inconsistent_text_format,"fix (trim spaces, standardise case)"
18450,ATT005250,gp_practice_code,missing_gp_code,set to NULL and flag
18452,ATT007427,disposition,inconsistent_text_format,"fix (trim spaces, standardise case)"
18453,ATT012346,disposition,inconsistent_text_format,"fix (trim spaces, standardise case)"
18458,ATT014485,"arrival_time, departure_time",mixed_date_format,fix (parse into one timestamp format)
18463,ATT010872,(entire row),duplicate_row,remove (keep first)
18464,ATT003714,disposition,inconsistent_text_format,"fix (trim spaces, standardise case)"
18464,ATT003714,triage_category,triage_decimal_format,fix (3.0 -> 3)
18465,ATT006705,"arrival_time, departure_time",mixed_date_format,fix (parse into one timestamp format)
18466,ATT018189,presenting_complaint,inconsistent_text_format,"fix (trim spaces, standardise case)"
18467,ATT017092,presenting_complaint,missing_presenting_complaint,fill with 'Unknown'
18468,ATT019560,presenting_complaint,inconsistent_text_format,"fix (trim spaces, standardise case)"
18473,ATT007844,presenting_complaint,inconsistent_text_format,"fix (trim spaces, standardise case)"
18474,ATT012641,presenting_complaint,inconsistent_text_format,"fix (trim spaces, standardise case)"
18475,ATT014053,presenting_complaint,inconsistent_text_format,"fix (trim spaces, standardise case)"
18479,ATT010794,gp_practice_code,missing_gp_code,set to NULL and flag
18480,ATT001126,presenting_complaint,missing_presenting_complaint,fill with 'Unknown'
18482,ATT018207,(entire row),duplicate_row,remove (keep first)
18483,ATT011544,disposition,missing_disposition,fill with 'Unknown'
18484,ATT004359,presenting_complaint,inconsistent_text_format,"fix (trim spaces, standardise case)"
18485,ATT014115,presenting_complaint,inconsistent_text_format,"fix (trim spaces, standardise case)"
18485,ATT014115,"arrival_time, departure_time",mixed_date_format,fix (parse into one timestamp format)
18486,ATT017728,disposition,inconsistent_text_format,"fix (trim spaces, standardise case)"
18486,ATT017728,triage_category,invalid_triage_code,reject
18487,ATT005208,(entire row),duplicate_row,remove (keep first)
18489,ATT006653,disposition,inconsistent_text_format,"fix (trim spaces, standardise case)"
18490,ATT017485,disposition,missing_disposition,fill with 'Unknown'
18491,ATT009161,gp_practice_code,missing_gp_code,set to NULL and flag
18495,ATT002853,gp_practice_code,malformed_gp_code,set to NULL and flag
18495,ATT002853,"arrival_time, departure_time",mixed_date_format,fix (parse into one timestamp format)
18499,ATT014997,"arrival_time, departure_time",mixed_date_format,fix (parse into one timestamp format)
18502,ATT016867,gp_practice_code,missing_gp_code,set to NULL and flag
18503,ATT009655,presenting_complaint,inconsistent_text_format,"fix (trim spaces, standardise case)"
18503,ATT009655,disposition,inconsistent_text_format,"fix (trim spaces, standardise case)"
18504,ATT003041,"arrival_time, departure_time",mixed_date_format,fix (parse into one timestamp format)
18505,ATT016036,(entire row),duplicate_row,remove (keep first)
18507,ATT019081,presenting_complaint,inconsistent_text_format,"fix (trim spaces, standardise case)"
18509,ATT007228,presenting_complaint,missing_presenting_complaint,fill with 'Unknown'
18510,ATT003684,"arrival_time, departure_time",mixed_date_format,fix (parse into one timestamp format)
18519,ATT010618,disposition,inconsistent_text_format,"fix (trim spaces, standardise case)"
18520,ATT016394,disposition,inconsistent_text_format,"fix (trim spaces, standardise case)"
18523,ATT001301,presenting_complaint,inconsistent_text_format,"fix (trim spaces, standardise case)"
18524,ATT015223,departure_time,departure_before_arrival,reject
18526,ATT013674,disposition,missing_disposition,fill with 'Unknown'
18527,ATT009901,presenting_complaint,missing_presenting_complaint,fill with 'Unknown'
18528,ATT005496,"arrival_time, departure_time",mixed_date_format,fix (parse into one timestamp format)
18531,ATT012150,presenting_complaint,inconsistent_text_format,"fix (trim spaces, standardise case)"
18537,ATT007053,"arrival_time, departure_time",mixed_date_format,fix (parse into one timestamp format)
18538,ATT015946,presenting_complaint,inconsistent_text_format,"fix (trim spaces, standardise case)"
18539,ATT011372,(entire row),duplicate_row,remove (keep first)
18540,ATT015711,gp_practice_code,gp_code_lowercase,fix (upper-case)
18544,ATT012209,disposition,inconsistent_text_format,"fix (trim spaces, standardise case)"
18551,ATT003611,presenting_complaint,inconsistent_text_format,"fix (trim spaces, standardise case)"
18552,ATT007152,presenting_complaint,inconsistent_text_format,"fix (trim spaces, standardise case)"
18552,ATT007152,triage_category,triage_decimal_format,fix (3.0 -> 3)
18554,ATT006013,presenting_complaint,inconsistent_text_format,"fix (trim spaces, standardise case)"
18554,ATT006013,gp_practice_code,missing_gp_code,set to NULL and flag
18555,ATT013646,presenting_complaint,missing_presenting_complaint,fill with 'Unknown'
18555,ATT013646,"arrival_time, departure_time",mixed_date_format,fix (parse into one timestamp format)
18557,ATT004883,presenting_complaint,inconsistent_text_format,"fix (trim spaces, standardise case)"
18559,ATT013077,(entire row),duplicate_row,remove (keep first)
18559,ATT013077,"arrival_time, departure_time",mixed_date_format,fix (parse into one timestamp format)
18563,ATT008907,arrival_time,missing_arrival_time,reject
18565,ATT004432,"arrival_time, departure_time",mixed_date_format,fix (parse into one timestamp format)
18566,ATT018652,gp_practice_code,gp_code_lowercase,fix (upper-case)
18567,ATT000407,gp_practice_code,malformed_gp_code,set to NULL and flag
18568,ATT018667,"arrival_time, departure_time",mixed_date_format,fix (parse into one timestamp format)
18570,ATT016174,presenting_complaint,inconsistent_text_format,"fix (trim spaces, standardise case)"
18571,ATT008235,presenting_complaint,inconsistent_text_format,"fix (trim spaces, standardise case)"
18571,ATT008235,"arrival_time, departure_time",mixed_date_format,fix (parse into one timestamp format)
18573,ATT014052,(entire row),duplicate_row,remove (keep first)
18573,ATT014052,disposition,inconsistent_text_format,"fix (trim spaces, standardise case)"
18577,ATT000012,presenting_complaint,inconsistent_text_format,"fix (trim spaces, standardise case)"
18578,ATT004761,presenting_complaint,missing_presenting_complaint,fill with 'Unknown'
18583,ATT009219,disposition,inconsistent_text_format,"fix (trim spaces, standardise case)"
18588,ATT011531,disposition,inconsistent_text_format,"fix (trim spaces, standardise case)"
18589,ATT014438,disposition,inconsistent_text_format,"fix (trim spaces, standardise case)"
18591,ATT012593,presenting_complaint,inconsistent_text_format,"fix (trim spaces, standardise case)"
18592,ATT017825,gp_practice_code,missing_gp_code,set to NULL and flag
18592,ATT017825,"arrival_time, departure_time",mixed_date_format,fix (parse into one timestamp format)
18593,ATT005913,(entire row),duplicate_row,remove (keep first)
18595,ATT012179,"arrival_time, departure_time",mixed_date_format,fix (parse into one timestamp format)
18598,ATT019145,(entire row),duplicate_row,remove (keep first)
18600,ATT016839,disposition,inconsistent_text_format,"fix (trim spaces, standardise case)"
18601,ATT009014,disposition,missing_disposition,fill with 'Unknown'
18602,ATT008190,"arrival_time, departure_time",mixed_date_format,fix (parse into one timestamp format)
18604,ATT003713,departure_time,departure_before_arrival,reject
18613,ATT003174,departure_time,departure_before_arrival,reject
18618,ATT012976,"arrival_time, departure_time",mixed_date_format,fix (parse into one timestamp format)
18619,ATT007849,disposition,inconsistent_text_format,"fix (trim spaces, standardise case)"
18623,ATT017088,"arrival_time, departure_time",mixed_date_format,fix (parse into one timestamp format)
18625,ATT019235,presenting_complaint,inconsistent_text_format,"fix (trim spaces, standardise case)"
18627,ATT008126,disposition,inconsistent_text_format,"fix (trim spaces, standardise case)"
18631,ATT013966,departure_time,missing_departure_time,reject
18632,ATT014288,disposition,inconsistent_text_format,"fix (trim spaces, standardise case)"
18633,ATT013599,(entire row),duplicate_row,remove (keep first)
18634,ATT019365,"arrival_time, departure_time",mixed_date_format,fix (parse into one timestamp format)
18635,ATT004441,gp_practice_code,gp_code_lowercase,fix (upper-case)
18635,ATT004441,presenting_complaint,missing_presenting_complaint,fill with 'Unknown'
18637,ATT017371,disposition,inconsistent_text_format,"fix (trim spaces, standardise case)"
18637,ATT017371,"arrival_time, departure_time",mixed_date_format,fix (parse into one timestamp format)
18638,ATT019868,presenting_complaint,inconsistent_text_format,"fix (trim spaces, standardise case)"
18638,ATT019868,"arrival_time, departure_time",mixed_date_format,fix (parse into one timestamp format)
18643,ATT005239,"arrival_time, departure_time",mixed_date_format,fix (parse into one timestamp format)
18648,ATT019424,presenting_complaint,inconsistent_text_format,"fix (trim spaces, standardise case)"
18648,ATT019424,"arrival_time, departure_time",mixed_date_format,fix (parse into one timestamp format)
18650,ATT007520,disposition,missing_disposition,fill with 'Unknown'
18654,ATT010226,presenting_complaint,inconsistent_text_format,"fix (trim spaces, standardise case)"
18656,ATT017276,"arrival_time, departure_time",mixed_date_format,fix (parse into one timestamp format)
18657,ATT010986,disposition,inconsistent_text_format,"fix (trim spaces, standardise case)"
18663,ATT013606,departure_time,missing_departure_time,reject
18666,ATT003250,presenting_complaint,inconsistent_text_format,"fix (trim spaces, standardise case)"
18667,ATT006571,presenting_complaint,inconsistent_text_format,"fix (trim spaces, standardise case)"
18667,ATT006571,pseudo_patient_id,missing_patient_id,reject
18669,ATT015399,disposition,inconsistent_text_format,"fix (trim spaces, standardise case)"
18670,ATT012505,"arrival_time, departure_time",mixed_date_format,fix (parse into one timestamp format)
18671,ATT000126,disposition,inconsistent_text_format,"fix (trim spaces, standardise case)"
18671,ATT000126,gp_practice_code,missing_gp_code,set to NULL and flag
18672,ATT016171,"arrival_time, departure_time",mixed_date_format,fix (parse into one timestamp format)
18675,ATT002290,presenting_complaint,inconsistent_text_format,"fix (trim spaces, standardise case)"
18677,ATT001230,presenting_complaint,inconsistent_text_format,"fix (trim spaces, standardise case)"
18677,ATT001230,departure_time,missing_departure_time,reject
18678,ATT009201,presenting_complaint,inconsistent_text_format,"fix (trim spaces, standardise case)"
18678,ATT009201,gp_practice_code,malformed_gp_code,set to NULL and flag
18680,ATT005179,disposition,inconsistent_text_format,"fix (trim spaces, standardise case)"
18681,ATT010725,disposition,inconsistent_text_format,"fix (trim spaces, standardise case)"
18682,ATT001059,presenting_complaint,inconsistent_text_format,"fix (trim spaces, standardise case)"
18686,ATT014847,"arrival_time, departure_time",mixed_date_format,fix (parse into one timestamp format)
18689,ATT001940,presenting_complaint,inconsistent_text_format,"fix (trim spaces, standardise case)"
18689,ATT001940,"arrival_time, departure_time",mixed_date_format,fix (parse into one timestamp format)
18691,ATT017659,disposition,inconsistent_text_format,"fix (trim spaces, standardise case)"
18692,ATT000620,presenting_complaint,missing_presenting_complaint,fill with 'Unknown'
18695,ATT017775,presenting_complaint,missing_presenting_complaint,fill with 'Unknown'
18703,ATT009500,gp_practice_code,missing_gp_code,set to NULL and flag
18704,ATT006100,presenting_complaint,inconsistent_text_format,"fix (trim spaces, standardise case)"
18706,ATT010553,departure_time,extreme_length_of_stay,reject
18707,ATT013995,"arrival_time, departure_time",mixed_date_format,fix (parse into one timestamp format)
18708,ATT019157,presenting_complaint,missing_presenting_complaint,fill with 'Unknown'
18709,ATT015636,"arrival_time, departure_time",mixed_date_format,fix (parse into one timestamp format)
18712,ATT013150,gp_practice_code,gp_code_lowercase,fix (upper-case)
18712,ATT013150,presenting_complaint,inconsistent_text_format,"fix (trim spaces, standardise case)"
18714,ATT005725,disposition,inconsistent_text_format,"fix (trim spaces, standardise case)"
18715,ATT010832,presenting_complaint,inconsistent_text_format,"fix (trim spaces, standardise case)"
18715,ATT010832,disposition,missing_disposition,fill with 'Unknown'
18720,ATT003375,arrival_time,future_dated_attendance,reject
18724,ATT002114,presenting_complaint,inconsistent_text_format,"fix (trim spaces, standardise case)"
18728,ATT008322,gp_practice_code,malformed_gp_code,set to NULL and flag
18728,ATT008322,"arrival_time, departure_time",mixed_date_format,fix (parse into one timestamp format)
18731,ATT002279,presenting_complaint,inconsistent_text_format,"fix (trim spaces, standardise case)"
18731,ATT002279,triage_category,invalid_triage_code,reject
18731,ATT002279,"arrival_time, departure_time",mixed_date_format,fix (parse into one timestamp format)
18733,ATT000014,presenting_complaint,inconsistent_text_format,"fix (trim spaces, standardise case)"
18733,ATT000014,"arrival_time, departure_time",mixed_date_format,fix (parse into one timestamp format)
18734,ATT001647,arrival_time,missing_arrival_time,reject
18735,ATT017910,"arrival_time, departure_time",mixed_date_format,fix (parse into one timestamp format)
18740,ATT018840,arrival_time,missing_arrival_time,reject
18747,ATT015597,disposition,inconsistent_text_format,"fix (trim spaces, standardise case)"
18748,ATT009462,"arrival_time, departure_time",mixed_date_format,fix (parse into one timestamp format)
18753,ATT011172,triage_category,invalid_triage_code,reject
18754,ATT017359,(entire row),duplicate_row,remove (keep first)
18755,ATT012004,"arrival_time, departure_time",mixed_date_format,fix (parse into one timestamp format)
18755,ATT012004,triage_category,triage_decimal_format,fix (3.0 -> 3)
18756,ATT006564,gp_practice_code,missing_gp_code,set to NULL and flag
18756,ATT006564,"arrival_time, departure_time",mixed_date_format,fix (parse into one timestamp format)
18758,ATT015283,presenting_complaint,inconsistent_text_format,"fix (trim spaces, standardise case)"
18759,ATT018097,presenting_complaint,inconsistent_text_format,"fix (trim spaces, standardise case)"
18761,ATT006878,(entire row),duplicate_row,remove (keep first)
18761,ATT006878,presenting_complaint,inconsistent_text_format,"fix (trim spaces, standardise case)"
18763,ATT006676,presenting_complaint,inconsistent_text_format,"fix (trim spaces, standardise case)"
18769,ATT000957,gp_practice_code,missing_gp_code,set to NULL and flag
18770,ATT016543,gp_practice_code,missing_gp_code,set to NULL and flag
18773,ATT000353,"arrival_time, departure_time",mixed_date_format,fix (parse into one timestamp format)
18774,ATT013519,arrival_time,missing_arrival_time,reject
18776,ATT006237,gp_practice_code,missing_gp_code,set to NULL and flag
18777,ATT012733,presenting_complaint,inconsistent_text_format,"fix (trim spaces, standardise case)"
18781,ATT002921,presenting_complaint,inconsistent_text_format,"fix (trim spaces, standardise case)"
18781,ATT002921,gp_practice_code,missing_gp_code,set to NULL and flag
18783,ATT004645,presenting_complaint,inconsistent_text_format,"fix (trim spaces, standardise case)"
18783,ATT004645,gp_practice_code,malformed_gp_code,set to NULL and flag
18784,ATT000662,departure_time,departure_before_arrival,reject
18789,ATT004791,"arrival_time, departure_time",mixed_date_format,fix (parse into one timestamp format)
18790,ATT002357,"arrival_time, departure_time",mixed_date_format,fix (parse into one timestamp format)
18791,ATT011895,departure_time,extreme_length_of_stay,reject
18792,ATT018312,"arrival_time, departure_time",mixed_date_format,fix (parse into one timestamp format)
18793,ATT005159,(entire row),duplicate_row,remove (keep first)
18794,ATT017651,presenting_complaint,inconsistent_text_format,"fix (trim spaces, standardise case)"
18796,ATT001561,presenting_complaint,inconsistent_text_format,"fix (trim spaces, standardise case)"
18797,ATT011788,presenting_complaint,inconsistent_text_format,"fix (trim spaces, standardise case)"
18801,ATT015314,disposition,inconsistent_text_format,"fix (trim spaces, standardise case)"
18804,ATT000515,gp_practice_code,gp_code_lowercase,fix (upper-case)
18804,ATT000515,"arrival_time, departure_time",mixed_date_format,fix (parse into one timestamp format)
18807,ATT016406,presenting_complaint,inconsistent_text_format,"fix (trim spaces, standardise case)"
18808,ATT009155,(entire row),duplicate_row,remove (keep first)
18808,ATT009155,presenting_complaint,inconsistent_text_format,"fix (trim spaces, standardise case)"
18810,ATT000208,"arrival_time, departure_time",mixed_date_format,fix (parse into one timestamp format)
18813,ATT002431,"arrival_time, departure_time",mixed_date_format,fix (parse into one timestamp format)
18814,ATT013630,presenting_complaint,inconsistent_text_format,"fix (trim spaces, standardise case)"
18814,ATT013630,"arrival_time, departure_time",mixed_date_format,fix (parse into one timestamp format)
18816,ATT003912,presenting_complaint,inconsistent_text_format,"fix (trim spaces, standardise case)"
18816,ATT003912,disposition,inconsistent_text_format,"fix (trim spaces, standardise case)"
18823,ATT019648,presenting_complaint,inconsistent_text_format,"fix (trim spaces, standardise case)"
18823,ATT019648,disposition,inconsistent_text_format,"fix (trim spaces, standardise case)"
18828,ATT016370,"arrival_time, departure_time",mixed_date_format,fix (parse into one timestamp format)
18829,ATT010362,gp_practice_code,missing_gp_code,set to NULL and flag
18830,ATT018094,departure_time,departure_before_arrival,reject
18830,ATT018094,"arrival_time, departure_time",mixed_date_format,fix (parse into one timestamp format)
18831,ATT000090,presenting_complaint,missing_presenting_complaint,fill with 'Unknown'
18831,ATT000090,"arrival_time, departure_time",mixed_date_format,fix (parse into one timestamp format)
18834,ATT017302,presenting_complaint,inconsistent_text_format,"fix (trim spaces, standardise case)"
18835,ATT014452,presenting_complaint,inconsistent_text_format,"fix (trim spaces, standardise case)"
18837,ATT012237,"arrival_time, departure_time",mixed_date_format,fix (parse into one timestamp format)
18838,ATT014057,"arrival_time, departure_time",mixed_date_format,fix (parse into one timestamp format)
18843,ATT002721,disposition,inconsistent_text_format,"fix (trim spaces, standardise case)"
18847,ATT015823,"arrival_time, departure_time",mixed_date_format,fix (parse into one timestamp format)
18848,ATT009854,(entire row),duplicate_row,remove (keep first)
18849,ATT019835,presenting_complaint,inconsistent_text_format,"fix (trim spaces, standardise case)"
18854,ATT000214,presenting_complaint,inconsistent_text_format,"fix (trim spaces, standardise case)"
18855,ATT017163,"arrival_time, departure_time",mixed_date_format,fix (parse into one timestamp format)
18856,ATT018428,(entire row),duplicate_row,remove (keep first)
18860,ATT017774,disposition,inconsistent_text_format,"fix (trim spaces, standardise case)"
18860,ATT017774,triage_category,triage_decimal_format,fix (3.0 -> 3)
18862,ATT016968,presenting_complaint,inconsistent_text_format,"fix (trim spaces, standardise case)"
18863,ATT006014,(entire row),duplicate_row,remove (keep first)
18863,ATT006014,presenting_complaint,inconsistent_text_format,"fix (trim spaces, standardise case)"
18866,ATT009677,(entire row),duplicate_row,remove (keep first)
18868,ATT008713,presenting_complaint,inconsistent_text_format,"fix (trim spaces, standardise case)"
18871,ATT013548,"arrival_time, departure_time",mixed_date_format,fix (parse into one timestamp format)
18874,ATT003225,gp_practice_code,gp_code_lowercase,fix (upper-case)
18874,ATT003225,presenting_complaint,inconsistent_text_format,"fix (trim spaces, standardise case)"
18875,ATT000527,"arrival_time, departure_time",mixed_date_format,fix (parse into one timestamp format)
18877,ATT012092,"arrival_time, departure_time",mixed_date_format,fix (parse into one timestamp format)
18880,ATT006060,presenting_complaint,inconsistent_text_format,"fix (trim spaces, standardise case)"
18880,ATT006060,gp_practice_code,missing_gp_code,set to NULL and flag
18882,ATT006343,presenting_complaint,inconsistent_text_format,"fix (trim spaces, standardise case)"
18884,ATT017435,"arrival_time, departure_time",mixed_date_format,fix (parse into one timestamp format)
18885,ATT008783,"arrival_time, departure_time",mixed_date_format,fix (parse into one timestamp format)
18886,ATT008712,presenting_complaint,inconsistent_text_format,"fix (trim spaces, standardise case)"
18886,ATT008712,disposition,inconsistent_text_format,"fix (trim spaces, standardise case)"
18886,ATT008712,"arrival_time, departure_time",mixed_date_format,fix (parse into one timestamp format)
18890,ATT019389,triage_category,invalid_triage_code,reject
18890,ATT019389,"arrival_time, departure_time",mixed_date_format,fix (parse into one timestamp format)
18891,ATT006574,presenting_complaint,missing_presenting_complaint,fill with 'Unknown'
18891,ATT006574,"arrival_time, departure_time",mixed_date_format,fix (parse into one timestamp format)
18892,ATT001608,"arrival_time, departure_time",mixed_date_format,fix (parse into one timestamp format)
18893,ATT009922,(entire row),duplicate_row,remove (keep first)
18894,ATT017253,(entire row),duplicate_row,remove (keep first)
18894,ATT017253,"arrival_time, departure_time",mixed_date_format,fix (parse into one timestamp format)
18895,ATT015884,gp_practice_code,malformed_gp_code,set to NULL and flag
18898,ATT015523,triage_category,triage_decimal_format,fix (3.0 -> 3)
18899,ATT001981,(entire row),duplicate_row,remove (keep first)
18905,ATT005627,gp_practice_code,missing_gp_code,set to NULL and flag
18909,ATT006447,departure_time,departure_before_arrival,reject
18912,ATT011646,presenting_complaint,inconsistent_text_format,"fix (trim spaces, standardise case)"
18915,ATT013262,presenting_complaint,inconsistent_text_format,"fix (trim spaces, standardise case)"
18915,ATT013262,disposition,inconsistent_text_format,"fix (trim spaces, standardise case)"
18917,ATT018208,"arrival_time, departure_time",mixed_date_format,fix (parse into one timestamp format)
18922,ATT003343,"arrival_time, departure_time",mixed_date_format,fix (parse into one timestamp format)
18923,ATT016423,presenting_complaint,missing_presenting_complaint,fill with 'Unknown'
18924,ATT006541,presenting_complaint,inconsistent_text_format,"fix (trim spaces, standardise case)"
18926,ATT003357,"arrival_time, departure_time",mixed_date_format,fix (parse into one timestamp format)
18930,ATT014415,presenting_complaint,inconsistent_text_format,"fix (trim spaces, standardise case)"
18932,ATT008735,(entire row),duplicate_row,remove (keep first)
18932,ATT008735,triage_category,triage_decimal_format,fix (3.0 -> 3)
18933,ATT002429,presenting_complaint,missing_presenting_complaint,fill with 'Unknown'
18934,ATT011940,(entire row),duplicate_row,remove (keep first)
18936,ATT004800,presenting_complaint,inconsistent_text_format,"fix (trim spaces, standardise case)"
18940,ATT009078,gp_practice_code,missing_gp_code,set to NULL and flag
18943,ATT017425,"arrival_time, departure_time",mixed_date_format,fix (parse into one timestamp format)
18948,ATT019643,presenting_complaint,inconsistent_text_format,"fix (trim spaces, standardise case)"
18949,ATT007060,gp_practice_code,missing_gp_code,set to NULL and flag
18953,ATT002383,gp_practice_code,missing_gp_code,set to NULL and flag
18954,ATT000572,presenting_complaint,inconsistent_text_format,"fix (trim spaces, standardise case)"
18956,ATT013282,gp_practice_code,missing_gp_code,set to NULL and flag
18959,ATT014750,"arrival_time, departure_time",mixed_date_format,fix (parse into one timestamp format)
18960,ATT010707,gp_practice_code,malformed_gp_code,set to NULL and flag
18961,ATT005446,presenting_complaint,inconsistent_text_format,"fix (trim spaces, standardise case)"
18962,ATT001008,"arrival_time, departure_time",mixed_date_format,fix (parse into one timestamp format)
18963,ATT004544,"arrival_time, departure_time",mixed_date_format,fix (parse into one timestamp format)
18963,ATT004544,triage_category,triage_decimal_format,fix (3.0 -> 3)
18965,ATT007010,"arrival_time, departure_time",mixed_date_format,fix (parse into one timestamp format)
18966,ATT002065,disposition,inconsistent_text_format,"fix (trim spaces, standardise case)"
18970,ATT000295,"arrival_time, departure_time",mixed_date_format,fix (parse into one timestamp format)
18975,ATT003742,disposition,inconsistent_text_format,"fix (trim spaces, standardise case)"
18975,ATT003742,"arrival_time, departure_time",mixed_date_format,fix (parse into one timestamp format)
18976,ATT011701,"arrival_time, departure_time",mixed_date_format,fix (parse into one timestamp format)
18977,ATT002720,(entire row),duplicate_row,remove (keep first)
18986,ATT002470,presenting_complaint,inconsistent_text_format,"fix (trim spaces, standardise case)"
18986,ATT002470,disposition,inconsistent_text_format,"fix (trim spaces, standardise case)"
18987,ATT003739,"arrival_time, departure_time",mixed_date_format,fix (parse into one timestamp format)
18990,ATT006925,"arrival_time, departure_time",mixed_date_format,fix (parse into one timestamp format)
18992,ATT014689,gp_practice_code,missing_gp_code,set to NULL and flag
18995,ATT007315,disposition,inconsistent_text_format,"fix (trim spaces, standardise case)"
18998,ATT011304,gp_practice_code,missing_gp_code,set to NULL and flag
19000,ATT018547,departure_time,extreme_length_of_stay,reject
19001,ATT002397,"arrival_time, departure_time",mixed_date_format,fix (parse into one timestamp format)
19003,ATT014560,presenting_complaint,inconsistent_text_format,"fix (trim spaces, standardise case)"
19003,ATT014560,"arrival_time, departure_time",mixed_date_format,fix (parse into one timestamp format)
19003,ATT014560,triage_category,triage_decimal_format,fix (3.0 -> 3)
19004,ATT009517,"arrival_time, departure_time",mixed_date_format,fix (parse into one timestamp format)
19005,ATT005234,gp_practice_code,missing_gp_code,set to NULL and flag
19007,ATT008988,"arrival_time, departure_time",mixed_date_format,fix (parse into one timestamp format)
19009,ATT009904,disposition,missing_disposition,fill with 'Unknown'
19011,ATT009106,disposition,missing_disposition,fill with 'Unknown'
19012,ATT013914,triage_category,triage_decimal_format,fix (3.0 -> 3)
19013,ATT005296,presenting_complaint,inconsistent_text_format,"fix (trim spaces, standardise case)"
19017,ATT000975,"arrival_time, departure_time",mixed_date_format,fix (parse into one timestamp format)
19022,ATT013775,"arrival_time, departure_time",mixed_date_format,fix (parse into one timestamp format)
19026,ATT013240,disposition,inconsistent_text_format,"fix (trim spaces, standardise case)"
19031,ATT001934,presenting_complaint,inconsistent_text_format,"fix (trim spaces, standardise case)"
19031,ATT001934,"arrival_time, departure_time",mixed_date_format,fix (parse into one timestamp format)
19032,ATT004676,"arrival_time, departure_time",mixed_date_format,fix (parse into one timestamp format)
19034,ATT000893,"arrival_time, departure_time",mixed_date_format,fix (parse into one timestamp format)
19035,ATT007288,presenting_complaint,missing_presenting_complaint,fill with 'Unknown'
19041,ATT018298,presenting_complaint,inconsistent_text_format,"fix (trim spaces, standardise case)"
19048,ATT015877,presenting_complaint,inconsistent_text_format,"fix (trim spaces, standardise case)"
19049,ATT014200,arrival_time,missing_arrival_time,reject
19060,ATT019596,(entire row),duplicate_row,remove (keep first)
19061,ATT016221,"arrival_time, departure_time",mixed_date_format,fix (parse into one timestamp format)
19062,ATT014900,"arrival_time, departure_time",mixed_date_format,fix (parse into one timestamp format)
19064,ATT014562,disposition,inconsistent_text_format,"fix (trim spaces, standardise case)"
19065,ATT001869,"arrival_time, departure_time",mixed_date_format,fix (parse into one timestamp format)
19069,ATT014272,(entire row),duplicate_row,remove (keep first)
19071,ATT019510,presenting_complaint,inconsistent_text_format,"fix (trim spaces, standardise case)"
19072,ATT002255,(entire row),duplicate_row,remove (keep first)
19073,ATT010427,"arrival_time, departure_time",mixed_date_format,fix (parse into one timestamp format)
19077,ATT002633,"arrival_time, departure_time",mixed_date_format,fix (parse into one timestamp format)
19078,ATT014287,departure_time,departure_before_arrival,reject
19081,ATT000146,presenting_complaint,inconsistent_text_format,"fix (trim spaces, standardise case)"
19084,ATT011693,"arrival_time, departure_time",mixed_date_format,fix (parse into one timestamp format)
19087,ATT012677,(entire row),duplicate_row,remove (keep first)
19089,ATT019115,"arrival_time, departure_time",mixed_date_format,fix (parse into one timestamp format)
19090,ATT007070,"arrival_time, departure_time",mixed_date_format,fix (parse into one timestamp format)
19094,ATT000272,disposition,inconsistent_text_format,"fix (trim spaces, standardise case)"
19095,ATT012985,"arrival_time, departure_time",mixed_date_format,fix (parse into one timestamp format)
19096,ATT008437,departure_time,departure_before_arrival,reject
19096,ATT008437,presenting_complaint,inconsistent_text_format,"fix (trim spaces, standardise case)"
19098,ATT012317,departure_time,missing_departure_time,reject
19099,ATT012049,(entire row),duplicate_row,remove (keep first)
19099,ATT012049,gp_practice_code,gp_code_lowercase,fix (upper-case)
19101,ATT012641,(entire row),duplicate_row,remove (keep first)
19101,ATT012641,presenting_complaint,inconsistent_text_format,"fix (trim spaces, standardise case)"
19108,ATT008503,disposition,inconsistent_text_format,"fix (trim spaces, standardise case)"
19111,ATT009324,"arrival_time, departure_time",mixed_date_format,fix (parse into one timestamp format)
19112,ATT013738,disposition,inconsistent_text_format,"fix (trim spaces, standardise case)"
19112,ATT013738,"arrival_time, departure_time",mixed_date_format,fix (parse into one timestamp format)
19114,ATT007565,"arrival_time, departure_time",mixed_date_format,fix (parse into one timestamp format)
19117,ATT011780,"arrival_time, departure_time",mixed_date_format,fix (parse into one timestamp format)
19118,ATT006641,disposition,inconsistent_text_format,"fix (trim spaces, standardise case)"
19118,ATT006641,"arrival_time, departure_time",mixed_date_format,fix (parse into one timestamp format)
19119,ATT008231,"arrival_time, departure_time",mixed_date_format,fix (parse into one timestamp format)
19121,ATT002984,presenting_complaint,inconsistent_text_format,"fix (trim spaces, standardise case)"
19122,ATT016515,presenting_complaint,missing_presenting_complaint,fill with 'Unknown'
19124,ATT002668,"arrival_time, departure_time",mixed_date_format,fix (parse into one timestamp format)
19127,ATT017851,disposition,inconsistent_text_format,"fix (trim spaces, standardise case)"
19132,ATT001501,disposition,inconsistent_text_format,"fix (trim spaces, standardise case)"
19133,ATT009019,"arrival_time, departure_time",mixed_date_format,fix (parse into one timestamp format)
19134,ATT017906,"arrival_time, departure_time",mixed_date_format,fix (parse into one timestamp format)
19136,ATT015024,gp_practice_code,malformed_gp_code,set to NULL and flag
19145,ATT004807,(entire row),duplicate_row,remove (keep first)
19148,ATT011919,departure_time,missing_departure_time,reject
19154,ATT011345,"arrival_time, departure_time",mixed_date_format,fix (parse into one timestamp format)
19156,ATT012255,presenting_complaint,missing_presenting_complaint,fill with 'Unknown'
19157,ATT006206,(entire row),duplicate_row,remove (keep first)
19158,ATT000339,"arrival_time, departure_time",mixed_date_format,fix (parse into one timestamp format)
19162,ATT016714,presenting_complaint,inconsistent_text_format,"fix (trim spaces, standardise case)"
19163,ATT003005,"arrival_time, departure_time",mixed_date_format,fix (parse into one timestamp format)
19168,ATT009651,"arrival_time, departure_time",mixed_date_format,fix (parse into one timestamp format)
19170,ATT019686,departure_time,missing_departure_time,reject
19170,ATT019686,"arrival_time, departure_time",mixed_date_format,fix (parse into one timestamp format)
19173,ATT019339,departure_time,missing_departure_time,reject
19176,ATT000061,"arrival_time, departure_time",mixed_date_format,fix (parse into one timestamp format)
19177,ATT001241,disposition,missing_disposition,fill with 'Unknown'
19179,ATT002344,gp_practice_code,gp_code_lowercase,fix (upper-case)
19181,ATT002121,departure_time,missing_departure_time,reject
19182,ATT001525,disposition,inconsistent_text_format,"fix (trim spaces, standardise case)"
19182,ATT001525,"arrival_time, departure_time",mixed_date_format,fix (parse into one timestamp format)
19183,ATT007618,disposition,inconsistent_text_format,"fix (trim spaces, standardise case)"
19183,ATT007618,"arrival_time, departure_time",mixed_date_format,fix (parse into one timestamp format)
19184,ATT000154,"arrival_time, departure_time",mixed_date_format,fix (parse into one timestamp format)
19184,ATT000154,triage_category,triage_decimal_format,fix (3.0 -> 3)
19189,ATT012113,departure_time,missing_departure_time,reject
19190,ATT015851,gp_practice_code,malformed_gp_code,set to NULL and flag
19191,ATT001763,presenting_complaint,inconsistent_text_format,"fix (trim spaces, standardise case)"
19191,ATT001763,disposition,inconsistent_text_format,"fix (trim spaces, standardise case)"
19191,ATT001763,gp_practice_code,missing_gp_code,set to NULL and flag
19196,ATT004854,disposition,inconsistent_text_format,"fix (trim spaces, standardise case)"
19199,ATT011047,gp_practice_code,missing_gp_code,set to NULL and flag
19201,ATT013082,"arrival_time, departure_time",mixed_date_format,fix (parse into one timestamp format)
19210,ATT011665,presenting_complaint,inconsistent_text_format,"fix (trim spaces, standardise case)"
19211,ATT008647,"arrival_time, departure_time",mixed_date_format,fix (parse into one timestamp format)
19212,ATT015157,presenting_complaint,missing_presenting_complaint,fill with 'Unknown'
19213,ATT019464,presenting_complaint,inconsistent_text_format,"fix (trim spaces, standardise case)"
19215,ATT017030,disposition,inconsistent_text_format,"fix (trim spaces, standardise case)"
19216,ATT015647,disposition,inconsistent_text_format,"fix (trim spaces, standardise case)"
19216,ATT015647,"arrival_time, departure_time",mixed_date_format,fix (parse into one timestamp format)
19217,ATT007993,presenting_complaint,inconsistent_text_format,"fix (trim spaces, standardise case)"
19220,ATT008042,gp_practice_code,malformed_gp_code,set to NULL and flag
19222,ATT001623,"arrival_time, departure_time",mixed_date_format,fix (parse into one timestamp format)
19223,ATT012876,presenting_complaint,inconsistent_text_format,"fix (trim spaces, standardise case)"
19226,ATT016459,departure_time,missing_departure_time,reject
19227,ATT008997,presenting_complaint,inconsistent_text_format,"fix (trim spaces, standardise case)"
19231,ATT018926,presenting_complaint,missing_presenting_complaint,fill with 'Unknown'
19232,ATT017686,presenting_complaint,inconsistent_text_format,"fix (trim spaces, standardise case)"
19233,ATT001305,presenting_complaint,inconsistent_text_format,"fix (trim spaces, standardise case)"
19234,ATT008429,presenting_complaint,inconsistent_text_format,"fix (trim spaces, standardise case)"
19234,ATT008429,"arrival_time, departure_time",mixed_date_format,fix (parse into one timestamp format)
19236,ATT002600,disposition,inconsistent_text_format,"fix (trim spaces, standardise case)"
19236,ATT002600,"arrival_time, departure_time",mixed_date_format,fix (parse into one timestamp format)
19237,ATT012809,presenting_complaint,missing_presenting_complaint,fill with 'Unknown'
19242,ATT016087,gp_practice_code,gp_code_lowercase,fix (upper-case)
19245,ATT015518,presenting_complaint,inconsistent_text_format,"fix (trim spaces, standardise case)"
19245,ATT015518,disposition,inconsistent_text_format,"fix (trim spaces, standardise case)"
19246,ATT012881,presenting_complaint,inconsistent_text_format,"fix (trim spaces, standardise case)"
19248,ATT019707,(entire row),duplicate_row,remove (keep first)
19248,ATT019707,"arrival_time, departure_time",mixed_date_format,fix (parse into one timestamp format)
19254,ATT014597,disposition,inconsistent_text_format,"fix (trim spaces, standardise case)"
19255,ATT017940,departure_time,departure_before_arrival,reject
19255,ATT017940,presenting_complaint,inconsistent_text_format,"fix (trim spaces, standardise case)"
19257,ATT004567,"arrival_time, departure_time",mixed_date_format,fix (parse into one timestamp format)
19258,ATT015005,(entire row),duplicate_row,remove (keep first)
19261,ATT010113,presenting_complaint,missing_presenting_complaint,fill with 'Unknown'
19263,ATT017693,"arrival_time, departure_time",mixed_date_format,fix (parse into one timestamp format)
19273,ATT000823,"arrival_time, departure_time",mixed_date_format,fix (parse into one timestamp format)
19275,ATT008357,triage_category,triage_decimal_format,fix (3.0 -> 3)
19277,ATT018923,"arrival_time, departure_time",mixed_date_format,fix (parse into one timestamp format)
19284,ATT007219,"arrival_time, departure_time",mixed_date_format,fix (parse into one timestamp format)
19285,ATT006723,"arrival_time, departure_time",mixed_date_format,fix (parse into one timestamp format)
19286,ATT003301,presenting_complaint,inconsistent_text_format,"fix (trim spaces, standardise case)"
19288,ATT016381,"arrival_time, departure_time",mixed_date_format,fix (parse into one timestamp format)
19290,ATT014296,disposition,inconsistent_text_format,"fix (trim spaces, standardise case)"
19293,ATT017217,"arrival_time, departure_time",mixed_date_format,fix (parse into one timestamp format)
19295,ATT014860,(entire row),duplicate_row,remove (keep first)
19296,ATT007644,presenting_complaint,inconsistent_text_format,"fix (trim spaces, standardise case)"
19298,ATT014423,disposition,inconsistent_text_format,"fix (trim spaces, standardise case)"
19302,ATT013088,gp_practice_code,malformed_gp_code,set to NULL and flag
19306,ATT005798,"arrival_time, departure_time",mixed_date_format,fix (parse into one timestamp format)
19307,ATT011486,disposition,inconsistent_text_format,"fix (trim spaces, standardise case)"
19313,ATT018450,gp_practice_code,missing_gp_code,set to NULL and flag
19314,ATT007312,presenting_complaint,inconsistent_text_format,"fix (trim spaces, standardise case)"
19315,ATT002764,(entire row),duplicate_row,remove (keep first)
19318,ATT000952,"arrival_time, departure_time",mixed_date_format,fix (parse into one timestamp format)
19335,ATT013473,presenting_complaint,inconsistent_text_format,"fix (trim spaces, standardise case)"
19335,ATT013473,"arrival_time, departure_time",mixed_date_format,fix (parse into one timestamp format)
19336,ATT012998,presenting_complaint,inconsistent_text_format,"fix (trim spaces, standardise case)"
19337,ATT005300,departure_time,departure_before_arrival,reject
19338,ATT001991,departure_time,departure_before_arrival,reject
19339,ATT012313,"arrival_time, departure_time",mixed_date_format,fix (parse into one timestamp format)
19340,ATT012952,"arrival_time, departure_time",mixed_date_format,fix (parse into one timestamp format)
19344,ATT001323,(entire row),duplicate_row,remove (keep first)
19345,ATT013227,disposition,inconsistent_text_format,"fix (trim spaces, standardise case)"
19346,ATT006784,disposition,inconsistent_text_format,"fix (trim spaces, standardise case)"
19348,ATT017007,(entire row),duplicate_row,remove (keep first)
19350,ATT008578,triage_category,invalid_triage_code,reject
19351,ATT007974,gp_practice_code,missing_gp_code,set to NULL and flag
19354,ATT016921,presenting_complaint,inconsistent_text_format,"fix (trim spaces, standardise case)"
19355,ATT007971,presenting_complaint,inconsistent_text_format,"fix (trim spaces, standardise case)"
19363,ATT004663,disposition,inconsistent_text_format,"fix (trim spaces, standardise case)"
19369,ATT003418,disposition,inconsistent_text_format,"fix (trim spaces, standardise case)"
19378,ATT007197,"arrival_time, departure_time",mixed_date_format,fix (parse into one timestamp format)
19379,ATT011642,presenting_complaint,inconsistent_text_format,"fix (trim spaces, standardise case)"
19380,ATT008796,disposition,inconsistent_text_format,"fix (trim spaces, standardise case)"
19383,ATT013636,presenting_complaint,inconsistent_text_format,"fix (trim spaces, standardise case)"
19383,ATT013636,disposition,inconsistent_text_format,"fix (trim spaces, standardise case)"
19383,ATT013636,"arrival_time, departure_time",mixed_date_format,fix (parse into one timestamp format)
19384,ATT015344,disposition,inconsistent_text_format,"fix (trim spaces, standardise case)"
19386,ATT007148,gp_practice_code,gp_code_lowercase,fix (upper-case)
19386,ATT007148,"arrival_time, departure_time",mixed_date_format,fix (parse into one timestamp format)
19387,ATT000828,presenting_complaint,inconsistent_text_format,"fix (trim spaces, standardise case)"
19389,ATT017369,disposition,inconsistent_text_format,"fix (trim spaces, standardise case)"
19390,ATT011474,disposition,inconsistent_text_format,"fix (trim spaces, standardise case)"
19392,ATT010381,presenting_complaint,inconsistent_text_format,"fix (trim spaces, standardise case)"
19392,ATT010381,disposition,inconsistent_text_format,"fix (trim spaces, standardise case)"
19394,ATT002444,"arrival_time, departure_time",mixed_date_format,fix (parse into one timestamp format)
19398,ATT013000,presenting_complaint,inconsistent_text_format,"fix (trim spaces, standardise case)"
19401,ATT001970,(entire row),duplicate_row,remove (keep first)
19403,ATT012299,gp_practice_code,gp_code_lowercase,fix (upper-case)
19404,ATT005780,departure_time,missing_departure_time,reject
19404,ATT005780,"arrival_time, departure_time",mixed_date_format,fix (parse into one timestamp format)
19411,ATT015771,pseudo_patient_id,missing_patient_id,reject
19422,ATT018250,"arrival_time, departure_time",mixed_date_format,fix (parse into one timestamp format)
19423,ATT013947,"arrival_time, departure_time",mixed_date_format,fix (parse into one timestamp format)
19424,ATT004613,triage_category,triage_decimal_format,fix (3.0 -> 3)
19426,ATT002244,presenting_complaint,inconsistent_text_format,"fix (trim spaces, standardise case)"
19426,ATT002244,"arrival_time, departure_time",mixed_date_format,fix (parse into one timestamp format)
19432,ATT010790,presenting_complaint,inconsistent_text_format,"fix (trim spaces, standardise case)"
19433,ATT018589,"arrival_time, departure_time",mixed_date_format,fix (parse into one timestamp format)
19437,ATT005409,disposition,inconsistent_text_format,"fix (trim spaces, standardise case)"
19438,ATT005789,disposition,inconsistent_text_format,"fix (trim spaces, standardise case)"
19443,ATT011303,"arrival_time, departure_time",mixed_date_format,fix (parse into one timestamp format)
19444,ATT004019,gp_practice_code,gp_code_lowercase,fix (upper-case)
19445,ATT003688,gp_practice_code,missing_gp_code,set to NULL and flag
19446,ATT018382,presenting_complaint,inconsistent_text_format,"fix (trim spaces, standardise case)"
19447,ATT012791,triage_category,invalid_triage_code,reject
19453,ATT018575,"arrival_time, departure_time",mixed_date_format,fix (parse into one timestamp format)
19454,ATT004671,presenting_complaint,inconsistent_text_format,"fix (trim spaces, standardise case)"
19454,ATT004671,disposition,missing_disposition,fill with 'Unknown'
19459,ATT006944,"arrival_time, departure_time",mixed_date_format,fix (parse into one timestamp format)
19460,ATT009511,(entire row),duplicate_row,remove (keep first)
19461,ATT010536,departure_time,extreme_length_of_stay,reject
19462,ATT018521,disposition,inconsistent_text_format,"fix (trim spaces, standardise case)"
19463,ATT017450,"arrival_time, departure_time",mixed_date_format,fix (parse into one timestamp format)
19464,ATT014061,"arrival_time, departure_time",mixed_date_format,fix (parse into one timestamp format)
19471,ATT008008,disposition,inconsistent_text_format,"fix (trim spaces, standardise case)"
19472,ATT005952,triage_category,triage_decimal_format,fix (3.0 -> 3)
19473,ATT011158,(entire row),duplicate_row,remove (keep first)
19474,ATT003392,disposition,inconsistent_text_format,"fix (trim spaces, standardise case)"
19474,ATT003392,"arrival_time, departure_time",mixed_date_format,fix (parse into one timestamp format)
19477,ATT008163,disposition,inconsistent_text_format,"fix (trim spaces, standardise case)"
19477,ATT008163,presenting_complaint,missing_presenting_complaint,fill with 'Unknown'
19481,ATT008568,presenting_complaint,inconsistent_text_format,"fix (trim spaces, standardise case)"
19483,ATT019638,presenting_complaint,inconsistent_text_format,"fix (trim spaces, standardise case)"
19484,ATT000236,departure_time,missing_departure_time,reject
19487,ATT007985,gp_practice_code,malformed_gp_code,set to NULL and flag
19489,ATT003491,gp_practice_code,missing_gp_code,set to NULL and flag
19499,ATT018445,presenting_complaint,inconsistent_text_format,"fix (trim spaces, standardise case)"
19501,ATT002220,"arrival_time, departure_time",mixed_date_format,fix (parse into one timestamp format)
19506,ATT014595,"arrival_time, departure_time",mixed_date_format,fix (parse into one timestamp format)
19511,ATT009766,disposition,inconsistent_text_format,"fix (trim spaces, standardise case)"
19514,ATT006234,disposition,inconsistent_text_format,"fix (trim spaces, standardise case)"
19514,ATT006234,gp_practice_code,missing_gp_code,set to NULL and flag
19515,ATT019710,disposition,inconsistent_text_format,"fix (trim spaces, standardise case)"
19516,ATT006284,triage_category,triage_decimal_format,fix (3.0 -> 3)
19518,ATT012820,presenting_complaint,inconsistent_text_format,"fix (trim spaces, standardise case)"
19522,ATT013747,triage_category,triage_decimal_format,fix (3.0 -> 3)
19540,ATT004325,disposition,inconsistent_text_format,"fix (trim spaces, standardise case)"
19541,ATT017448,presenting_complaint,inconsistent_text_format,"fix (trim spaces, standardise case)"
19542,ATT002591,presenting_complaint,inconsistent_text_format,"fix (trim spaces, standardise case)"
19542,ATT002591,"arrival_time, departure_time",mixed_date_format,fix (parse into one timestamp format)
19543,ATT013047,"arrival_time, departure_time",mixed_date_format,fix (parse into one timestamp format)
19545,ATT010590,presenting_complaint,missing_presenting_complaint,fill with 'Unknown'
19549,ATT001606,disposition,inconsistent_text_format,"fix (trim spaces, standardise case)"
19549,ATT001606,"arrival_time, departure_time",mixed_date_format,fix (parse into one timestamp format)
19550,ATT018118,departure_time,missing_departure_time,reject
19551,ATT019717,gp_practice_code,malformed_gp_code,set to NULL and flag
19552,ATT003813,(entire row),duplicate_row,remove (keep first)
19559,ATT019124,gp_practice_code,missing_gp_code,set to NULL and flag
19565,ATT007944,presenting_complaint,missing_presenting_complaint,fill with 'Unknown'
19565,ATT007944,"arrival_time, departure_time",mixed_date_format,fix (parse into one timestamp format)
19567,ATT014370,gp_practice_code,missing_gp_code,set to NULL and flag
19568,ATT006372,(entire row),duplicate_row,remove (keep first)
19569,ATT016617,"arrival_time, departure_time",mixed_date_format,fix (parse into one timestamp format)
19570,ATT008259,disposition,inconsistent_text_format,"fix (trim spaces, standardise case)"
19571,ATT007562,presenting_complaint,inconsistent_text_format,"fix (trim spaces, standardise case)"
19574,ATT011476,gp_practice_code,missing_gp_code,set to NULL and flag
19575,ATT003597,presenting_complaint,missing_presenting_complaint,fill with 'Unknown'
19576,ATT006289,disposition,inconsistent_text_format,"fix (trim spaces, standardise case)"
19576,ATT006289,"arrival_time, departure_time",mixed_date_format,fix (parse into one timestamp format)
19578,ATT015148,"arrival_time, departure_time",mixed_date_format,fix (parse into one timestamp format)
19580,ATT006230,gp_practice_code,gp_code_lowercase,fix (upper-case)
19581,ATT017681,departure_time,missing_departure_time,reject
19582,ATT018361,"arrival_time, departure_time",mixed_date_format,fix (parse into one timestamp format)
19586,ATT005751,presenting_complaint,inconsistent_text_format,"fix (trim spaces, standardise case)"
19589,ATT003087,presenting_complaint,inconsistent_text_format,"fix (trim spaces, standardise case)"
19593,ATT008173,gp_practice_code,missing_gp_code,set to NULL and flag
19601,ATT013624,disposition,inconsistent_text_format,"fix (trim spaces, standardise case)"
19602,ATT015035,gp_practice_code,malformed_gp_code,set to NULL and flag
19606,ATT015746,disposition,inconsistent_text_format,"fix (trim spaces, standardise case)"
19606,ATT015746,departure_time,missing_departure_time,reject
19606,ATT015746,"arrival_time, departure_time",mixed_date_format,fix (parse into one timestamp format)
19609,ATT008151,disposition,inconsistent_text_format,"fix (trim spaces, standardise case)"
19612,ATT000056,triage_category,invalid_triage_code,reject
19613,ATT017023,"arrival_time, departure_time",mixed_date_format,fix (parse into one timestamp format)
19618,ATT004433,disposition,missing_disposition,fill with 'Unknown'
19619,ATT019263,disposition,inconsistent_text_format,"fix (trim spaces, standardise case)"
19621,ATT010479,presenting_complaint,inconsistent_text_format,"fix (trim spaces, standardise case)"
19623,ATT005241,"arrival_time, departure_time",mixed_date_format,fix (parse into one timestamp format)
19628,ATT018978,presenting_complaint,inconsistent_text_format,"fix (trim spaces, standardise case)"
19629,ATT018778,"arrival_time, departure_time",mixed_date_format,fix (parse into one timestamp format)
19640,ATT004189,departure_time,departure_before_arrival,reject
19640,ATT004189,presenting_complaint,inconsistent_text_format,"fix (trim spaces, standardise case)"
19643,ATT018272,disposition,inconsistent_text_format,"fix (trim spaces, standardise case)"
19644,ATT008473,"arrival_time, departure_time",mixed_date_format,fix (parse into one timestamp format)
19649,ATT006239,presenting_complaint,missing_presenting_complaint,fill with 'Unknown'
19650,ATT015184,presenting_complaint,inconsistent_text_format,"fix (trim spaces, standardise case)"
19651,ATT007351,disposition,inconsistent_text_format,"fix (trim spaces, standardise case)"
19653,ATT006255,disposition,inconsistent_text_format,"fix (trim spaces, standardise case)"
19655,ATT012235,departure_time,departure_before_arrival,reject
19656,ATT012016,(entire row),duplicate_row,remove (keep first)
19657,ATT003819,presenting_complaint,inconsistent_text_format,"fix (trim spaces, standardise case)"
19658,ATT006270,gp_practice_code,missing_gp_code,set to NULL and flag
19661,ATT014389,triage_category,invalid_triage_code,reject
19663,ATT004165,presenting_complaint,missing_presenting_complaint,fill with 'Unknown'
19664,ATT019217,"arrival_time, departure_time",mixed_date_format,fix (parse into one timestamp format)
19665,ATT016522,triage_category,invalid_triage_code,reject
19672,ATT004638,gp_practice_code,gp_code_lowercase,fix (upper-case)
19672,ATT004638,presenting_complaint,inconsistent_text_format,"fix (trim spaces, standardise case)"
19672,ATT004638,disposition,inconsistent_text_format,"fix (trim spaces, standardise case)"
19673,ATT009551,presenting_complaint,inconsistent_text_format,"fix (trim spaces, standardise case)"
19675,ATT010210,gp_practice_code,gp_code_lowercase,fix (upper-case)
19676,ATT006942,"arrival_time, departure_time",mixed_date_format,fix (parse into one timestamp format)
19686,ATT001253,disposition,missing_disposition,fill with 'Unknown'
19688,ATT015255,disposition,inconsistent_text_format,"fix (trim spaces, standardise case)"
19693,ATT008428,gp_practice_code,gp_code_lowercase,fix (upper-case)
19693,ATT008428,presenting_complaint,inconsistent_text_format,"fix (trim spaces, standardise case)"
19693,ATT008428,"arrival_time, departure_time",mixed_date_format,fix (parse into one timestamp format)
19698,ATT010358,presenting_complaint,inconsistent_text_format,"fix (trim spaces, standardise case)"
19699,ATT016634,departure_time,departure_before_arrival,reject
19699,ATT016634,disposition,inconsistent_text_format,"fix (trim spaces, standardise case)"
19700,ATT014490,presenting_complaint,inconsistent_text_format,"fix (trim spaces, standardise case)"
19701,ATT007240,"arrival_time, departure_time",mixed_date_format,fix (parse into one timestamp format)
19702,ATT014431,departure_time,departure_before_arrival,reject
19704,ATT010016,"arrival_time, departure_time",mixed_date_format,fix (parse into one timestamp format)
19708,ATT017101,presenting_complaint,inconsistent_text_format,"fix (trim spaces, standardise case)"
19708,ATT017101,disposition,inconsistent_text_format,"fix (trim spaces, standardise case)"
19708,ATT017101,"arrival_time, departure_time",mixed_date_format,fix (parse into one timestamp format)
19709,ATT012339,disposition,inconsistent_text_format,"fix (trim spaces, standardise case)"
19709,ATT012339,gp_practice_code,malformed_gp_code,set to NULL and flag
19710,ATT002049,gp_practice_code,missing_gp_code,set to NULL and flag
19711,ATT005998,"arrival_time, departure_time",mixed_date_format,fix (parse into one timestamp format)
19716,ATT003637,"arrival_time, departure_time",mixed_date_format,fix (parse into one timestamp format)
19720,ATT009861,"arrival_time, departure_time",mixed_date_format,fix (parse into one timestamp format)
19722,ATT012764,disposition,inconsistent_text_format,"fix (trim spaces, standardise case)"
19724,ATT008176,"arrival_time, departure_time",mixed_date_format,fix (parse into one timestamp format)
19726,ATT000385,disposition,inconsistent_text_format,"fix (trim spaces, standardise case)"
19727,ATT008703,"arrival_time, departure_time",mixed_date_format,fix (parse into one timestamp format)
19731,ATT013773,"arrival_time, departure_time",mixed_date_format,fix (parse into one timestamp format)
19732,ATT006939,presenting_complaint,inconsistent_text_format,"fix (trim spaces, standardise case)"
19732,ATT006939,"arrival_time, departure_time",mixed_date_format,fix (parse into one timestamp format)
19735,ATT019860,disposition,inconsistent_text_format,"fix (trim spaces, standardise case)"
19738,ATT002194,"arrival_time, departure_time",mixed_date_format,fix (parse into one timestamp format)
19741,ATT019256,disposition,inconsistent_text_format,"fix (trim spaces, standardise case)"
19745,ATT004805,disposition,inconsistent_text_format,"fix (trim spaces, standardise case)"
19746,ATT016640,(entire row),duplicate_row,remove (keep first)
19748,ATT012678,"arrival_time, departure_time",mixed_date_format,fix (parse into one timestamp format)
19749,ATT019709,"arrival_time, departure_time",mixed_date_format,fix (parse into one timestamp format)
19750,ATT001582,presenting_complaint,missing_presenting_complaint,fill with 'Unknown'
19751,ATT017309,presenting_complaint,inconsistent_text_format,"fix (trim spaces, standardise case)"
19752,ATT002780,disposition,inconsistent_text_format,"fix (trim spaces, standardise case)"
19755,ATT007313,"arrival_time, departure_time",mixed_date_format,fix (parse into one timestamp format)
19759,ATT004965,triage_category,triage_decimal_format,fix (3.0 -> 3)
19760,ATT000540,departure_time,extreme_length_of_stay,reject
19765,ATT009338,"arrival_time, departure_time",mixed_date_format,fix (parse into one timestamp format)
19768,ATT010976,"arrival_time, departure_time",mixed_date_format,fix (parse into one timestamp format)
19769,ATT001354,arrival_time,missing_arrival_time,reject
19771,ATT007115,(entire row),duplicate_row,remove (keep first)
19771,ATT007115,presenting_complaint,inconsistent_text_format,"fix (trim spaces, standardise case)"
19771,ATT007115,"arrival_time, departure_time",mixed_date_format,fix (parse into one timestamp format)
19772,ATT008663,presenting_complaint,missing_presenting_complaint,fill with 'Unknown'
19772,ATT008663,"arrival_time, departure_time",mixed_date_format,fix (parse into one timestamp format)
19773,ATT019088,presenting_complaint,inconsistent_text_format,"fix (trim spaces, standardise case)"
19773,ATT019088,triage_category,invalid_triage_code,reject
19776,ATT011830,presenting_complaint,inconsistent_text_format,"fix (trim spaces, standardise case)"
19789,ATT015297,(entire row),duplicate_row,remove (keep first)
19792,ATT013429,presenting_complaint,inconsistent_text_format,"fix (trim spaces, standardise case)"
19792,ATT013429,departure_time,missing_departure_time,reject
19793,ATT005030,presenting_complaint,inconsistent_text_format,"fix (trim spaces, standardise case)"
19797,ATT001215,disposition,inconsistent_text_format,"fix (trim spaces, standardise case)"
19798,ATT000505,presenting_complaint,inconsistent_text_format,"fix (trim spaces, standardise case)"
19798,ATT000505,disposition,inconsistent_text_format,"fix (trim spaces, standardise case)"
19798,ATT000505,"arrival_time, departure_time",mixed_date_format,fix (parse into one timestamp format)
19799,ATT014684,(entire row),duplicate_row,remove (keep first)
19800,ATT010189,presenting_complaint,missing_presenting_complaint,fill with 'Unknown'
19802,ATT019457,"arrival_time, departure_time",mixed_date_format,fix (parse into one timestamp format)
19804,ATT009577,gp_practice_code,gp_code_lowercase,fix (upper-case)
19805,ATT013117,presenting_complaint,inconsistent_text_format,"fix (trim spaces, standardise case)"
19806,ATT003710,disposition,inconsistent_text_format,"fix (trim spaces, standardise case)"
19806,ATT003710,gp_practice_code,missing_gp_code,set to NULL and flag
19807,ATT019944,"arrival_time, departure_time",mixed_date_format,fix (parse into one timestamp format)
19814,ATT001811,"arrival_time, departure_time",mixed_date_format,fix (parse into one timestamp format)
19817,ATT004313,presenting_complaint,inconsistent_text_format,"fix (trim spaces, standardise case)"
19818,ATT007495,presenting_complaint,inconsistent_text_format,"fix (trim spaces, standardise case)"
19820,ATT019863,departure_time,departure_before_arrival,reject
19820,ATT019863,presenting_complaint,inconsistent_text_format,"fix (trim spaces, standardise case)"
19820,ATT019863,"arrival_time, departure_time",mixed_date_format,fix (parse into one timestamp format)
19824,ATT019066,disposition,inconsistent_text_format,"fix (trim spaces, standardise case)"
19826,ATT017576,"arrival_time, departure_time",mixed_date_format,fix (parse into one timestamp format)
19828,ATT001543,(entire row),duplicate_row,remove (keep first)
19833,ATT017338,presenting_complaint,missing_presenting_complaint,fill with 'Unknown'
19834,ATT015369,disposition,missing_disposition,fill with 'Unknown'
19839,ATT008925,pseudo_patient_id,missing_patient_id,reject
19842,ATT004730,presenting_complaint,inconsistent_text_format,"fix (trim spaces, standardise case)"
19842,ATT004730,"arrival_time, departure_time",mixed_date_format,fix (parse into one timestamp format)
19845,ATT001063,"arrival_time, departure_time",mixed_date_format,fix (parse into one timestamp format)
19847,ATT007652,"arrival_time, departure_time",mixed_date_format,fix (parse into one timestamp format)
19849,ATT004492,presenting_complaint,inconsistent_text_format,"fix (trim spaces, standardise case)"
19849,ATT004492,"arrival_time, departure_time",mixed_date_format,fix (parse into one timestamp format)
19851,ATT005487,presenting_complaint,inconsistent_text_format,"fix (trim spaces, standardise case)"
19851,ATT005487,"arrival_time, departure_time",mixed_date_format,fix (parse into one timestamp format)
19856,ATT004172,"arrival_time, departure_time",mixed_date_format,fix (parse into one timestamp format)
19857,ATT012554,(entire row),duplicate_row,remove (keep first)
19859,ATT013924,presenting_complaint,inconsistent_text_format,"fix (trim spaces, standardise case)"
19861,ATT007187,disposition,inconsistent_text_format,"fix (trim spaces, standardise case)"
19865,ATT014192,presenting_complaint,inconsistent_text_format,"fix (trim spaces, standardise case)"
19867,ATT014398,departure_time,departure_before_arrival,reject
19867,ATT014398,gp_practice_code,gp_code_lowercase,fix (upper-case)
19871,ATT014553,gp_practice_code,missing_gp_code,set to NULL and flag
19875,ATT012044,departure_time,departure_before_arrival,reject
19876,ATT007358,triage_category,invalid_triage_code,reject
19885,ATT002968,presenting_complaint,inconsistent_text_format,"fix (trim spaces, standardise case)"
19886,ATT018889,disposition,inconsistent_text_format,"fix (trim spaces, standardise case)"
19894,ATT005746,presenting_complaint,inconsistent_text_format,"fix (trim spaces, standardise case)"
19897,ATT008809,triage_category,invalid_triage_code,reject
19898,ATT000418,gp_practice_code,malformed_gp_code,set to NULL and flag
19900,ATT009818,presenting_complaint,inconsistent_text_format,"fix (trim spaces, standardise case)"
19901,ATT015306,gp_practice_code,missing_gp_code,set to NULL and flag
19908,ATT017451,presenting_complaint,inconsistent_text_format,"fix (trim spaces, standardise case)"
19910,ATT013480,disposition,inconsistent_text_format,"fix (trim spaces, standardise case)"
19911,ATT005537,triage_category,invalid_triage_code,reject
19914,ATT002739,"arrival_time, departure_time",mixed_date_format,fix (parse into one timestamp format)
19920,ATT018072,"arrival_time, departure_time",mixed_date_format,fix (parse into one timestamp format)
19922,ATT016348,presenting_complaint,inconsistent_text_format,"fix (trim spaces, standardise case)"
19924,ATT019224,"arrival_time, departure_time",mixed_date_format,fix (parse into one timestamp format)
19926,ATT016365,presenting_complaint,inconsistent_text_format,"fix (trim spaces, standardise case)"
19930,ATT002490,presenting_complaint,inconsistent_text_format,"fix (trim spaces, standardise case)"
19931,ATT011923,disposition,inconsistent_text_format,"fix (trim spaces, standardise case)"
19935,ATT005882,triage_category,triage_decimal_format,fix (3.0 -> 3)
19940,ATT013246,presenting_complaint,inconsistent_text_format,"fix (trim spaces, standardise case)"
19940,ATT013246,"arrival_time, departure_time",mixed_date_format,fix (parse into one timestamp format)
19941,ATT018526,disposition,missing_disposition,fill with 'Unknown'
19945,ATT019129,gp_practice_code,malformed_gp_code,set to NULL and flag
19947,ATT013285,disposition,inconsistent_text_format,"fix (trim spaces, standardise case)"
19948,ATT003507,presenting_complaint,inconsistent_text_format,"fix (trim spaces, standardise case)"
19951,ATT008131,presenting_complaint,inconsistent_text_format,"fix (trim spaces, standardise case)"
19954,ATT009663,departure_time,missing_departure_time,reject
19954,ATT009663,triage_category,triage_decimal_format,fix (3.0 -> 3)
19956,ATT003344,pseudo_patient_id,missing_patient_id,reject
19959,ATT012776,"arrival_time, departure_time",mixed_date_format,fix (parse into one timestamp format)
19966,ATT018049,"arrival_time, departure_time",mixed_date_format,fix (parse into one timestamp format)
19967,ATT009205,gp_practice_code,missing_gp_code,set to NULL and flag
19969,ATT001151,gp_practice_code,gp_code_lowercase,fix (upper-case)
19969,ATT001151,disposition,inconsistent_text_format,"fix (trim spaces, standardise case)"
19970,ATT019223,presenting_complaint,missing_presenting_complaint,fill with 'Unknown'
19971,ATT005950,"arrival_time, departure_time",mixed_date_format,fix (parse into one timestamp format)
19972,ATT008309,"arrival_time, departure_time",mixed_date_format,fix (parse into one timestamp format)
19975,ATT014099,"arrival_time, departure_time",mixed_date_format,fix (parse into one timestamp format)
19976,ATT017215,presenting_complaint,missing_presenting_complaint,fill with 'Unknown'
19977,ATT008312,disposition,inconsistent_text_format,"fix (trim spaces, standardise case)"
19977,ATT008312,"arrival_time, departure_time",mixed_date_format,fix (parse into one timestamp format)
19978,ATT002399,(entire row),duplicate_row,remove (keep first)
19979,ATT005800,(entire row),duplicate_row,remove (keep first)
19984,ATT007080,"arrival_time, departure_time",mixed_date_format,fix (parse into one timestamp format)
19984,ATT007080,triage_category,triage_decimal_format,fix (3.0 -> 3)
19985,ATT006967,"arrival_time, departure_time",mixed_date_format,fix (parse into one timestamp format)
19987,ATT004143,"arrival_time, departure_time",mixed_date_format,fix (parse into one timestamp format)
19992,ATT019509,gp_practice_code,missing_gp_code,set to NULL and flag
19993,ATT014600,presenting_complaint,missing_presenting_complaint,fill with 'Unknown'
19996,ATT015339,"arrival_time, departure_time",mixed_date_format,fix (parse into one timestamp format)
20001,ATT000854,presenting_complaint,inconsistent_text_format,"fix (trim spaces, standardise case)"
20001,ATT000854,"arrival_time, departure_time",mixed_date_format,fix (parse into one timestamp format)
20004,ATT013404,presenting_complaint,inconsistent_text_format,"fix (trim spaces, standardise case)"
20005,ATT010894,"arrival_time, departure_time",mixed_date_format,fix (parse into one timestamp format)
20007,ATT008174,(entire row),duplicate_row,remove (keep first)
20014,ATT008717,disposition,inconsistent_text_format,"fix (trim spaces, standardise case)"
20019,ATT019191,"arrival_time, departure_time",mixed_date_format,fix (parse into one timestamp format)
20021,ATT007207,pseudo_patient_id,missing_patient_id,reject
20025,ATT008097,triage_category,triage_decimal_format,fix (3.0 -> 3)
20030,ATT016539,"arrival_time, departure_time",mixed_date_format,fix (parse into one timestamp format)
20032,ATT018071,"arrival_time, departure_time",mixed_date_format,fix (parse into one timestamp format)
20033,ATT011094,presenting_complaint,inconsistent_text_format,"fix (trim spaces, standardise case)"
20034,ATT004015,"arrival_time, departure_time",mixed_date_format,fix (parse into one timestamp format)
20035,ATT007456,presenting_complaint,inconsistent_text_format,"fix (trim spaces, standardise case)"
20035,ATT007456,disposition,inconsistent_text_format,"fix (trim spaces, standardise case)"
20036,ATT012914,presenting_complaint,inconsistent_text_format,"fix (trim spaces, standardise case)"
20036,ATT012914,gp_practice_code,malformed_gp_code,set to NULL and flag
20039,ATT001896,"arrival_time, departure_time",mixed_date_format,fix (parse into one timestamp format)
20039,ATT001896,triage_category,triage_decimal_format,fix (3.0 -> 3)
20041,ATT000570,"arrival_time, departure_time",mixed_date_format,fix (parse into one timestamp format)
20044,ATT019712,disposition,missing_disposition,fill with 'Unknown'
20045,ATT011062,(entire row),duplicate_row,remove (keep first)
20046,ATT006103,departure_time,missing_departure_time,reject
20047,ATT002976,presenting_complaint,missing_presenting_complaint,fill with 'Unknown'
20049,ATT010493,presenting_complaint,inconsistent_text_format,"fix (trim spaces, standardise case)"
20052,ATT016804,(entire row),duplicate_row,remove (keep first)
20057,ATT018712,disposition,inconsistent_text_format,"fix (trim spaces, standardise case)"
20057,ATT018712,departure_time,missing_departure_time,reject
20057,ATT018712,"arrival_time, departure_time",mixed_date_format,fix (parse into one timestamp format)
20059,ATT014435,disposition,inconsistent_text_format,"fix (trim spaces, standardise case)"
20061,ATT003445,"arrival_time, departure_time",mixed_date_format,fix (parse into one timestamp format)
20064,ATT018590,presenting_complaint,inconsistent_text_format,"fix (trim spaces, standardise case)"
20065,ATT008209,presenting_complaint,inconsistent_text_format,"fix (trim spaces, standardise case)"
20072,ATT005601,arrival_time,missing_arrival_time,reject
20073,ATT009152,presenting_complaint,inconsistent_text_format,"fix (trim spaces, standardise case)"
20074,ATT007023,presenting_complaint,inconsistent_text_format,"fix (trim spaces, standardise case)"
20074,ATT007023,arrival_time,missing_arrival_time,reject
20074,ATT007023,"arrival_time, departure_time",mixed_date_format,fix (parse into one timestamp format)
20076,ATT016610,"arrival_time, departure_time",mixed_date_format,fix (parse into one timestamp format)
20077,ATT019739,presenting_complaint,inconsistent_text_format,"fix (trim spaces, standardise case)"
20077,ATT019739,disposition,inconsistent_text_format,"fix (trim spaces, standardise case)"
20080,ATT008755,"arrival_time, departure_time",mixed_date_format,fix (parse into one timestamp format)
20081,ATT003437,presenting_complaint,inconsistent_text_format,"fix (trim spaces, standardise case)"
20081,ATT003437,disposition,inconsistent_text_format,"fix (trim spaces, standardise case)"
20083,ATT014374,presenting_complaint,missing_presenting_complaint,fill with 'Unknown'
20083,ATT014374,"arrival_time, departure_time",mixed_date_format,fix (parse into one timestamp format)
20086,ATT017430,"arrival_time, departure_time",mixed_date_format,fix (parse into one timestamp format)
20087,ATT019831,presenting_complaint,missing_presenting_complaint,fill with 'Unknown'
20087,ATT019831,"arrival_time, departure_time",mixed_date_format,fix (parse into one timestamp format)
20090,ATT009147,departure_time,departure_before_arrival,reject
20092,ATT011297,gp_practice_code,missing_gp_code,set to NULL and flag
20093,ATT004736,presenting_complaint,inconsistent_text_format,"fix (trim spaces, standardise case)"
20093,ATT004736,"arrival_time, departure_time",mixed_date_format,fix (parse into one timestamp format)
20097,ATT005700,arrival_time,missing_arrival_time,reject
20104,ATT014173,disposition,inconsistent_text_format,"fix (trim spaces, standardise case)"
20109,ATT015587,triage_category,invalid_triage_code,reject
20111,ATT005540,disposition,inconsistent_text_format,"fix (trim spaces, standardise case)"
20114,ATT012184,(entire row),duplicate_row,remove (keep first)
20116,ATT004500,presenting_complaint,inconsistent_text_format,"fix (trim spaces, standardise case)"
20120,ATT009875,disposition,inconsistent_text_format,"fix (trim spaces, standardise case)"
20122,ATT007401,disposition,inconsistent_text_format,"fix (trim spaces, standardise case)"
20127,ATT005424,presenting_complaint,inconsistent_text_format,"fix (trim spaces, standardise case)"
20128,ATT002050,"arrival_time, departure_time",mixed_date_format,fix (parse into one timestamp format)
20130,ATT011836,"arrival_time, departure_time",mixed_date_format,fix (parse into one timestamp format)
20133,ATT014076,(entire row),duplicate_row,remove (keep first)
20135,ATT014487,departure_time,extreme_length_of_stay,reject
20139,ATT008156,gp_practice_code,gp_code_lowercase,fix (upper-case)
20142,ATT011112,disposition,inconsistent_text_format,"fix (trim spaces, standardise case)"
20143,ATT002386,(entire row),duplicate_row,remove (keep first)
20143,ATT002386,presenting_complaint,inconsistent_text_format,"fix (trim spaces, standardise case)"
20144,ATT005760,disposition,missing_disposition,fill with 'Unknown'
20145,ATT018344,"arrival_time, departure_time",mixed_date_format,fix (parse into one timestamp format)
20147,ATT008681,presenting_complaint,inconsistent_text_format,"fix (trim spaces, standardise case)"
20147,ATT008681,disposition,inconsistent_text_format,"fix (trim spaces, standardise case)"
20149,ATT001735,disposition,inconsistent_text_format,"fix (trim spaces, standardise case)"
20150,ATT002912,presenting_complaint,inconsistent_text_format,"fix (trim spaces, standardise case)"
20150,ATT002912,gp_practice_code,missing_gp_code,set to NULL and flag
20155,ATT014244,presenting_complaint,inconsistent_text_format,"fix (trim spaces, standardise case)"
20155,ATT014244,"arrival_time, departure_time",mixed_date_format,fix (parse into one timestamp format)
20156,ATT002812,presenting_complaint,inconsistent_text_format,"fix (trim spaces, standardise case)"
20156,ATT002812,gp_practice_code,missing_gp_code,set to NULL and flag
20156,ATT002812,"arrival_time, departure_time",mixed_date_format,fix (parse into one timestamp format)
20157,ATT017044,disposition,inconsistent_text_format,"fix (trim spaces, standardise case)"
20161,ATT009340,presenting_complaint,inconsistent_text_format,"fix (trim spaces, standardise case)"
20162,ATT015088,disposition,inconsistent_text_format,"fix (trim spaces, standardise case)"
20164,ATT001931,gp_practice_code,missing_gp_code,set to NULL and flag
20167,ATT019316,disposition,inconsistent_text_format,"fix (trim spaces, standardise case)"
20168,ATT008005,"arrival_time, departure_time",mixed_date_format,fix (parse into one timestamp format)
20170,ATT004390,"arrival_time, departure_time",mixed_date_format,fix (parse into one timestamp format)
20172,ATT011448,"arrival_time, departure_time",mixed_date_format,fix (parse into one timestamp format)
20173,ATT000203,gp_practice_code,missing_gp_code,set to NULL and flag
20174,ATT019895,"arrival_time, departure_time",mixed_date_format,fix (parse into one timestamp format)
20177,ATT018092,departure_time,missing_departure_time,reject
20179,ATT007393,presenting_complaint,inconsistent_text_format,"fix (trim spaces, standardise case)"
20180,ATT005856,"arrival_time, departure_time",mixed_date_format,fix (parse into one timestamp format)
20181,ATT000855,disposition,inconsistent_text_format,"fix (trim spaces, standardise case)"
20182,ATT013878,departure_time,missing_departure_time,reject
20185,ATT017083,"arrival_time, departure_time",mixed_date_format,fix (parse into one timestamp format)
20186,ATT013295,(entire row),duplicate_row,remove (keep first)
20188,ATT011650,gp_practice_code,missing_gp_code,set to NULL and flag
20189,ATT019966,"arrival_time, departure_time",mixed_date_format,fix (parse into one timestamp format)
20190,ATT017676,"arrival_time, departure_time",mixed_date_format,fix (parse into one timestamp format)
20191,ATT006586,"arrival_time, departure_time",mixed_date_format,fix (parse into one timestamp format)
20193,ATT018238,disposition,inconsistent_text_format,"fix (trim spaces, standardise case)"
20194,ATT010821,(entire row),duplicate_row,remove (keep first)
20194,ATT010821,presenting_complaint,inconsistent_text_format,"fix (trim spaces, standardise case)"
20195,ATT003305,"arrival_time, departure_time",mixed_date_format,fix (parse into one timestamp format)
20198,ATT001999,(entire row),duplicate_row,remove (keep first)
20198,ATT001999,"arrival_time, departure_time",mixed_date_format,fix (parse into one timestamp format)
20199,ATT000664,presenting_complaint,inconsistent_text_format,"fix (trim spaces, standardise case)"
20204,ATT009475,"arrival_time, departure_time",mixed_date_format,fix (parse into one timestamp format)
20207,ATT011495,(entire row),duplicate_row,remove (keep first)
20208,ATT015708,"arrival_time, departure_time",mixed_date_format,fix (parse into one timestamp format)
20212,ATT016158,presenting_complaint,inconsistent_text_format,"fix (trim spaces, standardise case)"
20216,ATT011253,presenting_complaint,inconsistent_text_format,"fix (trim spaces, standardise case)"
20216,ATT011253,"arrival_time, departure_time",mixed_date_format,fix (parse into one timestamp format)
20217,ATT016313,(entire row),duplicate_row,remove (keep first)
20217,ATT016313,presenting_complaint,inconsistent_text_format,"fix (trim spaces, standardise case)"
20218,ATT009790,"arrival_time, departure_time",mixed_date_format,fix (parse into one timestamp format)
20220,ATT010818,gp_practice_code,missing_gp_code,set to NULL and flag
20224,ATT001060,presenting_complaint,inconsistent_text_format,"fix (trim spaces, standardise case)"
20225,ATT019627,"arrival_time, departure_time",mixed_date_format,fix (parse into one timestamp format)
20231,ATT012384,"arrival_time, departure_time",mixed_date_format,fix (parse into one timestamp format)
20233,ATT019175,disposition,missing_disposition,fill with 'Unknown'
20233,ATT019175,"arrival_time, departure_time",mixed_date_format,fix (parse into one timestamp format)
20235,ATT015935,"arrival_time, departure_time",mixed_date_format,fix (parse into one timestamp format)
20237,ATT000207,presenting_complaint,inconsistent_text_format,"fix (trim spaces, standardise case)"
20240,ATT000503,"arrival_time, departure_time",mixed_date_format,fix (parse into one timestamp format)
20241,ATT017413,presenting_complaint,inconsistent_text_format,"fix (trim spaces, standardise case)"
20242,ATT015020,(entire row),duplicate_row,remove (keep first)
20242,ATT015020,"arrival_time, departure_time",mixed_date_format,fix (parse into one timestamp format)
20243,ATT013774,"arrival_time, departure_time",mixed_date_format,fix (parse into one timestamp format)
20245,ATT014949,presenting_complaint,missing_presenting_complaint,fill with 'Unknown'
20248,ATT010966,presenting_complaint,inconsistent_text_format,"fix (trim spaces, standardise case)"
20249,ATT019116,arrival_time,missing_arrival_time,reject
20250,ATT014040,(entire row),duplicate_row,remove (keep first)
20254,ATT015266,(entire row),duplicate_row,remove (keep first)
20255,ATT013068,disposition,inconsistent_text_format,"fix (trim spaces, standardise case)"
20269,ATT002569,presenting_complaint,missing_presenting_complaint,fill with 'Unknown'
20271,ATT016217,gp_practice_code,missing_gp_code,set to NULL and flag
20274,ATT005277,presenting_complaint,inconsistent_text_format,"fix (trim spaces, standardise case)"
20277,ATT006332,gp_practice_code,malformed_gp_code,set to NULL and flag
20277,ATT006332,"arrival_time, departure_time",mixed_date_format,fix (parse into one timestamp format)
20280,ATT017263,presenting_complaint,missing_presenting_complaint,fill with 'Unknown'
20282,ATT001017,"arrival_time, departure_time",mixed_date_format,fix (parse into one timestamp format)
20283,ATT007630,"arrival_time, departure_time",mixed_date_format,fix (parse into one timestamp format)
20284,ATT011535,presenting_complaint,inconsistent_text_format,"fix (trim spaces, standardise case)"
20285,ATT000996,"arrival_time, departure_time",mixed_date_format,fix (parse into one timestamp format)
20286,ATT004298,disposition,inconsistent_text_format,"fix (trim spaces, standardise case)"
20286,ATT004298,"arrival_time, departure_time",mixed_date_format,fix (parse into one timestamp format)
20288,ATT005676,disposition,inconsistent_text_format,"fix (trim spaces, standardise case)"
20290,ATT012991,"arrival_time, departure_time",mixed_date_format,fix (parse into one timestamp format)
20293,ATT003285,(entire row),duplicate_row,remove (keep first)
20294,ATT013418,"arrival_time, departure_time",mixed_date_format,fix (parse into one timestamp format)
20296,ATT011654,presenting_complaint,inconsistent_text_format,"fix (trim spaces, standardise case)"
20299,ATT003944,"arrival_time, departure_time",mixed_date_format,fix (parse into one timestamp format)
20304,ATT012207,gp_practice_code,gp_code_lowercase,fix (upper-case)
20305,ATT017160,presenting_complaint,inconsistent_text_format,"fix (trim spaces, standardise case)"
20308,ATT011017,"arrival_time, departure_time",mixed_date_format,fix (parse into one timestamp format)
20309,ATT010234,disposition,inconsistent_text_format,"fix (trim spaces, standardise case)"
20310,ATT008434,"arrival_time, departure_time",mixed_date_format,fix (parse into one timestamp format)
20313,ATT008793,gp_practice_code,missing_gp_code,set to NULL and flag
20313,ATT008793,"arrival_time, departure_time",mixed_date_format,fix (parse into one timestamp format)
20314,ATT010628,"arrival_time, departure_time",mixed_date_format,fix (parse into one timestamp format)
20317,ATT003891,presenting_complaint,inconsistent_text_format,"fix (trim spaces, standardise case)"
20319,ATT011395,"arrival_time, departure_time",mixed_date_format,fix (parse into one timestamp format)
20321,ATT001268,gp_practice_code,missing_gp_code,set to NULL and flag
20324,ATT019119,"arrival_time, departure_time",mixed_date_format,fix (parse into one timestamp format)
20327,ATT018432,"arrival_time, departure_time",mixed_date_format,fix (parse into one timestamp format)
20328,ATT018943,disposition,inconsistent_text_format,"fix (trim spaces, standardise case)"
20329,ATT008667,disposition,missing_disposition,fill with 'Unknown'
20329,ATT008667,"arrival_time, departure_time",mixed_date_format,fix (parse into one timestamp format)
20330,ATT006397,"arrival_time, departure_time",mixed_date_format,fix (parse into one timestamp format)
20331,ATT019770,presenting_complaint,inconsistent_text_format,"fix (trim spaces, standardise case)"
20332,ATT017569,presenting_complaint,inconsistent_text_format,"fix (trim spaces, standardise case)"
20333,ATT006421,presenting_complaint,inconsistent_text_format,"fix (trim spaces, standardise case)"
20334,ATT005052,presenting_complaint,inconsistent_text_format,"fix (trim spaces, standardise case)"
20334,ATT005052,disposition,inconsistent_text_format,"fix (trim spaces, standardise case)"
20334,ATT005052,gp_practice_code,malformed_gp_code,set to NULL and flag
20334,ATT005052,triage_category,triage_decimal_format,fix (3.0 -> 3)
20336,ATT002434,"arrival_time, departure_time",mixed_date_format,fix (parse into one timestamp format)
20340,ATT016024,disposition,inconsistent_text_format,"fix (trim spaces, standardise case)"
20347,ATT011965,triage_category,triage_decimal_format,fix (3.0 -> 3)
20348,ATT005391,presenting_complaint,inconsistent_text_format,"fix (trim spaces, standardise case)"
